<?xml version="1.0" encoding="UTF-8" standalone="yes"?>
<JPK xmlns="http://crd.gov.pl/wzor/2021/12/27/11148/" xmlns:ns2="http://crd.gov.pl/xml/schematy/dziedzinowe/mf/2021/06/08/eD/DefinicjeTypy/" xmlns:ns3="http://crd.gov.pl/wzor/2021/12/27/11149/">
    <Naglowek>
        <KodFormularza kodSystemowy="JPK_V7M (2)" wersjaSchemy="1-0E">JPK_VAT</KodFormularza>
        <WariantFormularza>2</WariantFormularza>
        <DataWytworzeniaJPK>2024-04-12T09:10:02.251Z</DataWytworzeniaJPK>
        <NazwaSystemu>Taxman</NazwaSystemu>
        <CelZlozenia poz="P_7">1</CelZlozenia>
        <KodUrzedu>3215</KodUrzedu>
        <Rok>2024</Rok>
        <Miesiac>3</Miesiac>
    </Naglowek>
    <Podmiot1 rola="Podatnik">
        <OsobaNiefizyczna>
            <NIP>8510309841</NIP>
            <PelnaNazwa>STĘPOL SPÓŁKA CYWILNA</PelnaNazwa>
            <Email>b.matczak@taxman.biz.pl</Email>
            <Telefon>502262432</Telefon>
        </OsobaNiefizyczna>
    </Podmiot1>
    <Deklaracja>
        <Naglowek>
            <KodFormularzaDekl kodSystemowy="VAT-7 (22)" kodPodatku="VAT" rodzajZobowiazania="Z" wersjaSchemy="1-0E">VAT-7</KodFormularzaDekl>
            <WariantFormularzaDekl>22</WariantFormularzaDekl>
        </Naglowek>
        <PozycjeSzczegolowe>
            <P_17>102955</P_17>
            <P_18>8236</P_18>
            <P_19>14510</P_19>
            <P_20>3337</P_20>
            <P_35>0</P_35>
            <P_37>117465</P_37>
            <P_38>11573</P_38>
            <P_39>0</P_39>
            <P_40>0</P_40>
            <P_41>0</P_41>
            <P_42>39372</P_42>
            <P_43>7308</P_43>
            <P_48>7308</P_48>
            <P_49>0</P_49>
            <P_51>4265</P_51>
            <P_52>0</P_52>
            <P_53>0</P_53>
            <P_62>0</P_62>
        </PozycjeSzczegolowe>
        <Pouczenia>1</Pouczenia>
    </Deklaracja>
    <Ewidencja>
        <SprzedazWiersz>
            <LpSprzedazy>1</LpSprzedazy>
            <KodKrajuNadaniaTIN>PL</KodKrajuNadaniaTIN>
            <NrKontrahenta>0000012675</NrKontrahenta>
            <NazwaKontrahenta>Niedzwiecki Józef </NazwaKontrahenta>
            <DowodSprzedazy>54/2024</DowodSprzedazy>
            <DataWystawienia>2024-03-06</DataWystawienia>
            <DataSprzedazy>2024-03-06</DataSprzedazy>
            <K_17>462.96</K_17>
            <K_18>37.04</K_18>
        </SprzedazWiersz>
        <SprzedazWiersz>
            <LpSprzedazy>2</LpSprzedazy>
            <KodKrajuNadaniaTIN>PL</KodKrajuNadaniaTIN>
            <NrKontrahenta>8513189886</NrKontrahenta>
            <NazwaKontrahenta>KRYSTIAN sp. z o.o. sp.k.</NazwaKontrahenta>
            <DowodSprzedazy>55/2024</DowodSprzedazy>
            <DataWystawienia>2024-03-06</DataWystawienia>
            <DataSprzedazy>2024-03-06</DataSprzedazy>
            <K_17>280.00</K_17>
            <K_18>22.4</K_18>
        </SprzedazWiersz>
        <SprzedazWiersz>
            <LpSprzedazy>3</LpSprzedazy>
            <KodKrajuNadaniaTIN>PL</KodKrajuNadaniaTIN>
            <NrKontrahenta>0000000875</NrKontrahenta>
            <NazwaKontrahenta>Opala Karolina </NazwaKontrahenta>
            <DowodSprzedazy>56/2024</DowodSprzedazy>
            <DataWystawienia>2024-03-06</DataWystawienia>
            <DataSprzedazy>2024-03-06</DataSprzedazy>
            <K_17>231.48</K_17>
            <K_18>18.52</K_18>
        </SprzedazWiersz>
        <SprzedazWiersz>
            <LpSprzedazy>4</LpSprzedazy>
            <KodKrajuNadaniaTIN>PL</KodKrajuNadaniaTIN>
            <NrKontrahenta>8511000695</NrKontrahenta>
            <NazwaKontrahenta>GMINA POLICE</NazwaKontrahenta>
            <DowodSprzedazy>57/2024</DowodSprzedazy>
            <DataWystawienia>2024-03-06</DataWystawienia>
            <DataSprzedazy>2024-03-06</DataSprzedazy>
            <K_17>350.00</K_17>
            <K_18>28.0</K_18>
        </SprzedazWiersz>
        <SprzedazWiersz>
            <LpSprzedazy>5</LpSprzedazy>
            <KodKrajuNadaniaTIN>PL</KodKrajuNadaniaTIN>
            <NrKontrahenta>8513236516</NrKontrahenta>
            <NazwaKontrahenta>E. BANACH SPÓŁKA KOMANDYTOWA</NazwaKontrahenta>
            <DowodSprzedazy>58/2024</DowodSprzedazy>
            <DataWystawienia>2024-03-08</DataWystawienia>
            <DataSprzedazy>2024-03-08</DataSprzedazy>
            <K_17>300.00</K_17>
            <K_18>24.0</K_18>
        </SprzedazWiersz>
        <SprzedazWiersz>
            <LpSprzedazy>6</LpSprzedazy>
            <KodKrajuNadaniaTIN>PL</KodKrajuNadaniaTIN>
            <NrKontrahenta>0000002718</NrKontrahenta>
            <NazwaKontrahenta>Sowa Jerzy </NazwaKontrahenta>
            <DowodSprzedazy>59/2024</DowodSprzedazy>
            <DataWystawienia>2024-03-08</DataWystawienia>
            <DataSprzedazy>2024-03-08</DataSprzedazy>
            <K_17>231.48</K_17>
            <K_18>18.52</K_18>
        </SprzedazWiersz>
        <SprzedazWiersz>
            <LpSprzedazy>7</LpSprzedazy>
            <KodKrajuNadaniaTIN>PL</KodKrajuNadaniaTIN>
            <NrKontrahenta>8512531495</NrKontrahenta>
            <NazwaKontrahenta>ALICANTE Tomasz Jakóbiak</NazwaKontrahenta>
            <DowodSprzedazy>60/2024</DowodSprzedazy>
            <DataWystawienia>2024-03-11</DataWystawienia>
            <DataSprzedazy>2024-03-11</DataSprzedazy>
            <K_17>500.00</K_17>
            <K_18>40.0</K_18>
        </SprzedazWiersz>
        <SprzedazWiersz>
            <LpSprzedazy>8</LpSprzedazy>
            <KodKrajuNadaniaTIN>PL</KodKrajuNadaniaTIN>
            <NrKontrahenta>8513196372</NrKontrahenta>
            <NazwaKontrahenta>QUADRIGA RUSZTOWANIA SZCZECIN sp. z o.o.</NazwaKontrahenta>
            <DowodSprzedazy>61/2024</DowodSprzedazy>
            <DataWystawienia>2024-03-11</DataWystawienia>
            <DataSprzedazy>2024-03-11</DataSprzedazy>
            <K_19>510.00</K_19>
            <K_20>117.3</K_20>
        </SprzedazWiersz>
        <SprzedazWiersz>
            <LpSprzedazy>9</LpSprzedazy>
            <KodKrajuNadaniaTIN>PL</KodKrajuNadaniaTIN>
            <NrKontrahenta>8512740158</NrKontrahenta>
            <NazwaKontrahenta>Megalux Sp. z o.o.</NazwaKontrahenta>
            <DowodSprzedazy>62/2024</DowodSprzedazy>
            <DataWystawienia>2024-03-25</DataWystawienia>
            <DataSprzedazy>2024-03-25</DataSprzedazy>
            <K_17>240.00</K_17>
            <K_18>19.2</K_18>
        </SprzedazWiersz>
        <SprzedazWiersz>
            <LpSprzedazy>10</LpSprzedazy>
            <KodKrajuNadaniaTIN>PL</KodKrajuNadaniaTIN>
            <NrKontrahenta>0000002899</NrKontrahenta>
            <NazwaKontrahenta>Papajewski Sławomir </NazwaKontrahenta>
            <DowodSprzedazy>63/2024</DowodSprzedazy>
            <DataWystawienia>2024-03-25</DataWystawienia>
            <DataSprzedazy>2024-03-25</DataSprzedazy>
            <K_17>700.00</K_17>
            <K_18>56.0</K_18>
        </SprzedazWiersz>
        <SprzedazWiersz>
            <LpSprzedazy>11</LpSprzedazy>
            <KodKrajuNadaniaTIN>PL</KodKrajuNadaniaTIN>
            <NrKontrahenta>0000012677</NrKontrahenta>
            <NazwaKontrahenta>Dąbkowski Bogdan </NazwaKontrahenta>
            <DowodSprzedazy>64/2024</DowodSprzedazy>
            <DataWystawienia>2024-03-25</DataWystawienia>
            <DataSprzedazy>2024-03-25</DataSprzedazy>
            <K_17>648.15</K_17>
            <K_18>51.85</K_18>
        </SprzedazWiersz>
        <SprzedazWiersz>
            <LpSprzedazy>12</LpSprzedazy>
            <KodKrajuNadaniaTIN>PL</KodKrajuNadaniaTIN>
            <NrKontrahenta>8511988867</NrKontrahenta>
            <NazwaKontrahenta>MEGTRA ROBERT GRAB</NazwaKontrahenta>
            <DowodSprzedazy>65/2024</DowodSprzedazy>
            <DataWystawienia>2024-03-25</DataWystawienia>
            <DataSprzedazy>2024-03-25</DataSprzedazy>
            <K_17>307.50</K_17>
            <K_18>24.6</K_18>
        </SprzedazWiersz>
        <SprzedazWiersz>
            <LpSprzedazy>13</LpSprzedazy>
            <KodKrajuNadaniaTIN>PL</KodKrajuNadaniaTIN>
            <NrKontrahenta>8513182068</NrKontrahenta>
            <NazwaKontrahenta>SMART HOUSE sp. z o.o.</NazwaKontrahenta>
            <DowodSprzedazy>66/2024</DowodSprzedazy>
            <DataWystawienia>2024-03-25</DataWystawienia>
            <DataSprzedazy>2024-03-25</DataSprzedazy>
            <K_19>1190.00</K_19>
            <K_20>273.7</K_20>
        </SprzedazWiersz>
        <SprzedazWiersz>
            <LpSprzedazy>14</LpSprzedazy>
            <KodKrajuNadaniaTIN>PL</KodKrajuNadaniaTIN>
            <NrKontrahenta>9552215571</NrKontrahenta>
            <NazwaKontrahenta>DYNPAP Sp. z o.o.</NazwaKontrahenta>
            <DowodSprzedazy>67/2024</DowodSprzedazy>
            <DataWystawienia>2024-03-25</DataWystawienia>
            <DataSprzedazy>2024-03-25</DataSprzedazy>
            <K_19>3120.00</K_19>
            <K_20>717.6</K_20>
        </SprzedazWiersz>
        <SprzedazWiersz>
            <LpSprzedazy>15</LpSprzedazy>
            <KodKrajuNadaniaTIN>PL</KodKrajuNadaniaTIN>
            <NrKontrahenta>0000002626</NrKontrahenta>
            <NazwaKontrahenta>Siemaszko Marian</NazwaKontrahenta>
            <DowodSprzedazy>68/2024</DowodSprzedazy>
            <DataWystawienia>2024-03-25</DataWystawienia>
            <DataSprzedazy>2024-03-25</DataSprzedazy>
            <K_17>277.78</K_17>
            <K_18>22.22</K_18>
        </SprzedazWiersz>
        <SprzedazWiersz>
            <LpSprzedazy>16</LpSprzedazy>
            <KodKrajuNadaniaTIN>PL</KodKrajuNadaniaTIN>
            <NrKontrahenta>0000001537</NrKontrahenta>
            <NazwaKontrahenta>Guzdzioł Lesław</NazwaKontrahenta>
            <DowodSprzedazy>69/2024</DowodSprzedazy>
            <DataWystawienia>2024-03-25</DataWystawienia>
            <DataSprzedazy>2024-03-25</DataSprzedazy>
            <K_17>300.00</K_17>
            <K_18>24.0</K_18>
        </SprzedazWiersz>
        <SprzedazWiersz>
            <LpSprzedazy>17</LpSprzedazy>
            <KodKrajuNadaniaTIN>PL</KodKrajuNadaniaTIN>
            <NrKontrahenta>0000001537</NrKontrahenta>
            <NazwaKontrahenta>Guzdzioł Lesław</NazwaKontrahenta>
            <DowodSprzedazy>70/2024</DowodSprzedazy>
            <DataWystawienia>2024-03-25</DataWystawienia>
            <DataSprzedazy>2024-03-25</DataSprzedazy>
            <K_17>7288.00</K_17>
            <K_18>583.04</K_18>
        </SprzedazWiersz>
        <SprzedazWiersz>
            <LpSprzedazy>18</LpSprzedazy>
            <KodKrajuNadaniaTIN>PL</KodKrajuNadaniaTIN>
            <NrKontrahenta>0000010992</NrKontrahenta>
            <NazwaKontrahenta>Podgórki Jarosław </NazwaKontrahenta>
            <DowodSprzedazy>71/2024</DowodSprzedazy>
            <DataWystawienia>2024-03-28</DataWystawienia>
            <DataSprzedazy>2024-03-28</DataSprzedazy>
            <K_17>601.85</K_17>
            <K_18>48.15</K_18>
        </SprzedazWiersz>
        <SprzedazWiersz>
            <LpSprzedazy>19</LpSprzedazy>
            <KodKrajuNadaniaTIN>PL</KodKrajuNadaniaTIN>
            <NrKontrahenta>000557733</NrKontrahenta>
            <NazwaKontrahenta>Ewa Lenard-Hładki </NazwaKontrahenta>
            <DowodSprzedazy>72/2024</DowodSprzedazy>
            <DataWystawienia>2024-03-28</DataWystawienia>
            <DataSprzedazy>2024-03-28</DataSprzedazy>
            <K_17>270.00</K_17>
            <K_18>21.6</K_18>
        </SprzedazWiersz>
        <SprzedazWiersz>
            <LpSprzedazy>20</LpSprzedazy>
            <KodKrajuNadaniaTIN>PL</KodKrajuNadaniaTIN>
            <NrKontrahenta>0000003157</NrKontrahenta>
            <NazwaKontrahenta>Władysław Chybowski</NazwaKontrahenta>
            <DowodSprzedazy>73/2024</DowodSprzedazy>
            <DataWystawienia>2024-03-28</DataWystawienia>
            <DataSprzedazy>2024-03-28</DataSprzedazy>
            <K_17>300.00</K_17>
            <K_18>24.0</K_18>
        </SprzedazWiersz>
        <SprzedazWiersz>
            <LpSprzedazy>21</LpSprzedazy>
            <KodKrajuNadaniaTIN>PL</KodKrajuNadaniaTIN>
            <NrKontrahenta>8511018695</NrKontrahenta>
            <NazwaKontrahenta>NIROFORM ZAKŁAD ŚLUSARSKI GRZEGORZ GZRSZTKA</NazwaKontrahenta>
            <DowodSprzedazy>74/2024</DowodSprzedazy>
            <DataWystawienia>2024-03-28</DataWystawienia>
            <DataSprzedazy>2024-03-28</DataSprzedazy>
            <K_17>700.00</K_17>
            <K_18>56.0</K_18>
        </SprzedazWiersz>
        <SprzedazWiersz>
            <LpSprzedazy>22</LpSprzedazy>
            <KodKrajuNadaniaTIN>PL</KodKrajuNadaniaTIN>
            <NrKontrahenta>0000012678</NrKontrahenta>
            <NazwaKontrahenta>Barbara Bitenc</NazwaKontrahenta>
            <DowodSprzedazy>75/2024</DowodSprzedazy>
            <DataWystawienia>2024-03-28</DataWystawienia>
            <DataSprzedazy>2024-03-28</DataSprzedazy>
            <K_17>203.70</K_17>
            <K_18>16.3</K_18>
        </SprzedazWiersz>
        <SprzedazWiersz>
            <LpSprzedazy>23</LpSprzedazy>
            <KodKrajuNadaniaTIN>PL</KodKrajuNadaniaTIN>
            <NrKontrahenta>8513212846</NrKontrahenta>
            <NazwaKontrahenta>ZAKŁAD WODOCIĄGÓW I KANALIZACJI POLICE sp. z o.o.</NazwaKontrahenta>
            <DowodSprzedazy>76/2024</DowodSprzedazy>
            <DataWystawienia>2024-03-28</DataWystawienia>
            <DataSprzedazy>2024-03-28</DataSprzedazy>
            <K_19>560.00</K_19>
            <K_20>128.8</K_20>
        </SprzedazWiersz>
        <SprzedazWiersz>
            <LpSprzedazy>24</LpSprzedazy>
            <KodKrajuNadaniaTIN>PL</KodKrajuNadaniaTIN>
            <NrKontrahenta>8510104814</NrKontrahenta>
            <NazwaKontrahenta>ZAKŁAD OGÓLNOBUDOWLANY JAROSŁAW MUSZYŃSKI</NazwaKontrahenta>
            <DowodSprzedazy>77/2024</DowodSprzedazy>
            <DataWystawienia>2024-03-28</DataWystawienia>
            <DataSprzedazy>2024-03-28</DataSprzedazy>
            <K_19>1600.00</K_19>
            <K_20>368.0</K_20>
        </SprzedazWiersz>
        <SprzedazWiersz>
            <LpSprzedazy>25</LpSprzedazy>
            <KodKrajuNadaniaTIN>PL</KodKrajuNadaniaTIN>
            <NrKontrahenta>8510103418</NrKontrahenta>
            <NazwaKontrahenta>EKOBUD</NazwaKontrahenta>
            <DowodSprzedazy>78/2024</DowodSprzedazy>
            <DataWystawienia>2024-03-28</DataWystawienia>
            <DataSprzedazy>2024-03-28</DataSprzedazy>
            <K_19>1920.00</K_19>
            <K_20>441.6</K_20>
        </SprzedazWiersz>
        <SprzedazWiersz>
            <LpSprzedazy>26</LpSprzedazy>
            <KodKrajuNadaniaTIN>PL</KodKrajuNadaniaTIN>
            <NrKontrahenta>8512995266</NrKontrahenta>
            <NazwaKontrahenta>HOTEL DOBOSZ JUSTYNA DOBOSZ</NazwaKontrahenta>
            <DowodSprzedazy>79/2024</DowodSprzedazy>
            <DataWystawienia>2024-03-28</DataWystawienia>
            <DataSprzedazy>2024-03-28</DataSprzedazy>
            <K_19>1785.00</K_19>
            <K_20>410.55</K_20>
        </SprzedazWiersz>
        <SprzedazWiersz>
            <LpSprzedazy>27</LpSprzedazy>
            <KodKrajuNadaniaTIN>PL</KodKrajuNadaniaTIN>
            <NrKontrahenta>8513291538</NrKontrahenta>
            <NazwaKontrahenta>DEVPORT sp. z o.o.</NazwaKontrahenta>
            <DowodSprzedazy>80/2024</DowodSprzedazy>
            <DataWystawienia>2024-03-28</DataWystawienia>
            <DataSprzedazy>2024-03-28</DataSprzedazy>
            <K_19>1530.00</K_19>
            <K_20>351.9</K_20>
        </SprzedazWiersz>
        <SprzedazWiersz>
            <LpSprzedazy>28</LpSprzedazy>
            <KodKrajuNadaniaTIN>PL</KodKrajuNadaniaTIN>
            <NrKontrahenta>8513301219</NrKontrahenta>
            <NazwaKontrahenta>M&amp;amp;R ROŻYŃSCY GROUP sp. z o.o.</NazwaKontrahenta>
            <DowodSprzedazy>81/2024</DowodSprzedazy>
            <DataWystawienia>2024-03-28</DataWystawienia>
            <DataSprzedazy>2024-03-28</DataSprzedazy>
            <K_19>2295.00</K_19>
            <K_20>527.85</K_20>
        </SprzedazWiersz>
        <SprzedazWiersz>
            <LpSprzedazy>29</LpSprzedazy>
            <KodKrajuNadaniaTIN>PL</KodKrajuNadaniaTIN>
            <NrKontrahenta>0000004105</NrKontrahenta>
            <NazwaKontrahenta>Kąkol Marcin</NazwaKontrahenta>
            <DowodSprzedazy>82/2024</DowodSprzedazy>
            <DataWystawienia>2024-03-28</DataWystawienia>
            <DataSprzedazy>2024-03-28</DataSprzedazy>
            <K_17>462.96</K_17>
            <K_18>37.04</K_18>
        </SprzedazWiersz>
        <SprzedazWiersz>
            <LpSprzedazy>30</LpSprzedazy>
            <KodKrajuNadaniaTIN>PL</KodKrajuNadaniaTIN>
            <NrKontrahenta>8510109326</NrKontrahenta>
            <NazwaKontrahenta>MESSER POLSKA sp. z o.o.</NazwaKontrahenta>
            <DowodSprzedazy>83/2024</DowodSprzedazy>
            <DataWystawienia>2024-03-29</DataWystawienia>
            <DataSprzedazy>2024-03-29</DataSprzedazy>
            <K_17>42000.00</K_17>
            <K_18>3360.0</K_18>
        </SprzedazWiersz>
        <SprzedazWiersz>
            <LpSprzedazy>31</LpSprzedazy>
            <KodKrajuNadaniaTIN>PL</KodKrajuNadaniaTIN>
            <NrKontrahenta>8510108249</NrKontrahenta>
            <NazwaKontrahenta>KEMIPOL Sp. z o.o.</NazwaKontrahenta>
            <DowodSprzedazy>84/2024</DowodSprzedazy>
            <DataWystawienia>2024-03-29</DataWystawienia>
            <DataSprzedazy>2024-03-29</DataSprzedazy>
            <K_17>45999.00</K_17>
            <K_18>3679.92</K_18>
        </SprzedazWiersz>
        <SprzedazWiersz>
            <LpSprzedazy>32</LpSprzedazy>
            <KodKrajuNadaniaTIN>PL</KodKrajuNadaniaTIN>
            <NrKontrahenta>8521387810</NrKontrahenta>
            <NazwaKontrahenta>In Touch Tech Chyliński Sławomir </NazwaKontrahenta>
            <DowodSprzedazy>85/2024</DowodSprzedazy>
            <DataWystawienia>2024-03-29</DataWystawienia>
            <DataSprzedazy>2024-03-29</DataSprzedazy>
            <K_17>300.00</K_17>
            <K_18>24.0</K_18>
        </SprzedazWiersz>
        <SprzedazCtrl>
            <LiczbaWierszySprzedazy>32</LiczbaWierszySprzedazy>
            <PodatekNalezny>11573.70</PodatekNalezny>
        </SprzedazCtrl>
        <ZakupWiersz>
            <LpZakupu>1</LpZakupu>
            <KodKrajuNadaniaTIN>PL</KodKrajuNadaniaTIN>
            <NrDostawcy>8513199198</NrDostawcy>
            <NazwaDostawcy>PHU JAR-POL Adrian Rogaczewski</NazwaDostawcy>
            <DowodZakupu>1/FA/2024/00452</DowodZakupu>
            <DataZakupu>2024-02-29</DataZakupu>
            <DataWplywu>2024-02-29</DataWplywu>
            <K_42>925.78</K_42>
            <K_43>212.93</K_43>
        </ZakupWiersz>
        <ZakupWiersz>
            <LpZakupu>2</LpZakupu>
            <KodKrajuNadaniaTIN>PL</KodKrajuNadaniaTIN>
            <NrDostawcy>8512624854</NrDostawcy>
            <NazwaDostawcy>Zakład Wodociągów i Kanalizacji Sp. z o.o.</NazwaDostawcy>
            <DowodZakupu>047819/2024</DowodZakupu>
            <DataZakupu>2024-02-29</DataZakupu>
            <DataWplywu>2024-02-29</DataWplywu>
            <K_42>764.73</K_42>
            <K_43>61.18</K_43>
        </ZakupWiersz>
        <ZakupWiersz>
            <LpZakupu>3</LpZakupu>
            <KodKrajuNadaniaTIN>PL</KodKrajuNadaniaTIN>
            <NrDostawcy>7790001083</NrDostawcy>
            <NazwaDostawcy>CIRCLE K POLSKA sp. z o.o.</NazwaDostawcy>
            <DowodZakupu>707031450</DowodZakupu>
            <DataZakupu>2024-02-29</DataZakupu>
            <DataWplywu>2024-02-29</DataWplywu>
            <K_42>5286.90</K_42>
            <K_43>607.99</K_43>
        </ZakupWiersz>
        <ZakupWiersz>
            <LpZakupu>4</LpZakupu>
            <KodKrajuNadaniaTIN>PL</KodKrajuNadaniaTIN>
            <NrDostawcy>6342374592</NrDostawcy>
            <NazwaDostawcy>SOLID GROUP sp. z o.o. sp.k.</NazwaDostawcy>
            <DowodZakupu>2024/03/147861/SP/2</DowodZakupu>
            <DataZakupu>2024-03-01</DataZakupu>
            <DataWplywu>2024-03-01</DataWplywu>
            <K_42>81.81</K_42>
            <K_43>18.82</K_43>
        </ZakupWiersz>
        <ZakupWiersz>
            <LpZakupu>5</LpZakupu>
            <KodKrajuNadaniaTIN>PL</KodKrajuNadaniaTIN>
            <NrDostawcy>8510307486</NrDostawcy>
            <NazwaDostawcy>PRZEDSIĘBIORSTWO UŻYTECZNOŚCI PUBLICZNEJ TRANS-NET S.A.</NazwaDostawcy>
            <DowodZakupu>014/SKP/F/03/2024</DowodZakupu>
            <DataZakupu>2024-03-05</DataZakupu>
            <DataWplywu>2024-03-05</DataWplywu>
            <K_42>143.09</K_42>
            <K_43>32.91</K_43>
        </ZakupWiersz>
        <ZakupWiersz>
            <LpZakupu>6</LpZakupu>
            <KodKrajuNadaniaTIN>PL</KodKrajuNadaniaTIN>
            <NrDostawcy>9552027763</NrDostawcy>
            <NazwaDostawcy>PHM SP ZO.O. POPMORSKA HURTOWNIA MOTORYZACYJNA</NazwaDostawcy>
            <DowodZakupu>FV/2024/145</DowodZakupu>
            <DataZakupu>2024-03-05</DataZakupu>
            <DataWplywu>2024-03-05</DataWplywu>
            <K_42>1143.09</K_42>
            <K_43>131.46</K_43>
        </ZakupWiersz>
        <ZakupWiersz>
            <LpZakupu>7</LpZakupu>
            <KodKrajuNadaniaTIN>PL</KodKrajuNadaniaTIN>
            <NrDostawcy>8513212846</NrDostawcy>
            <NazwaDostawcy>ZAKŁAD WODOCIĄGÓW I KANALIZACJI POLICE sp. z o.o.</NazwaDostawcy>
            <DowodZakupu>FW/04054/24</DowodZakupu>
            <DataZakupu>2024-03-05</DataZakupu>
            <DataWplywu>2024-03-05</DataWplywu>
            <K_42>1150.70</K_42>
            <K_43>92.05</K_43>
        </ZakupWiersz>
        <ZakupWiersz>
            <LpZakupu>8</LpZakupu>
            <KodKrajuNadaniaTIN>PL</KodKrajuNadaniaTIN>
            <NrDostawcy>8513212846</NrDostawcy>
            <NazwaDostawcy>ZAKŁAD WODOCIĄGÓW I KANALIZACJI POLICE sp. z o.o.</NazwaDostawcy>
            <DowodZakupu>FW/04110/24</DowodZakupu>
            <DataZakupu>2024-03-05</DataZakupu>
            <DataWplywu>2024-03-05</DataWplywu>
            <K_42>68.95</K_42>
            <K_43>5.52</K_43>
        </ZakupWiersz>
        <ZakupWiersz>
            <LpZakupu>9</LpZakupu>
            <KodKrajuNadaniaTIN>PL</KodKrajuNadaniaTIN>
            <NrDostawcy>8510307486</NrDostawcy>
            <NazwaDostawcy>PRZEDSIĘBIORSTWO UŻYTECZNOŚCI PUBLICZNEJ TRANS-NET S.A.</NazwaDostawcy>
            <DowodZakupu>019/SKP/F/03/2024</DowodZakupu>
            <DataZakupu>2024-03-06</DataZakupu>
            <DataWplywu>2024-03-06</DataWplywu>
            <K_42>11.38</K_42>
            <K_43>1.31</K_43>
        </ZakupWiersz>
        <ZakupWiersz>
            <LpZakupu>10</LpZakupu>
            <KodKrajuNadaniaTIN>PL</KodKrajuNadaniaTIN>
            <NrDostawcy>8510307486</NrDostawcy>
            <NazwaDostawcy>PRZEDSIĘBIORSTWO UŻYTECZNOŚCI PUBLICZNEJ TRANS-NET S.A.</NazwaDostawcy>
            <DowodZakupu>0176/KO/02/2024</DowodZakupu>
            <DataZakupu>2024-03-07</DataZakupu>
            <DataWplywu>2024-03-07</DataWplywu>
            <K_42>60.40</K_42>
            <K_43>2.41</K_43>
        </ZakupWiersz>
        <ZakupWiersz>
            <LpZakupu>11</LpZakupu>
            <KodKrajuNadaniaTIN>PL</KodKrajuNadaniaTIN>
            <NrDostawcy>7740001454</NrDostawcy>
            <NazwaDostawcy>POLSKI KONCERN NAFTOWY ORLEN S.A.</NazwaDostawcy>
            <DowodZakupu>F 471K3/4259/24</DowodZakupu>
            <DataZakupu>2024-03-08</DataZakupu>
            <DataWplywu>2024-03-08</DataWplywu>
            <K_42>24.38</K_42>
            <K_43>2.8</K_43>
        </ZakupWiersz>
        <ZakupWiersz>
            <LpZakupu>12</LpZakupu>
            <KodKrajuNadaniaTIN>PL</KodKrajuNadaniaTIN>
            <NrDostawcy>8512189720</NrDostawcy>
            <NazwaDostawcy>"STACJA  PALIW JAROSŁAW KACZMAREK" Mariola Kaczmarek</NazwaDostawcy>
            <DowodZakupu>65/03/24</DowodZakupu>
            <DataZakupu>2024-03-13</DataZakupu>
            <DataWplywu>2024-03-13</DataWplywu>
            <K_42>5819.44</K_42>
            <K_43>1338.47</K_43>
        </ZakupWiersz>
        <ZakupWiersz>
            <LpZakupu>13</LpZakupu>
            <KodKrajuNadaniaTIN>PL</KodKrajuNadaniaTIN>
            <NrDostawcy>5260250995</NrDostawcy>
            <NazwaDostawcy>ORANGE POLSKA S.A.</NazwaDostawcy>
            <DowodZakupu>f0051097141/003/24</DowodZakupu>
            <DataZakupu>2024-03-14</DataZakupu>
            <DataWplywu>2024-03-14</DataWplywu>
            <K_42>87.50</K_42>
            <K_43>20.13</K_43>
        </ZakupWiersz>
        <ZakupWiersz>
            <LpZakupu>14</LpZakupu>
            <KodKrajuNadaniaTIN>PL</KodKrajuNadaniaTIN>
            <NrDostawcy>7790001083</NrDostawcy>
            <NazwaDostawcy>CIRCLE K POLSKA sp. z o.o.</NazwaDostawcy>
            <DowodZakupu>392,16</DowodZakupu>
            <DataZakupu>2024-03-15</DataZakupu>
            <DataWplywu>2024-03-15</DataWplywu>
            <K_42>318.83</K_42>
            <K_43>36.67</K_43>
        </ZakupWiersz>
        <ZakupWiersz>
            <LpZakupu>15</LpZakupu>
            <KodKrajuNadaniaTIN>PL</KodKrajuNadaniaTIN>
            <NrDostawcy>5271037727</NrDostawcy>
            <NazwaDostawcy>POLKOMTEL sp. z o.o.</NazwaDostawcy>
            <DowodZakupu>2403160160799</DowodZakupu>
            <DataZakupu>2024-03-18</DataZakupu>
            <DataWplywu>2024-03-18</DataWplywu>
            <K_42>574.76</K_42>
            <K_43>132.19</K_43>
        </ZakupWiersz>
        <ZakupWiersz>
            <LpZakupu>16</LpZakupu>
            <KodKrajuNadaniaTIN>PL</KodKrajuNadaniaTIN>
            <NrDostawcy>8511005008</NrDostawcy>
            <NazwaDostawcy>" TAXMAN " BIURO RACHUNKOWE Grzegorz Grzelczyk</NazwaDostawcy>
            <DowodZakupu>3/2024/STĘ84</DowodZakupu>
            <DataZakupu>2024-03-18</DataZakupu>
            <DataWplywu>2024-03-18</DataWplywu>
            <K_42>420.00</K_42>
            <K_43>96.6</K_43>
        </ZakupWiersz>
        <ZakupWiersz>
            <LpZakupu>17</LpZakupu>
            <KodKrajuNadaniaTIN>PL</KodKrajuNadaniaTIN>
            <NrDostawcy>8512189720</NrDostawcy>
            <NazwaDostawcy>"STACJA  PALIW JAROSŁAW KACZMAREK" Mariola Kaczmarek</NazwaDostawcy>
            <DowodZakupu>113/03/24</DowodZakupu>
            <DataZakupu>2024-03-21</DataZakupu>
            <DataWplywu>2024-03-21</DataWplywu>
            <K_42>5331.20</K_42>
            <K_43>1226.18</K_43>
        </ZakupWiersz>
        <ZakupWiersz>
            <LpZakupu>18</LpZakupu>
            <KodKrajuNadaniaTIN>PL</KodKrajuNadaniaTIN>
            <NrDostawcy>8513199198</NrDostawcy>
            <NazwaDostawcy>PHU JAR-POL Adrian Rogaczewski</NazwaDostawcy>
            <DowodZakupu>1/FA/2024/00649</DowodZakupu>
            <DataZakupu>2024-03-26</DataZakupu>
            <DataWplywu>2024-03-26</DataWplywu>
            <K_42>3065.02</K_42>
            <K_43>352.48</K_43>
        </ZakupWiersz>
        <ZakupWiersz>
            <LpZakupu>19</LpZakupu>
            <KodKrajuNadaniaTIN>PL</KodKrajuNadaniaTIN>
            <NrDostawcy>8513067663</NrDostawcy>
            <NazwaDostawcy>Wojciech Wojtkowiak</NazwaDostawcy>
            <DowodZakupu>1170324</DowodZakupu>
            <DataZakupu>2024-03-26</DataZakupu>
            <DataWplywu>2024-03-26</DataWplywu>
            <K_42>1513.75</K_42>
            <K_43>121.1</K_43>
        </ZakupWiersz>
        <ZakupWiersz>
            <LpZakupu>20</LpZakupu>
            <KodKrajuNadaniaTIN>PL</KodKrajuNadaniaTIN>
            <NrDostawcy>8512189720</NrDostawcy>
            <NazwaDostawcy>"STACJA  PALIW JAROSŁAW KACZMAREK" Mariola Kaczmarek</NazwaDostawcy>
            <DowodZakupu>162/03/24</DowodZakupu>
            <DataZakupu>2024-03-27</DataZakupu>
            <DataWplywu>2024-03-29</DataWplywu>
            <K_42>6685.36</K_42>
            <K_43>1537.63</K_43>
        </ZakupWiersz>
        <ZakupWiersz>
            <LpZakupu>21</LpZakupu>
            <KodKrajuNadaniaTIN>PL</KodKrajuNadaniaTIN>
            <NrDostawcy>8510307486</NrDostawcy>
            <NazwaDostawcy>PRZEDSIĘBIORSTWO UŻYTECZNOŚCI PUBLICZNEJ TRANS-NET S.A.</NazwaDostawcy>
            <DowodZakupu>084/SKP/F/03/2024</DowodZakupu>
            <DataZakupu>2024-03-27</DataZakupu>
            <DataWplywu>2024-03-27</DataWplywu>
            <K_42>143.09</K_42>
            <K_43>16.46</K_43>
        </ZakupWiersz>
        <ZakupWiersz>
            <LpZakupu>22</LpZakupu>
            <KodKrajuNadaniaTIN>PL</KodKrajuNadaniaTIN>
            <NrDostawcy>7740001454</NrDostawcy>
            <NazwaDostawcy>POLSKI KONCERN NAFTOWY ORLEN S.A.</NazwaDostawcy>
            <DowodZakupu>F 3868K1/4259/24</DowodZakupu>
            <DataZakupu>2024-03-28</DataZakupu>
            <DataWplywu>2024-03-28</DataWplywu>
            <K_42>27.63</K_42>
            <K_43>3.18</K_43>
        </ZakupWiersz>
        <ZakupWiersz>
            <LpZakupu>23</LpZakupu>
            <KodKrajuNadaniaTIN>PL</KodKrajuNadaniaTIN>
            <NrDostawcy>8512189720</NrDostawcy>
            <NazwaDostawcy>"STACJA  PALIW JAROSŁAW KACZMAREK" Mariola Kaczmarek</NazwaDostawcy>
            <DowodZakupu>175/03/24</DowodZakupu>
            <DataZakupu>2024-03-29</DataZakupu>
            <DataWplywu>2024-03-29</DataWplywu>
            <K_42>5331.20</K_42>
            <K_43>1226.18</K_43>
        </ZakupWiersz>
        <ZakupWiersz>
            <LpZakupu>24</LpZakupu>
            <KodKrajuNadaniaTIN>PL</KodKrajuNadaniaTIN>
            <NrDostawcy>8512624854</NrDostawcy>
            <NazwaDostawcy>Zakład Wodociągów i Kanalizacji Sp. z o.o.</NazwaDostawcy>
            <DowodZakupu>073034/2024</DowodZakupu>
            <DataZakupu>2024-03-31</DataZakupu>
            <DataWplywu>2024-03-31</DataWplywu>
            <K_42>392.75</K_42>
            <K_43>31.42</K_43>
        </ZakupWiersz>
        <ZakupCtrl>
            <LiczbaWierszyZakupow>24</LiczbaWierszyZakupow>
            <PodatekNaliczony>7308.07</PodatekNaliczony>
        </ZakupCtrl>
    </Ewidencja>
</JPK>
