<?xml version="1.0" encoding="UTF-8" standalone="yes"?>
<JPK xmlns="http://crd.gov.pl/wzor/2021/12/27/11148/" xmlns:ns2="http://crd.gov.pl/xml/schematy/dziedzinowe/mf/2021/06/08/eD/DefinicjeTypy/" xmlns:ns3="http://crd.gov.pl/wzor/2021/12/27/11149/">
    <Naglowek>
        <KodFormularza kodSystemowy="JPK_V7M (2)" wersjaSchemy="1-0E">JPK_VAT</KodFormularza>
        <WariantFormularza>2</WariantFormularza>
        <DataWytworzeniaJPK>2023-09-12T09:05:28.173Z</DataWytworzeniaJPK>
        <NazwaSystemu>Taxman</NazwaSystemu>
        <CelZlozenia poz="P_7">1</CelZlozenia>
        <KodUrzedu>3215</KodUrzedu>
        <Rok>2023</Rok>
        <Miesiac>8</Miesiac>
    </Naglowek>
    <Podmiot1 rola="Podatnik">
        <OsobaFizyczna>
            <ns2:NIP>8512904418</ns2:NIP>
            <ns2:ImiePierwsze>Michał</ns2:ImiePierwsze>
            <ns2:Nazwisko>Naściuk</ns2:Nazwisko>
            <ns2:DataUrodzenia>1984-03-18</ns2:DataUrodzenia>
            <Email>b.matczak@taxman.biz.pl</Email>
            <Telefon>502262432</Telefon>
        </OsobaFizyczna>
    </Podmiot1>
    <Deklaracja>
        <Naglowek>
            <KodFormularzaDekl kodSystemowy="VAT-7 (22)" kodPodatku="VAT" rodzajZobowiazania="Z" wersjaSchemy="1-0E">VAT-7</KodFormularzaDekl>
            <WariantFormularzaDekl>22</WariantFormularzaDekl>
        </Naglowek>
        <PozycjeSzczegolowe>
            <P_19>49557</P_19>
            <P_20>11398</P_20>
            <P_35>0</P_35>
            <P_37>49557</P_37>
            <P_38>11398</P_38>
            <P_39>0</P_39>
            <P_40>0</P_40>
            <P_41>0</P_41>
            <P_42>7800</P_42>
            <P_43>1338</P_43>
            <P_48>1338</P_48>
            <P_49>0</P_49>
            <P_51>10060</P_51>
            <P_52>0</P_52>
            <P_53>0</P_53>
            <P_62>0</P_62>
        </PozycjeSzczegolowe>
        <Pouczenia>1</Pouczenia>
    </Deklaracja>
    <Ewidencja>
        <SprzedazWiersz>
            <LpSprzedazy>1</LpSprzedazy>
            <KodKrajuNadaniaTIN>PL</KodKrajuNadaniaTIN>
            <NrKontrahenta>8551582373</NrKontrahenta>
            <NazwaKontrahenta>Fundacja Hospicyjna Przystań</NazwaKontrahenta>
            <DowodSprzedazy>FVS/1/08/2023</DowodSprzedazy>
            <DataWystawienia>2023-08-31</DataWystawienia>
            <DataSprzedazy>2023-08-31</DataSprzedazy>
            <GTU_12>1</GTU_12>
            <K_19>6000.00</K_19>
            <K_20>1380.0</K_20>
        </SprzedazWiersz>
        <SprzedazWiersz>
            <LpSprzedazy>2</LpSprzedazy>
            <KodKrajuNadaniaTIN>PL</KodKrajuNadaniaTIN>
            <NrKontrahenta>8520001814</NrKontrahenta>
            <NazwaKontrahenta>PRZEDSIĘBIORSTWO USŁUG INWESTYCYJNYCH EKO-INWEST S.A.</NazwaKontrahenta>
            <DowodSprzedazy>FVS/2/08/2023</DowodSprzedazy>
            <DataWystawienia>2023-08-31</DataWystawienia>
            <DataSprzedazy>2023-08-31</DataSprzedazy>
            <GTU_12>1</GTU_12>
            <K_19>1500.00</K_19>
            <K_20>345.0</K_20>
        </SprzedazWiersz>
        <SprzedazWiersz>
            <LpSprzedazy>3</LpSprzedazy>
            <KodKrajuNadaniaTIN>PL</KodKrajuNadaniaTIN>
            <NrKontrahenta>8520001814</NrKontrahenta>
            <NazwaKontrahenta>PRZEDSIĘBIORSTWO USŁUG INWESTYCYJNYCH EKO-INWEST S.A.</NazwaKontrahenta>
            <DowodSprzedazy>FVS/3/08/2023</DowodSprzedazy>
            <DataWystawienia>2023-08-31</DataWystawienia>
            <DataSprzedazy>2023-08-31</DataSprzedazy>
            <GTU_12>1</GTU_12>
            <K_19>6000.00</K_19>
            <K_20>1380.0</K_20>
        </SprzedazWiersz>
        <SprzedazWiersz>
            <LpSprzedazy>4</LpSprzedazy>
            <KodKrajuNadaniaTIN>PL</KodKrajuNadaniaTIN>
            <NrKontrahenta>8520001814</NrKontrahenta>
            <NazwaKontrahenta>PRZEDSIĘBIORSTWO USŁUG INWESTYCYJNYCH EKO-INWEST S.A.</NazwaKontrahenta>
            <DowodSprzedazy>FVS/4/08/2023</DowodSprzedazy>
            <DataWystawienia>2023-08-31</DataWystawienia>
            <DataSprzedazy>2023-08-31</DataSprzedazy>
            <GTU_12>1</GTU_12>
            <K_19>3000.00</K_19>
            <K_20>690.0</K_20>
        </SprzedazWiersz>
        <SprzedazWiersz>
            <LpSprzedazy>5</LpSprzedazy>
            <KodKrajuNadaniaTIN>PL</KodKrajuNadaniaTIN>
            <NrKontrahenta>8520001814</NrKontrahenta>
            <NazwaKontrahenta>PRZEDSIĘBIORSTWO USŁUG INWESTYCYJNYCH EKO-INWEST S.A.</NazwaKontrahenta>
            <DowodSprzedazy>FVS/5/08/2023</DowodSprzedazy>
            <DataWystawienia>2023-08-31</DataWystawienia>
            <DataSprzedazy>2023-08-31</DataSprzedazy>
            <GTU_12>1</GTU_12>
            <K_19>840.00</K_19>
            <K_20>193.2</K_20>
        </SprzedazWiersz>
        <SprzedazWiersz>
            <LpSprzedazy>6</LpSprzedazy>
            <KodKrajuNadaniaTIN>PL</KodKrajuNadaniaTIN>
            <NrKontrahenta>9860164852</NrKontrahenta>
            <NazwaKontrahenta>Gmina Wolin</NazwaKontrahenta>
            <DowodSprzedazy>FVS/6/08/2023</DowodSprzedazy>
            <DataWystawienia>2023-08-31</DataWystawienia>
            <DataSprzedazy>2023-08-31</DataSprzedazy>
            <GTU_12>1</GTU_12>
            <K_19>2750.00</K_19>
            <K_20>632.5</K_20>
        </SprzedazWiersz>
        <SprzedazWiersz>
            <LpSprzedazy>7</LpSprzedazy>
            <KodKrajuNadaniaTIN>PL</KodKrajuNadaniaTIN>
            <NrKontrahenta>9860164852</NrKontrahenta>
            <NazwaKontrahenta>Gmina Wolin</NazwaKontrahenta>
            <DowodSprzedazy>FVS/7/08/2023</DowodSprzedazy>
            <DataWystawienia>2023-08-31</DataWystawienia>
            <DataSprzedazy>2023-08-31</DataSprzedazy>
            <GTU_12>1</GTU_12>
            <K_19>4496.15</K_19>
            <K_20>1034.11</K_20>
        </SprzedazWiersz>
        <SprzedazWiersz>
            <LpSprzedazy>8</LpSprzedazy>
            <KodKrajuNadaniaTIN>PL</KodKrajuNadaniaTIN>
            <NrKontrahenta>9860164852</NrKontrahenta>
            <NazwaKontrahenta>Gmina Wolin</NazwaKontrahenta>
            <DowodSprzedazy>FVS/8/08/2023</DowodSprzedazy>
            <DataWystawienia>2023-08-31</DataWystawienia>
            <DataSprzedazy>2023-08-31</DataSprzedazy>
            <GTU_12>1</GTU_12>
            <K_19>3750.00</K_19>
            <K_20>862.5</K_20>
        </SprzedazWiersz>
        <SprzedazWiersz>
            <LpSprzedazy>9</LpSprzedazy>
            <KodKrajuNadaniaTIN>PL</KodKrajuNadaniaTIN>
            <NrKontrahenta>9860164852</NrKontrahenta>
            <NazwaKontrahenta>Gmina Wolin</NazwaKontrahenta>
            <DowodSprzedazy>FVS/9/08/2023</DowodSprzedazy>
            <DataWystawienia>2023-08-31</DataWystawienia>
            <DataSprzedazy>2023-08-31</DataSprzedazy>
            <GTU_12>1</GTU_12>
            <K_19>18000.00</K_19>
            <K_20>4140.0</K_20>
        </SprzedazWiersz>
        <SprzedazWiersz>
            <LpSprzedazy>10</LpSprzedazy>
            <KodKrajuNadaniaTIN>PL</KodKrajuNadaniaTIN>
            <NrKontrahenta>8520001814</NrKontrahenta>
            <NazwaKontrahenta>PRZEDSIĘBIORSTWO USŁUG INWESTYCYJNYCH EKO-INWEST S.A.</NazwaKontrahenta>
            <DowodSprzedazy>FVS/10/08/2023</DowodSprzedazy>
            <DataWystawienia>2023-08-31</DataWystawienia>
            <DataSprzedazy>2023-08-31</DataSprzedazy>
            <GTU_12>1</GTU_12>
            <K_19>3221.28</K_19>
            <K_20>740.89</K_20>
        </SprzedazWiersz>
        <SprzedazCtrl>
            <LiczbaWierszySprzedazy>10</LiczbaWierszySprzedazy>
            <PodatekNalezny>11398.20</PodatekNalezny>
        </SprzedazCtrl>
        <ZakupWiersz>
            <LpZakupu>1</LpZakupu>
            <KodKrajuNadaniaTIN>PL</KodKrajuNadaniaTIN>
            <NrDostawcy>5222857117</NrDostawcy>
            <NazwaDostawcy>Santander Cinsumer Multirent Sp. zo.o.</NazwaDostawcy>
            <DowodZakupu>RL/32161/08/23</DowodZakupu>
            <DataZakupu>2023-08-01</DataZakupu>
            <DataWplywu>2023-08-01</DataWplywu>
            <K_42>4361.22</K_42>
            <K_43>563.46</K_43>
        </ZakupWiersz>
        <ZakupWiersz>
            <LpZakupu>2</LpZakupu>
            <KodKrajuNadaniaTIN>PL</KodKrajuNadaniaTIN>
            <NrDostawcy>5833195289</NrDostawcy>
            <NazwaDostawcy>GREENWAY POLSKA sp. z o.o.</NazwaDostawcy>
            <DowodZakupu>2023/08/001910</DowodZakupu>
            <DataZakupu>2023-08-03</DataZakupu>
            <DataWplywu>2023-08-03</DataWplywu>
            <K_42>141.50</K_42>
            <K_43>16.27</K_43>
        </ZakupWiersz>
        <ZakupWiersz>
            <LpZakupu>3</LpZakupu>
            <KodKrajuNadaniaTIN>PL</KodKrajuNadaniaTIN>
            <NrDostawcy>8511005008</NrDostawcy>
            <NazwaDostawcy>" TAXMAN " BIURO RACHUNKOWE Grzegorz Grzelczyk</NazwaDostawcy>
            <DowodZakupu>8/2023/DTIM41</DowodZakupu>
            <DataZakupu>2023-08-07</DataZakupu>
            <DataWplywu>2023-08-07</DataWplywu>
            <K_42>300.00</K_42>
            <K_43>69.0</K_43>
        </ZakupWiersz>
        <ZakupWiersz>
            <LpZakupu>4</LpZakupu>
            <KodKrajuNadaniaTIN>PL</KodKrajuNadaniaTIN>
            <NrDostawcy>5271037727</NrDostawcy>
            <NazwaDostawcy>POLKOMTEL sp. z o.o.</NazwaDostawcy>
            <DowodZakupu>2308160380564</DowodZakupu>
            <DataZakupu>2023-08-18</DataZakupu>
            <DataWplywu>2023-08-18</DataWplywu>
            <K_42>297.50</K_42>
            <K_43>68.43</K_43>
        </ZakupWiersz>
        <ZakupWiersz>
            <LpZakupu>5</LpZakupu>
            <KodKrajuNadaniaTIN>PL</KodKrajuNadaniaTIN>
            <NrDostawcy>8521769032</NrDostawcy>
            <NazwaDostawcy>USŁUGI WIELOBRANŻOWE Robert Kostrzewa</NazwaDostawcy>
            <DowodZakupu>01/08/2023</DowodZakupu>
            <DataZakupu>2023-08-31</DataZakupu>
            <DataWplywu>2023-08-31</DataWplywu>
            <K_42>1200.00</K_42>
            <K_43>276.0</K_43>
        </ZakupWiersz>
        <ZakupWiersz>
            <LpZakupu>6</LpZakupu>
            <KodKrajuNadaniaTIN>PL</KodKrajuNadaniaTIN>
            <NrDostawcy>8512423280</NrDostawcy>
            <NazwaDostawcy>TOMMAR Tomasz Kordeczka</NazwaDostawcy>
            <DowodZakupu>02/08/2023</DowodZakupu>
            <DataZakupu>2023-08-31</DataZakupu>
            <DataWplywu>2023-08-31</DataWplywu>
            <K_42>1500.00</K_42>
            <K_43>345.0</K_43>
        </ZakupWiersz>
        <ZakupCtrl>
            <LiczbaWierszyZakupow>6</LiczbaWierszyZakupow>
            <PodatekNaliczony>1338.16</PodatekNaliczony>
        </ZakupCtrl>
    </Ewidencja>
</JPK>
