<?xml version="1.0" encoding="UTF-8" standalone="yes"?>
<JPK xmlns="http://crd.gov.pl/wzor/2021/12/27/11148/" xmlns:ns2="http://crd.gov.pl/xml/schematy/dziedzinowe/mf/2021/06/08/eD/DefinicjeTypy/" xmlns:ns3="http://crd.gov.pl/wzor/2021/12/27/11149/">
    <Naglowek>
        <KodFormularza kodSystemowy="JPK_V7M (2)" wersjaSchemy="1-0E">JPK_VAT</KodFormularza>
        <WariantFormularza>2</WariantFormularza>
        <DataWytworzeniaJPK>2023-09-13T06:53:48.793Z</DataWytworzeniaJPK>
        <NazwaSystemu>Taxman</NazwaSystemu>
        <CelZlozenia poz="P_7">1</CelZlozenia>
        <KodUrzedu>3205</KodUrzedu>
        <Rok>2023</Rok>
        <Miesiac>8</Miesiac>
    </Naglowek>
    <Podmiot1 rola="Podatnik">
        <OsobaNiefizyczna>
            <NIP>8561849760</NIP>
            <PelnaNazwa>CODY RACKS sp. z o.o.</PelnaNazwa>
            <Email>zanetagrzegorczyk1@gmail.com</Email>
            <Telefon>532434443</Telefon>
        </OsobaNiefizyczna>
    </Podmiot1>
    <Deklaracja>
        <Naglowek>
            <KodFormularzaDekl kodSystemowy="VAT-7 (22)" kodPodatku="VAT" rodzajZobowiazania="Z" wersjaSchemy="1-0E">VAT-7</KodFormularzaDekl>
            <WariantFormularzaDekl>22</WariantFormularzaDekl>
        </Naglowek>
        <PozycjeSzczegolowe>
            <P_11>40800</P_11>
            <P_12>40800</P_12>
            <P_17>85602</P_17>
            <P_18>6848</P_18>
            <P_19>12619</P_19>
            <P_20>2902</P_20>
            <P_35>0</P_35>
            <P_37>139021</P_37>
            <P_38>9750</P_38>
            <P_39>19677</P_39>
            <P_40>0</P_40>
            <P_41>0</P_41>
            <P_42>79107</P_42>
            <P_43>16675</P_43>
            <P_48>36352</P_48>
            <P_49>0</P_49>
            <P_51>0</P_51>
            <P_52>0</P_52>
            <P_53>26602</P_53>
            <P_54>1275</P_54>
            <P_57>1</P_57>
            <P_59>1</P_59>
            <P_60>1275</P_60>
            <P_61>PIT-4 za 08 2023</P_61>
            <P_62>25327</P_62>
        </PozycjeSzczegolowe>
        <Pouczenia>1</Pouczenia>
    </Deklaracja>
    <Ewidencja>
        <SprzedazWiersz>
            <LpSprzedazy>1</LpSprzedazy>
            <KodKrajuNadaniaTIN>PL</KodKrajuNadaniaTIN>
            <NrKontrahenta>0000011329</NrKontrahenta>
            <NazwaKontrahenta>Juliusz Szymański</NazwaKontrahenta>
            <DowodSprzedazy>1/08/2023</DowodSprzedazy>
            <DataWystawienia>2023-08-31</DataWystawienia>
            <DataSprzedazy>2023-08-08</DataSprzedazy>
            <K_17>39542.66</K_17>
            <K_18>3163.41</K_18>
        </SprzedazWiersz>
        <SprzedazWiersz>
            <LpSprzedazy>2</LpSprzedazy>
            <KodKrajuNadaniaTIN>PL</KodKrajuNadaniaTIN>
            <NrKontrahenta>8512939747</NrKontrahenta>
            <NazwaKontrahenta>Electro-Team Piotr Mallek</NazwaKontrahenta>
            <DowodSprzedazy>2/08/2023</DowodSprzedazy>
            <DataWystawienia>2023-08-31</DataWystawienia>
            <DataSprzedazy>2023-08-11</DataSprzedazy>
            <K_19>2381.71</K_19>
            <K_20>547.79</K_20>
        </SprzedazWiersz>
        <SprzedazWiersz>
            <LpSprzedazy>3</LpSprzedazy>
            <KodKrajuNadaniaTIN>DK</KodKrajuNadaniaTIN>
            <NrKontrahenta>40548696</NrKontrahenta>
            <NazwaKontrahenta>Byg Impulse ApS</NazwaKontrahenta>
            <DowodSprzedazy>3/08/2023</DowodSprzedazy>
            <DataWystawienia>2023-08-31</DataWystawienia>
            <DataSprzedazy>2023-08-16</DataSprzedazy>
            <GTU_12>1</GTU_12>
            <K_11>40800.00</K_11>
            <K_12>40800.00</K_12>
        </SprzedazWiersz>
        <SprzedazWiersz>
            <LpSprzedazy>4</LpSprzedazy>
            <KodKrajuNadaniaTIN>PL</KodKrajuNadaniaTIN>
            <NrKontrahenta>0000011329</NrKontrahenta>
            <NazwaKontrahenta>Juliusz Szymański</NazwaKontrahenta>
            <DowodSprzedazy>4/08/2023</DowodSprzedazy>
            <DataWystawienia>2023-08-31</DataWystawienia>
            <DataSprzedazy>2023-08-24</DataSprzedazy>
            <K_17>20385.66</K_17>
            <K_18>1630.85</K_18>
        </SprzedazWiersz>
        <SprzedazWiersz>
            <LpSprzedazy>5</LpSprzedazy>
            <KodKrajuNadaniaTIN>PL</KodKrajuNadaniaTIN>
            <NrKontrahenta>0000011562</NrKontrahenta>
            <NazwaKontrahenta>Łukasz Gralak</NazwaKontrahenta>
            <DowodSprzedazy>5/08/2023</DowodSprzedazy>
            <DataWystawienia>2023-08-31</DataWystawienia>
            <DataSprzedazy>2023-08-28</DataSprzedazy>
            <K_17>25673.79</K_17>
            <K_18>2053.9</K_18>
        </SprzedazWiersz>
        <SprzedazWiersz>
            <LpSprzedazy>6</LpSprzedazy>
            <KodKrajuNadaniaTIN>PL</KodKrajuNadaniaTIN>
            <NrKontrahenta>8561732667</NrKontrahenta>
            <NazwaKontrahenta>BIOTRANS PRZEDSIĘBIORSTWO LEŚNE Piotr Kwiatkowski</NazwaKontrahenta>
            <DowodSprzedazy>6/08/2023</DowodSprzedazy>
            <DataWystawienia>2023-08-31</DataWystawienia>
            <DataSprzedazy>2023-08-31</DataSprzedazy>
            <K_19>10237.50</K_19>
            <K_20>2354.62</K_20>
        </SprzedazWiersz>
        <SprzedazCtrl>
            <LiczbaWierszySprzedazy>6</LiczbaWierszySprzedazy>
            <PodatekNalezny>9750.57</PodatekNalezny>
        </SprzedazCtrl>
        <ZakupWiersz>
            <LpZakupu>1</LpZakupu>
            <KodKrajuNadaniaTIN>PL</KodKrajuNadaniaTIN>
            <NrDostawcy>8561366033</NrDostawcy>
            <NazwaDostawcy>Stalmax s.c. Wojciech Giec &amp; Dariusz Giec</NazwaDostawcy>
            <DowodZakupu>257/M1/07/2023</DowodZakupu>
            <DataZakupu>2023-07-21</DataZakupu>
            <DataWplywu>2023-08-31</DataWplywu>
            <K_42>46.50</K_42>
            <K_43>10.7</K_43>
        </ZakupWiersz>
        <ZakupWiersz>
            <LpZakupu>2</LpZakupu>
            <KodKrajuNadaniaTIN>PL</KodKrajuNadaniaTIN>
            <NrDostawcy>9512120077</NrDostawcy>
            <NazwaDostawcy>"P4 sp. z o.o."</NazwaDostawcy>
            <DowodZakupu>F/30370027/07/23</DowodZakupu>
            <DataZakupu>2023-07-22</DataZakupu>
            <DataWplywu>2023-08-31</DataWplywu>
            <K_42>218.89</K_42>
            <K_43>50.35</K_43>
        </ZakupWiersz>
        <ZakupWiersz>
            <LpZakupu>3</LpZakupu>
            <KodKrajuNadaniaTIN>PL</KodKrajuNadaniaTIN>
            <NrDostawcy>8560000040</NrDostawcy>
            <NazwaDostawcy>Elmet</NazwaDostawcy>
            <DowodZakupu>1086/GOL/07/2023</DowodZakupu>
            <DataZakupu>2023-07-27</DataZakupu>
            <DataWplywu>2023-08-31</DataWplywu>
            <K_42>268.30</K_42>
            <K_43>61.71</K_43>
        </ZakupWiersz>
        <ZakupWiersz>
            <LpZakupu>4</LpZakupu>
            <KodKrajuNadaniaTIN>PL</KodKrajuNadaniaTIN>
            <NrDostawcy>5361938486</NrDostawcy>
            <NazwaDostawcy>MTOILET sp. z o.o.</NazwaDostawcy>
            <DowodZakupu>FVS/006911/SZ/2023</DowodZakupu>
            <DataZakupu>2023-08-01</DataZakupu>
            <DataWplywu>2023-08-31</DataWplywu>
            <K_42>190.00</K_42>
            <K_43>15.2</K_43>
        </ZakupWiersz>
        <ZakupWiersz>
            <LpZakupu>5</LpZakupu>
            <KodKrajuNadaniaTIN>PL</KodKrajuNadaniaTIN>
            <NrDostawcy>5260250995</NrDostawcy>
            <NazwaDostawcy>ORANGE POLSKA S.A.</NazwaDostawcy>
            <DowodZakupu>F0082640644/008/23</DowodZakupu>
            <DataZakupu>2023-08-01</DataZakupu>
            <DataWplywu>2023-08-31</DataWplywu>
            <K_42>123.23</K_42>
            <K_43>24.04</K_43>
        </ZakupWiersz>
        <ZakupWiersz>
            <LpZakupu>6</LpZakupu>
            <KodKrajuNadaniaTIN>PL</KodKrajuNadaniaTIN>
            <NrDostawcy>5361938486</NrDostawcy>
            <NazwaDostawcy>MTOILET sp. z o.o.</NazwaDostawcy>
            <DowodZakupu>FVS/006912/SZ/2023</DowodZakupu>
            <DataZakupu>2023-08-01</DataZakupu>
            <DataWplywu>2023-08-31</DataWplywu>
            <K_42>190.00</K_42>
            <K_43>15.2</K_43>
        </ZakupWiersz>
        <ZakupWiersz>
            <LpZakupu>7</LpZakupu>
            <KodKrajuNadaniaTIN>PL</KodKrajuNadaniaTIN>
            <NrDostawcy>5222857117</NrDostawcy>
            <NazwaDostawcy>Santander Cinsumer Multirent Sp. zo.o.</NazwaDostawcy>
            <DowodZakupu>RL/25522/08/23</DowodZakupu>
            <DataZakupu>2023-08-01</DataZakupu>
            <DataWplywu>2023-08-31</DataWplywu>
            <K_42>3792.32</K_42>
            <K_43>436.12</K_43>
        </ZakupWiersz>
        <ZakupWiersz>
            <LpZakupu>8</LpZakupu>
            <KodKrajuNadaniaTIN>PL</KodKrajuNadaniaTIN>
            <NrDostawcy>7740001454</NrDostawcy>
            <NazwaDostawcy>POLSKI KONCERN NAFTOWY ORLEN S.A.</NazwaDostawcy>
            <DowodZakupu>0467387272</DowodZakupu>
            <DataZakupu>2023-08-02</DataZakupu>
            <DataWplywu>2023-08-31</DataWplywu>
            <K_42>1607.28</K_42>
            <K_43>184.84</K_43>
        </ZakupWiersz>
        <ZakupWiersz>
            <LpZakupu>9</LpZakupu>
            <KodKrajuNadaniaTIN>PL</KodKrajuNadaniaTIN>
            <NrDostawcy>8561015664</NrDostawcy>
            <NazwaDostawcy>USŁUGI OGÓLNOBUDOWLANE Marek Gul</NazwaDostawcy>
            <DowodZakupu>24/2023</DowodZakupu>
            <DataZakupu>2023-08-03</DataZakupu>
            <DataWplywu>2023-08-31</DataWplywu>
            <K_42>6808.94</K_42>
            <K_43>1566.06</K_43>
        </ZakupWiersz>
        <ZakupWiersz>
            <LpZakupu>10</LpZakupu>
            <KodKrajuNadaniaTIN>PL</KodKrajuNadaniaTIN>
            <NrDostawcy>8560004865</NrDostawcy>
            <NazwaDostawcy>"ŚRUBY GIEC" Wojciech Giec</NazwaDostawcy>
            <DowodZakupu>74/Z5/08/2023</DowodZakupu>
            <DataZakupu>2023-08-03</DataZakupu>
            <DataWplywu>2023-08-31</DataWplywu>
            <K_42>27.95</K_42>
            <K_43>6.43</K_43>
        </ZakupWiersz>
        <ZakupWiersz>
            <LpZakupu>11</LpZakupu>
            <KodKrajuNadaniaTIN>PL</KodKrajuNadaniaTIN>
            <NrDostawcy>8561811272</NrDostawcy>
            <NazwaDostawcy>PSB-MRÓWKA-MARBUD sp. z o.o. sp.k.</NazwaDostawcy>
            <DowodZakupu>335/08/2023/GPL</DowodZakupu>
            <DataZakupu>2023-08-05</DataZakupu>
            <DataWplywu>2023-08-31</DataWplywu>
            <K_42>384.60</K_42>
            <K_43>43.21</K_43>
        </ZakupWiersz>
        <ZakupWiersz>
            <LpZakupu>12</LpZakupu>
            <KodKrajuNadaniaTIN>PL</KodKrajuNadaniaTIN>
            <NrDostawcy>8522541532</NrDostawcy>
            <NazwaDostawcy>EXTRADACH sp. z o.o. sp.k.</NazwaDostawcy>
            <DowodZakupu>FS-322/MSZ/08/23</DowodZakupu>
            <DataZakupu>2023-08-07</DataZakupu>
            <DataWplywu>2023-08-31</DataWplywu>
            <K_42>34830.79</K_42>
            <K_43>8011.08</K_43>
        </ZakupWiersz>
        <ZakupWiersz>
            <LpZakupu>13</LpZakupu>
            <KodKrajuNadaniaTIN>PL</KodKrajuNadaniaTIN>
            <NrDostawcy>8560004865</NrDostawcy>
            <NazwaDostawcy>"ŚRUBY GIEC" Wojciech Giec</NazwaDostawcy>
            <DowodZakupu>176/Z5/08/2023</DowodZakupu>
            <DataZakupu>2023-08-10</DataZakupu>
            <DataWplywu>2023-08-31</DataWplywu>
            <K_42>67.96</K_42>
            <K_43>15.63</K_43>
        </ZakupWiersz>
        <ZakupWiersz>
            <LpZakupu>14</LpZakupu>
            <KodKrajuNadaniaTIN>PL</KodKrajuNadaniaTIN>
            <NrDostawcy>7740001454</NrDostawcy>
            <NazwaDostawcy>POLSKI KONCERN NAFTOWY ORLEN S.A.</NazwaDostawcy>
            <DowodZakupu>0467436935</DowodZakupu>
            <DataZakupu>2023-08-17</DataZakupu>
            <DataWplywu>2023-08-31</DataWplywu>
            <K_42>1074.58</K_42>
            <K_43>123.58</K_43>
        </ZakupWiersz>
        <ZakupWiersz>
            <LpZakupu>15</LpZakupu>
            <KodKrajuNadaniaTIN>PL</KodKrajuNadaniaTIN>
            <NrDostawcy>6721144175</NrDostawcy>
            <NazwaDostawcy>HANDWERKER Małgorzata Cimoszko</NazwaDostawcy>
            <DowodZakupu>2/08/2023</DowodZakupu>
            <DataZakupu>2023-08-18</DataZakupu>
            <DataWplywu>2023-08-31</DataWplywu>
            <K_42>4000.00</K_42>
            <K_43>920.0</K_43>
        </ZakupWiersz>
        <ZakupWiersz>
            <LpZakupu>16</LpZakupu>
            <KodKrajuNadaniaTIN>PL</KodKrajuNadaniaTIN>
            <NrDostawcy>6721144175</NrDostawcy>
            <NazwaDostawcy>HANDWERKER Małgorzata Cimoszko</NazwaDostawcy>
            <DowodZakupu>1/08/2023</DowodZakupu>
            <DataZakupu>2023-08-18</DataZakupu>
            <DataWplywu>2023-08-31</DataWplywu>
            <K_42>4000.00</K_42>
            <K_43>460.0</K_43>
        </ZakupWiersz>
        <ZakupWiersz>
            <LpZakupu>17</LpZakupu>
            <KodKrajuNadaniaTIN>PL</KodKrajuNadaniaTIN>
            <NrDostawcy>5260250995</NrDostawcy>
            <NazwaDostawcy>ORANGE POLSKA S.A.</NazwaDostawcy>
            <DowodZakupu>23080452311405</DowodZakupu>
            <DataZakupu>2023-08-19</DataZakupu>
            <DataWplywu>2023-08-31</DataWplywu>
            <K_42>63.00</K_42>
            <K_43>14.49</K_43>
        </ZakupWiersz>
        <ZakupWiersz>
            <LpZakupu>18</LpZakupu>
            <KodKrajuNadaniaTIN>PL</KodKrajuNadaniaTIN>
            <NrDostawcy>8561811272</NrDostawcy>
            <NazwaDostawcy>PSB-MRÓWKA-MARBUD sp. z o.o. sp.k.</NazwaDostawcy>
            <DowodZakupu>772/08/2023/GPL</DowodZakupu>
            <DataZakupu>2023-08-21</DataZakupu>
            <DataWplywu>2023-08-31</DataWplywu>
            <K_42>304.32</K_42>
            <K_43>69.99</K_43>
        </ZakupWiersz>
        <ZakupWiersz>
            <LpZakupu>19</LpZakupu>
            <KodKrajuNadaniaTIN>PL</KodKrajuNadaniaTIN>
            <NrDostawcy>9512120077</NrDostawcy>
            <NazwaDostawcy>"P4 sp. z o.o."</NazwaDostawcy>
            <DowodZakupu>F/30072645/08/23</DowodZakupu>
            <DataZakupu>2023-08-22</DataZakupu>
            <DataWplywu>2023-08-31</DataWplywu>
            <K_42>189.76</K_42>
            <K_43>43.64</K_43>
        </ZakupWiersz>
        <ZakupWiersz>
            <LpZakupu>20</LpZakupu>
            <KodKrajuNadaniaTIN>PL</KodKrajuNadaniaTIN>
            <NrDostawcy>8561566447</NrDostawcy>
            <NazwaDostawcy>KANCELARIA PRAWNICZA MGR ADRIAN TARGOŃ</NazwaDostawcy>
            <DowodZakupu>FS 162/2023</DowodZakupu>
            <DataZakupu>2023-08-23</DataZakupu>
            <DataWplywu>2023-08-31</DataWplywu>
            <K_42>1200.00</K_42>
            <K_43>276.0</K_43>
        </ZakupWiersz>
        <ZakupWiersz>
            <LpZakupu>21</LpZakupu>
            <KodKrajuNadaniaTIN>PL</KodKrajuNadaniaTIN>
            <NrDostawcy>8511005008</NrDostawcy>
            <NazwaDostawcy>" TAXMAN " BIURO RACHUNKOWE Grzegorz Grzelczyk</NazwaDostawcy>
            <DowodZakupu>9/2023/CODY76</DowodZakupu>
            <DataZakupu>2023-08-24</DataZakupu>
            <DataWplywu>2023-08-31</DataWplywu>
            <K_42>2590.00</K_42>
            <K_43>595.7</K_43>
        </ZakupWiersz>
        <ZakupWiersz>
            <LpZakupu>22</LpZakupu>
            <KodKrajuNadaniaTIN>PL</KodKrajuNadaniaTIN>
            <NrDostawcy>8522541532</NrDostawcy>
            <NazwaDostawcy>EXTRADACH sp. z o.o. sp.k.</NazwaDostawcy>
            <DowodZakupu>FS-190/MST/08/23</DowodZakupu>
            <DataZakupu>2023-08-24</DataZakupu>
            <DataWplywu>2023-08-31</DataWplywu>
            <K_42>1639.44</K_42>
            <K_43>377.07</K_43>
        </ZakupWiersz>
        <ZakupWiersz>
            <LpZakupu>23</LpZakupu>
            <KodKrajuNadaniaTIN>PL</KodKrajuNadaniaTIN>
            <NrDostawcy>8522541532</NrDostawcy>
            <NazwaDostawcy>EXTRADACH sp. z o.o. sp.k.</NazwaDostawcy>
            <DowodZakupu>FS-1595/MSZ/08/23</DowodZakupu>
            <DataZakupu>2023-08-29</DataZakupu>
            <DataWplywu>2023-08-31</DataWplywu>
            <K_42>14412.76</K_42>
            <K_43>3314.93</K_43>
        </ZakupWiersz>
        <ZakupWiersz>
            <LpZakupu>24</LpZakupu>
            <KodKrajuNadaniaTIN>PL</KodKrajuNadaniaTIN>
            <NrDostawcy>8522541532</NrDostawcy>
            <NazwaDostawcy>EXTRADACH sp. z o.o. sp.k.</NazwaDostawcy>
            <DowodZakupu>FSK-1780/MSZ/08/23</DowodZakupu>
            <DataZakupu>2023-08-30</DataZakupu>
            <DataWplywu>2023-08-31</DataWplywu>
            <K_42>-312.30</K_42>
            <K_43>-71.83</K_43>
        </ZakupWiersz>
        <ZakupWiersz>
            <LpZakupu>25</LpZakupu>
            <KodKrajuNadaniaTIN>PL</KodKrajuNadaniaTIN>
            <NrDostawcy>8561661418</NrDostawcy>
            <NazwaDostawcy>EKO-SUR Karolina Konieczna</NazwaDostawcy>
            <DowodZakupu>45U/08/2023</DowodZakupu>
            <DataZakupu>2023-08-31</DataZakupu>
            <DataWplywu>2023-08-31</DataWplywu>
            <K_42>1388.89</K_42>
            <K_43>111.11</K_43>
        </ZakupWiersz>
        <ZakupCtrl>
            <LiczbaWierszyZakupow>25</LiczbaWierszyZakupow>
            <PodatekNaliczony>16675.25</PodatekNaliczony>
        </ZakupCtrl>
    </Ewidencja>
</JPK>
