<?xml version="1.0" encoding="UTF-8" standalone="yes"?>
<JPK xmlns="http://crd.gov.pl/wzor/2021/12/27/11148/" xmlns:ns2="http://crd.gov.pl/xml/schematy/dziedzinowe/mf/2021/06/08/eD/DefinicjeTypy/" xmlns:ns3="http://crd.gov.pl/wzor/2021/12/27/11149/">
    <Naglowek>
        <KodFormularza kodSystemowy="JPK_V7M (2)" wersjaSchemy="1-0E">JPK_VAT</KodFormularza>
        <WariantFormularza>2</WariantFormularza>
        <DataWytworzeniaJPK>2023-09-12T12:36:52.366Z</DataWytworzeniaJPK>
        <NazwaSystemu>Taxman</NazwaSystemu>
        <CelZlozenia poz="P_7">2</CelZlozenia>
        <KodUrzedu>3215</KodUrzedu>
        <Rok>2023</Rok>
        <Miesiac>6</Miesiac>
    </Naglowek>
    <Podmiot1 rola="Podatnik">
        <OsobaNiefizyczna>
            <NIP>8513243829</NIP>
            <PelnaNazwa>MFW sp. z o.o. sp.k.</PelnaNazwa>
            <Email>m.januszewska@taxman.biz.pl</Email>
            <Telefon>532434442</Telefon>
        </OsobaNiefizyczna>
    </Podmiot1>
    <Deklaracja>
        <Naglowek>
            <KodFormularzaDekl kodSystemowy="VAT-7 (22)" kodPodatku="VAT" rodzajZobowiazania="Z" wersjaSchemy="1-0E">VAT-7</KodFormularzaDekl>
            <WariantFormularzaDekl>22</WariantFormularzaDekl>
        </Naglowek>
        <PozycjeSzczegolowe>
            <P_11>5218</P_11>
            <P_29>2551</P_29>
            <P_30>587</P_30>
            <P_35>0</P_35>
            <P_37>7769</P_37>
            <P_38>587</P_38>
            <P_39>41737</P_39>
            <P_40>0</P_40>
            <P_41>0</P_41>
            <P_42>20981</P_42>
            <P_43>4429</P_43>
            <P_48>46166</P_48>
            <P_49>0</P_49>
            <P_51>0</P_51>
            <P_52>0</P_52>
            <P_53>45579</P_53>
            <P_54>45579</P_54>
            <P_57>1</P_57>
            <P_59>1</P_59>
            <P_60>45579</P_60>
            <P_61>CIT 2021:3424+odsetki 278; CIT 2022 35296+odsetki 2785; CIT II kw 2023: 3796</P_61>
            <P_62>0</P_62>
        </PozycjeSzczegolowe>
        <Pouczenia>1</Pouczenia>
    </Deklaracja>
    <Ewidencja>
        <SprzedazWiersz>
            <LpSprzedazy>1</LpSprzedazy>
            <KodKrajuNadaniaTIN>DE</KodKrajuNadaniaTIN>
            <NrKontrahenta>52371548900</NrKontrahenta>
            <NazwaKontrahenta>Denis Erkic</NazwaKontrahenta>
            <DowodSprzedazy>9/2023</DowodSprzedazy>
            <DataWystawienia>2023-06-30</DataWystawienia>
            <DataSprzedazy>2023-06-01</DataSprzedazy>
            <K_11>5218.24</K_11>
        </SprzedazWiersz>
        <SprzedazWiersz>
            <LpSprzedazy>2</LpSprzedazy>
            <KodKrajuNadaniaTIN>DE</KodKrajuNadaniaTIN>
            <NrKontrahenta>298145243</NrKontrahenta>
            <NazwaKontrahenta>D.D.R.</NazwaKontrahenta>
            <DowodSprzedazy>2300477</DowodSprzedazy>
            <DataWystawienia>2023-06-30</DataWystawienia>
            <DataSprzedazy>2023-06-25</DataSprzedazy>
            <K_29>1441.93</K_29>
            <K_30>331.64</K_30>
        </SprzedazWiersz>
        <SprzedazWiersz>
            <LpSprzedazy>3</LpSprzedazy>
            <KodKrajuNadaniaTIN>DE</KodKrajuNadaniaTIN>
            <NrKontrahenta>298145243</NrKontrahenta>
            <NazwaKontrahenta>D.D.R.</NazwaKontrahenta>
            <DowodSprzedazy>2300476</DowodSprzedazy>
            <DataWystawienia>2023-06-30</DataWystawienia>
            <DataSprzedazy>2023-06-25</DataSprzedazy>
            <K_29>1109.17</K_29>
            <K_30>255.11</K_30>
        </SprzedazWiersz>
        <SprzedazCtrl>
            <LiczbaWierszySprzedazy>3</LiczbaWierszySprzedazy>
            <PodatekNalezny>586.75</PodatekNalezny>
        </SprzedazCtrl>
        <ZakupWiersz>
            <LpZakupu>1</LpZakupu>
            <KodKrajuNadaniaTIN>PL</KodKrajuNadaniaTIN>
            <NrDostawcy>7740001454</NrDostawcy>
            <NazwaDostawcy>POLSKI KONCERN NAFTOWY ORLEN S.A.</NazwaDostawcy>
            <DowodZakupu>3180K3/0154/23</DowodZakupu>
            <DataZakupu>2023-05-03</DataZakupu>
            <DataWplywu>2023-06-30</DataWplywu>
            <K_42>268.43</K_42>
            <K_43>30.87</K_43>
        </ZakupWiersz>
        <ZakupWiersz>
            <LpZakupu>2</LpZakupu>
            <KodKrajuNadaniaTIN>PL</KodKrajuNadaniaTIN>
            <NrDostawcy>5213110063</NrDostawcy>
            <NazwaDostawcy>BNP PARIBAS LEASING SERVICES sp. z o.o.</NazwaDostawcy>
            <DowodZakupu>41810/06/2023/RL/LS</DowodZakupu>
            <DataZakupu>2023-06-01</DataZakupu>
            <DataWplywu>2023-06-30</DataWplywu>
            <K_42>1595.88</K_42>
            <K_43>183.53</K_43>
        </ZakupWiersz>
        <ZakupWiersz>
            <LpZakupu>3</LpZakupu>
            <KodKrajuNadaniaTIN>PL</KodKrajuNadaniaTIN>
            <NrDostawcy>8581833377</NrDostawcy>
            <NazwaDostawcy>TRAVIA Perlak Szymon</NazwaDostawcy>
            <DowodZakupu>190/23</DowodZakupu>
            <DataZakupu>2023-06-05</DataZakupu>
            <DataWplywu>2023-06-30</DataWplywu>
            <K_42>1400.00</K_42>
            <K_43>161.0</K_43>
        </ZakupWiersz>
        <ZakupWiersz>
            <LpZakupu>4</LpZakupu>
            <KodKrajuNadaniaTIN>PL</KodKrajuNadaniaTIN>
            <NrDostawcy>5261009959</NrDostawcy>
            <NazwaDostawcy>CASTORAMA POLSKA sp. z o.o.</NazwaDostawcy>
            <DowodZakupu>8814/8014/2023</DowodZakupu>
            <DataZakupu>2023-06-07</DataZakupu>
            <DataWplywu>2023-06-30</DataWplywu>
            <K_42>1430.18</K_42>
            <K_43>328.94</K_43>
        </ZakupWiersz>
        <ZakupWiersz>
            <LpZakupu>5</LpZakupu>
            <KodKrajuNadaniaTIN>PL</KodKrajuNadaniaTIN>
            <NrDostawcy>8511005008</NrDostawcy>
            <NazwaDostawcy>" TAXMAN " BIURO RACHUNKOWE Grzegorz Grzelczyk</NazwaDostawcy>
            <DowodZakupu>7/2023828282/MFW 828282</DowodZakupu>
            <DataZakupu>2023-06-12</DataZakupu>
            <DataWplywu>2023-06-30</DataWplywu>
            <K_42>1250.00</K_42>
            <K_43>287.5</K_43>
        </ZakupWiersz>
        <ZakupWiersz>
            <LpZakupu>6</LpZakupu>
            <KodKrajuNadaniaTIN>PL</KodKrajuNadaniaTIN>
            <NrDostawcy>5261040567</NrDostawcy>
            <NazwaDostawcy>T mobile Polska SA</NazwaDostawcy>
            <DowodZakupu>513783870623</DowodZakupu>
            <DataZakupu>2023-06-13</DataZakupu>
            <DataWplywu>2023-06-30</DataWplywu>
            <K_42>45.00</K_42>
            <K_43>10.35</K_43>
        </ZakupWiersz>
        <ZakupWiersz>
            <LpZakupu>7</LpZakupu>
            <KodKrajuNadaniaTIN>PL</KodKrajuNadaniaTIN>
            <NrDostawcy>9552413963</NrDostawcy>
            <NazwaDostawcy>DNHS PARK Sp. z o.o. sp.kom.</NazwaDostawcy>
            <DowodZakupu>8685K2/7677/23</DowodZakupu>
            <DataZakupu>2023-06-16</DataZakupu>
            <DataWplywu>2023-06-30</DataWplywu>
            <K_42>182.95</K_42>
            <K_43>21.04</K_43>
        </ZakupWiersz>
        <ZakupWiersz>
            <LpZakupu>8</LpZakupu>
            <KodKrajuNadaniaTIN>PL</KodKrajuNadaniaTIN>
            <NrDostawcy>9552150156</NrDostawcy>
            <NazwaDostawcy>BOMOTIV S.C. ADAM Borysewicz,beata Borysewicz</NazwaDostawcy>
            <DowodZakupu>002394/S01/2023</DowodZakupu>
            <DataZakupu>2023-06-27</DataZakupu>
            <DataWplywu>2023-06-30</DataWplywu>
            <K_42>6141.40</K_42>
            <K_43>1412.52</K_43>
        </ZakupWiersz>
        <ZakupWiersz>
            <LpZakupu>9</LpZakupu>
            <KodKrajuNadaniaTIN>PL</KodKrajuNadaniaTIN>
            <NrDostawcy>9552150156</NrDostawcy>
            <NazwaDostawcy>BOMOTIV S.C. ADAM Borysewicz,beata Borysewicz</NazwaDostawcy>
            <DowodZakupu>002395/S01/2023</DowodZakupu>
            <DataZakupu>2023-06-27</DataZakupu>
            <DataWplywu>2023-06-30</DataWplywu>
            <K_42>5986.07</K_42>
            <K_43>1376.8</K_43>
        </ZakupWiersz>
        <ZakupWiersz>
            <LpZakupu>10</LpZakupu>
            <KodKrajuNadaniaTIN>PL</KodKrajuNadaniaTIN>
            <NrDostawcy>9552000238</NrDostawcy>
            <NazwaDostawcy>SZCZECIŃSKI PARK NAUKOWO-TECHNOLOGICZNY SP. Z O.O.</NazwaDostawcy>
            <DowodZakupu>FV/N/WB/189/06/2023</DowodZakupu>
            <DataZakupu>2023-06-30</DataZakupu>
            <DataWplywu>2023-06-30</DataWplywu>
            <K_42>130.00</K_42>
            <K_43>29.9</K_43>
        </ZakupWiersz>
        <ZakupWiersz>
            <LpZakupu>11</LpZakupu>
            <KodKrajuNadaniaTIN>DE</KodKrajuNadaniaTIN>
            <NrDostawcy>298145243</NrDostawcy>
            <NazwaDostawcy>D.D.R.</NazwaDostawcy>
            <DowodZakupu>2300477</DowodZakupu>
            <DataZakupu>2023-06-25</DataZakupu>
            <DataWplywu>2023-06-30</DataWplywu>
            <K_42>1441.93</K_42>
            <K_43>331.64</K_43>
        </ZakupWiersz>
        <ZakupWiersz>
            <LpZakupu>12</LpZakupu>
            <KodKrajuNadaniaTIN>DE</KodKrajuNadaniaTIN>
            <NrDostawcy>298145243</NrDostawcy>
            <NazwaDostawcy>D.D.R.</NazwaDostawcy>
            <DowodZakupu>2300476</DowodZakupu>
            <DataZakupu>2023-06-25</DataZakupu>
            <DataWplywu>2023-06-30</DataWplywu>
            <K_42>1109.17</K_42>
            <K_43>255.11</K_43>
        </ZakupWiersz>
        <ZakupCtrl>
            <LiczbaWierszyZakupow>12</LiczbaWierszyZakupow>
            <PodatekNaliczony>4429.20</PodatekNaliczony>
        </ZakupCtrl>
    </Ewidencja>
</JPK>
