<?xml version="1.0" encoding="UTF-8" standalone="yes"?>
<JPK xmlns="http://crd.gov.pl/wzor/2021/12/27/11148/" xmlns:ns2="http://crd.gov.pl/xml/schematy/dziedzinowe/mf/2021/06/08/eD/DefinicjeTypy/" xmlns:ns3="http://crd.gov.pl/wzor/2021/12/27/11149/">
    <Naglowek>
        <KodFormularza kodSystemowy="JPK_V7M (2)" wersjaSchemy="1-0E">JPK_VAT</KodFormularza>
        <WariantFormularza>2</WariantFormularza>
        <DataWytworzeniaJPK>2023-09-14T14:00:36.735Z</DataWytworzeniaJPK>
        <NazwaSystemu>Taxman</NazwaSystemu>
        <CelZlozenia poz="P_7">1</CelZlozenia>
        <KodUrzedu>3215</KodUrzedu>
        <Rok>2023</Rok>
        <Miesiac>8</Miesiac>
    </Naglowek>
    <Podmiot1 rola="Podatnik">
        <OsobaFizyczna>
            <ns2:NIP>8522442652</ns2:NIP>
            <ns2:ImiePierwsze>Karol</ns2:ImiePierwsze>
            <ns2:Nazwisko>Kłaczyński</ns2:Nazwisko>
            <ns2:DataUrodzenia>1987-07-02</ns2:DataUrodzenia>
            <Email>d.andrzejak@taxman.biz.pl</Email>
            <Telefon>532434441</Telefon>
        </OsobaFizyczna>
    </Podmiot1>
    <Deklaracja>
        <Naglowek>
            <KodFormularzaDekl kodSystemowy="VAT-7 (22)" kodPodatku="VAT" rodzajZobowiazania="Z" wersjaSchemy="1-0E">VAT-7</KodFormularzaDekl>
            <WariantFormularzaDekl>22</WariantFormularzaDekl>
        </Naglowek>
        <PozycjeSzczegolowe>
            <P_19>4320</P_19>
            <P_20>994</P_20>
            <P_35>0</P_35>
            <P_37>4320</P_37>
            <P_38>994</P_38>
            <P_39>0</P_39>
            <P_40>0</P_40>
            <P_41>0</P_41>
            <P_42>2078</P_42>
            <P_43>388</P_43>
            <P_48>388</P_48>
            <P_49>0</P_49>
            <P_51>606</P_51>
            <P_52>0</P_52>
            <P_53>0</P_53>
            <P_62>0</P_62>
        </PozycjeSzczegolowe>
        <Pouczenia>1</Pouczenia>
    </Deklaracja>
    <Ewidencja>
        <SprzedazWiersz>
            <LpSprzedazy>1</LpSprzedazy>
            <KodKrajuNadaniaTIN>PL</KodKrajuNadaniaTIN>
            <NrKontrahenta>8511672182</NrKontrahenta>
            <NazwaKontrahenta>USŁUGI OGÓLNOBUDOWLANE Ireneusz Tubis</NazwaKontrahenta>
            <DowodSprzedazy>F/9/23</DowodSprzedazy>
            <DataWystawienia>2023-08-07</DataWystawienia>
            <DataSprzedazy>2023-08-07</DataSprzedazy>
            <TP>1</TP>
            <K_19>4320.20</K_19>
            <K_20>993.65</K_20>
        </SprzedazWiersz>
        <SprzedazCtrl>
            <LiczbaWierszySprzedazy>1</LiczbaWierszySprzedazy>
            <PodatekNalezny>993.65</PodatekNalezny>
        </SprzedazCtrl>
        <ZakupWiersz>
            <LpZakupu>1</LpZakupu>
            <KodKrajuNadaniaTIN>PL</KodKrajuNadaniaTIN>
            <NrDostawcy>9552337541</NrDostawcy>
            <NazwaDostawcy>Towar towarnicki sp.j.</NazwaDostawcy>
            <DowodZakupu>7/08/2023</DowodZakupu>
            <DataZakupu>2023-08-03</DataZakupu>
            <DataWplywu>2023-08-03</DataWplywu>
            <K_42>600.00</K_42>
            <K_43>48.0</K_43>
        </ZakupWiersz>
        <ZakupWiersz>
            <LpZakupu>2</LpZakupu>
            <KodKrajuNadaniaTIN>PL</KodKrajuNadaniaTIN>
            <NrDostawcy>8511005008</NrDostawcy>
            <NazwaDostawcy>" TAXMAN " BIURO RACHUNKOWE Grzegorz Grzelczyk</NazwaDostawcy>
            <DowodZakupu>8/2023/KŁAC</DowodZakupu>
            <DataZakupu>2023-08-07</DataZakupu>
            <DataWplywu>2023-08-07</DataWplywu>
            <K_42>130.08</K_42>
            <K_43>29.92</K_43>
        </ZakupWiersz>
        <ZakupWiersz>
            <LpZakupu>3</LpZakupu>
            <KodKrajuNadaniaTIN>PL</KodKrajuNadaniaTIN>
            <NrDostawcy>9551909774</NrDostawcy>
            <NazwaDostawcy>RAMIRENT S.A.</NazwaDostawcy>
            <DowodZakupu>FV/SZC/23/08/073</DowodZakupu>
            <DataZakupu>2023-08-10</DataZakupu>
            <DataWplywu>2023-08-10</DataWplywu>
            <K_42>421.23</K_42>
            <K_43>96.88</K_43>
        </ZakupWiersz>
        <ZakupWiersz>
            <LpZakupu>4</LpZakupu>
            <KodKrajuNadaniaTIN>PL</KodKrajuNadaniaTIN>
            <NrDostawcy>9551909774</NrDostawcy>
            <NazwaDostawcy>RAMIRENT S.A.</NazwaDostawcy>
            <DowodZakupu>FV/SZC/23/08/220</DowodZakupu>
            <DataZakupu>2023-08-25</DataZakupu>
            <DataWplywu>2023-08-25</DataWplywu>
            <K_42>542.85</K_42>
            <K_43>124.86</K_43>
        </ZakupWiersz>
        <ZakupWiersz>
            <LpZakupu>5</LpZakupu>
            <KodKrajuNadaniaTIN>PL</KodKrajuNadaniaTIN>
            <NrDostawcy>9512120077</NrDostawcy>
            <NazwaDostawcy>"P4 sp. z o.o."</NazwaDostawcy>
            <DowodZakupu>F/60208007/08/23</DowodZakupu>
            <DataZakupu>2023-08-27</DataZakupu>
            <DataWplywu>2023-08-27</DataWplywu>
            <K_42>310.98</K_42>
            <K_43>71.53</K_43>
        </ZakupWiersz>
        <ZakupWiersz>
            <LpZakupu>6</LpZakupu>
            <KodKrajuNadaniaTIN>PL</KodKrajuNadaniaTIN>
            <NrDostawcy>8512762668</NrDostawcy>
            <NazwaDostawcy>PRZEDSIĘBIORSTWO HANDLOWE "DOMLUX" sp. z o.o.</NazwaDostawcy>
            <DowodZakupu>5481/2023</DowodZakupu>
            <DataZakupu>2023-08-30</DataZakupu>
            <DataWplywu>2023-08-30</DataWplywu>
            <K_42>72.40</K_42>
            <K_43>16.65</K_43>
        </ZakupWiersz>
        <ZakupCtrl>
            <LiczbaWierszyZakupow>6</LiczbaWierszyZakupow>
            <PodatekNaliczony>387.84</PodatekNaliczony>
        </ZakupCtrl>
    </Ewidencja>
</JPK>
