<?xml version="1.0" encoding="UTF-8" standalone="yes"?>
<JPK xmlns="http://crd.gov.pl/wzor/2021/12/27/11148/" xmlns:ns2="http://crd.gov.pl/xml/schematy/dziedzinowe/mf/2021/06/08/eD/DefinicjeTypy/" xmlns:ns3="http://crd.gov.pl/wzor/2021/12/27/11149/">
    <Naglowek>
        <KodFormularza kodSystemowy="JPK_V7M (2)" wersjaSchemy="1-0E">JPK_VAT</KodFormularza>
        <WariantFormularza>2</WariantFormularza>
        <DataWytworzeniaJPK>2023-09-14T13:35:11.003Z</DataWytworzeniaJPK>
        <NazwaSystemu>Taxman</NazwaSystemu>
        <CelZlozenia poz="P_7">2</CelZlozenia>
        <KodUrzedu>3215</KodUrzedu>
        <Rok>2023</Rok>
        <Miesiac>5</Miesiac>
    </Naglowek>
    <Podmiot1 rola="Podatnik">
        <OsobaNiefizyczna>
            <NIP>8522658889</NIP>
            <PelnaNazwa>DRUGA ŻONA sp. z o.o.</PelnaNazwa>
            <Email>m.janowska@taxman.biz.pl</Email>
            <Telefon>507700791</Telefon>
        </OsobaNiefizyczna>
    </Podmiot1>
    <Deklaracja>
        <Naglowek>
            <KodFormularzaDekl kodSystemowy="VAT-7 (22)" kodPodatku="VAT" rodzajZobowiazania="Z" wersjaSchemy="1-0E">VAT-7</KodFormularzaDekl>
            <WariantFormularzaDekl>22</WariantFormularzaDekl>
        </Naglowek>
        <PozycjeSzczegolowe>
            <P_15>803</P_15>
            <P_16>40</P_16>
            <P_17>80092</P_17>
            <P_18>6407</P_18>
            <P_19>3857</P_19>
            <P_20>887</P_20>
            <P_35>0</P_35>
            <P_37>84752</P_37>
            <P_38>7334</P_38>
            <P_39>1979</P_39>
            <P_40>0</P_40>
            <P_41>0</P_41>
            <P_42>62314</P_42>
            <P_43>8452</P_43>
            <P_48>10431</P_48>
            <P_49>0</P_49>
            <P_51>0</P_51>
            <P_52>0</P_52>
            <P_53>3097</P_53>
            <P_62>3097</P_62>
        </PozycjeSzczegolowe>
        <Pouczenia>1</Pouczenia>
    </Deklaracja>
    <Ewidencja>
        <SprzedazWiersz>
            <LpSprzedazy>1</LpSprzedazy>
            <KodKrajuNadaniaTIN>PL</KodKrajuNadaniaTIN>
            <NrKontrahenta>8522658889</NrKontrahenta>
            <NazwaKontrahenta>DRUGA ŻONA sp. z o.o.</NazwaKontrahenta>
            <DowodSprzedazy>1/05/2023</DowodSprzedazy>
            <DataWystawienia>2023-05-31</DataWystawienia>
            <DataSprzedazy>2023-05-31</DataSprzedazy>
            <TypDokumentu>RO</TypDokumentu>
            <K_17>80092.30</K_17>
            <K_18>6407.38</K_18>
        </SprzedazWiersz>
        <SprzedazWiersz>
            <LpSprzedazy>2</LpSprzedazy>
            <KodKrajuNadaniaTIN>PL</KodKrajuNadaniaTIN>
            <NrKontrahenta>8522658889</NrKontrahenta>
            <NazwaKontrahenta>DRUGA ŻONA sp. z o.o.</NazwaKontrahenta>
            <DowodSprzedazy>1/05/2023</DowodSprzedazy>
            <DataWystawienia>2023-05-31</DataWystawienia>
            <DataSprzedazy>2023-05-31</DataSprzedazy>
            <TypDokumentu>RO</TypDokumentu>
            <K_15>802.55</K_15>
            <K_16>40.14</K_16>
        </SprzedazWiersz>
        <SprzedazWiersz>
            <LpSprzedazy>3</LpSprzedazy>
            <KodKrajuNadaniaTIN>PL</KodKrajuNadaniaTIN>
            <NrKontrahenta>8522658889</NrKontrahenta>
            <NazwaKontrahenta>DRUGA ŻONA sp. z o.o.</NazwaKontrahenta>
            <DowodSprzedazy>1/05/2023</DowodSprzedazy>
            <DataWystawienia>2023-05-31</DataWystawienia>
            <DataSprzedazy>2023-05-31</DataSprzedazy>
            <TypDokumentu>RO</TypDokumentu>
            <K_19>3857.17</K_19>
            <K_20>887.15</K_20>
        </SprzedazWiersz>
        <SprzedazCtrl>
            <LiczbaWierszySprzedazy>3</LiczbaWierszySprzedazy>
            <PodatekNalezny>7334.67</PodatekNalezny>
        </SprzedazCtrl>
        <ZakupWiersz>
            <LpZakupu>1</LpZakupu>
            <KodKrajuNadaniaTIN>PL</KodKrajuNadaniaTIN>
            <NrDostawcy>7770020640</NrDostawcy>
            <NazwaDostawcy>ENEA S.A.</NazwaDostawcy>
            <DowodZakupu>P/24020649/0001/23</DowodZakupu>
            <DataZakupu>2023-01-31</DataZakupu>
            <DataWplywu>2023-05-31</DataWplywu>
            <K_42>6481.80</K_42>
            <K_43>1128.58</K_43>
        </ZakupWiersz>
        <ZakupWiersz>
            <LpZakupu>2</LpZakupu>
            <KodKrajuNadaniaTIN>PL</KodKrajuNadaniaTIN>
            <NrDostawcy>7770020640</NrDostawcy>
            <NazwaDostawcy>ENEA S.A.</NazwaDostawcy>
            <DowodZakupu>P/24020649/0002/22</DowodZakupu>
            <DataZakupu>2023-02-28</DataZakupu>
            <DataWplywu>2023-05-31</DataWplywu>
            <K_42>481.32</K_42>
            <K_43>24.07</K_43>
        </ZakupWiersz>
        <ZakupWiersz>
            <LpZakupu>3</LpZakupu>
            <KodKrajuNadaniaTIN>PL</KodKrajuNadaniaTIN>
            <NrDostawcy>7770020640</NrDostawcy>
            <NazwaDostawcy>ENEA S.A.</NazwaDostawcy>
            <DowodZakupu>P/24020649/0002/23</DowodZakupu>
            <DataZakupu>2023-03-31</DataZakupu>
            <DataWplywu>2023-05-31</DataWplywu>
            <K_42>17229.81</K_42>
            <K_43>3962.86</K_43>
        </ZakupWiersz>
        <ZakupWiersz>
            <LpZakupu>4</LpZakupu>
            <KodKrajuNadaniaTIN>PL</KodKrajuNadaniaTIN>
            <NrDostawcy>5220002860</NrDostawcy>
            <NazwaDostawcy>Makro Cash and Carry polska SA</NazwaDostawcy>
            <DowodZakupu>0/0(010)00048/105127</DowodZakupu>
            <DataZakupu>2023-04-15</DataZakupu>
            <DataWplywu>2023-04-30</DataWplywu>
            <K_42>1294.84</K_42>
            <K_43>20.54</K_43>
        </ZakupWiersz>
        <ZakupWiersz>
            <LpZakupu>5</LpZakupu>
            <KodKrajuNadaniaTIN>PL</KodKrajuNadaniaTIN>
            <NrDostawcy>9551926235</NrDostawcy>
            <NazwaDostawcy>Michalczyk Maciej</NazwaDostawcy>
            <DowodZakupu>3/05/2023/WY</DowodZakupu>
            <DataZakupu>2023-05-02</DataZakupu>
            <DataWplywu>2023-05-31</DataWplywu>
            <K_42>4351.28</K_42>
            <K_43>1000.79</K_43>
        </ZakupWiersz>
        <ZakupWiersz>
            <LpZakupu>6</LpZakupu>
            <KodKrajuNadaniaTIN>PL</KodKrajuNadaniaTIN>
            <NrDostawcy>5213828837</NrDostawcy>
            <NazwaDostawcy>CHAUDARY FOOD TRADERS sp. z o.o.</NazwaDostawcy>
            <DowodZakupu>F/0042/05/23/MG_P</DowodZakupu>
            <DataZakupu>2023-05-04</DataZakupu>
            <DataWplywu>2023-05-31</DataWplywu>
            <K_42>2301.00</K_42>
            <K_43>34.78</K_43>
        </ZakupWiersz>
        <ZakupWiersz>
            <LpZakupu>7</LpZakupu>
            <KodKrajuNadaniaTIN>PL</KodKrajuNadaniaTIN>
            <NrDostawcy>5220002860</NrDostawcy>
            <NazwaDostawcy>Makro Cash and Carry polska SA</NazwaDostawcy>
            <DowodZakupu>0/0(010)0004/124083</DowodZakupu>
            <DataZakupu>2023-05-04</DataZakupu>
            <DataWplywu>2023-05-31</DataWplywu>
            <K_42>271.96</K_42>
            <K_43>57.91</K_43>
        </ZakupWiersz>
        <ZakupWiersz>
            <LpZakupu>8</LpZakupu>
            <KodKrajuNadaniaTIN>PL</KodKrajuNadaniaTIN>
            <NrDostawcy>5220002860</NrDostawcy>
            <NazwaDostawcy>Makro Cash and Carry polska SA</NazwaDostawcy>
            <DowodZakupu>0/0(010)0004/125033</DowodZakupu>
            <DataZakupu>2023-05-05</DataZakupu>
            <DataWplywu>2023-05-31</DataWplywu>
            <K_42>834.62</K_42>
            <K_43>26.21</K_43>
        </ZakupWiersz>
        <ZakupWiersz>
            <LpZakupu>9</LpZakupu>
            <KodKrajuNadaniaTIN>PL</KodKrajuNadaniaTIN>
            <NrDostawcy>9552394071</NrDostawcy>
            <NazwaDostawcy>TEDMARK sp. z o.o. sp.k.</NazwaDostawcy>
            <DowodZakupu>FV/4041/2023/TED</DowodZakupu>
            <DataZakupu>2023-05-05</DataZakupu>
            <DataWplywu>2023-05-31</DataWplywu>
            <K_42>1960.93</K_42>
            <K_43>451.01</K_43>
        </ZakupWiersz>
        <ZakupWiersz>
            <LpZakupu>10</LpZakupu>
            <KodKrajuNadaniaTIN>PL</KodKrajuNadaniaTIN>
            <NrDostawcy>1130089950</NrDostawcy>
            <NazwaDostawcy>"LEROY-MERLIN POLSKA" sp. z o.o.</NazwaDostawcy>
            <DowodZakupu>155224/0970</DowodZakupu>
            <DataZakupu>2023-05-05</DataZakupu>
            <DataWplywu>2023-05-31</DataWplywu>
            <K_42>292.52</K_42>
            <K_43>67.28</K_43>
        </ZakupWiersz>
        <ZakupWiersz>
            <LpZakupu>11</LpZakupu>
            <KodKrajuNadaniaTIN>PL</KodKrajuNadaniaTIN>
            <NrDostawcy>5220002860</NrDostawcy>
            <NazwaDostawcy>Makro Cash and Carry polska SA</NazwaDostawcy>
            <DowodZakupu>0/0(010)0048/126090</DowodZakupu>
            <DataZakupu>2023-05-06</DataZakupu>
            <DataWplywu>2023-05-31</DataWplywu>
            <K_42>3993.17</K_42>
            <K_43>24.73</K_43>
        </ZakupWiersz>
        <ZakupWiersz>
            <LpZakupu>12</LpZakupu>
            <KodKrajuNadaniaTIN>PL</KodKrajuNadaniaTIN>
            <NrDostawcy>5220002860</NrDostawcy>
            <NazwaDostawcy>Makro Cash and Carry polska SA</NazwaDostawcy>
            <DowodZakupu>0/0(10)0005/126018</DowodZakupu>
            <DataZakupu>2023-05-06</DataZakupu>
            <DataWplywu>2023-05-31</DataWplywu>
            <K_42>821.44</K_42>
            <K_43>188.93</K_43>
        </ZakupWiersz>
        <ZakupWiersz>
            <LpZakupu>13</LpZakupu>
            <KodKrajuNadaniaTIN>PL</KodKrajuNadaniaTIN>
            <NrDostawcy>1132485058</NrDostawcy>
            <NazwaDostawcy>MEDIA MARKT POLSKA SP. Z O.O. SZCZECIN SPÓŁKA KOMANDYTOWA</NazwaDostawcy>
            <DowodZakupu>60619018</DowodZakupu>
            <DataZakupu>2023-05-08</DataZakupu>
            <DataWplywu>2023-05-31</DataWplywu>
            <K_42>695.93</K_42>
            <K_43>160.06</K_43>
        </ZakupWiersz>
        <ZakupWiersz>
            <LpZakupu>14</LpZakupu>
            <KodKrajuNadaniaTIN>PL</KodKrajuNadaniaTIN>
            <NrDostawcy>8511005008</NrDostawcy>
            <NazwaDostawcy>" TAXMAN " BIURO RACHUNKOWE Grzegorz Grzelczyk</NazwaDostawcy>
            <DowodZakupu>5/20238888/DRUG8888</DowodZakupu>
            <DataZakupu>2023-05-09</DataZakupu>
            <DataWplywu>2023-05-31</DataWplywu>
            <K_42>1200.00</K_42>
            <K_43>276.0</K_43>
        </ZakupWiersz>
        <ZakupWiersz>
            <LpZakupu>15</LpZakupu>
            <KodKrajuNadaniaTIN>PL</KodKrajuNadaniaTIN>
            <NrDostawcy>5213828837</NrDostawcy>
            <NazwaDostawcy>CHAUDARY FOOD TRADERS sp. z o.o.</NazwaDostawcy>
            <DowodZakupu>F/0104/05/23/MG_P</DowodZakupu>
            <DataZakupu>2023-05-10</DataZakupu>
            <DataWplywu>2023-05-31</DataWplywu>
            <K_42>1316.01</K_42>
            <K_43>12.75</K_43>
        </ZakupWiersz>
        <ZakupWiersz>
            <LpZakupu>16</LpZakupu>
            <KodKrajuNadaniaTIN>PL</KodKrajuNadaniaTIN>
            <NrDostawcy>1130089950</NrDostawcy>
            <NazwaDostawcy>"LEROY-MERLIN POLSKA" sp. z o.o.</NazwaDostawcy>
            <DowodZakupu>156562/0974</DowodZakupu>
            <DataZakupu>2023-05-10</DataZakupu>
            <DataWplywu>2023-05-31</DataWplywu>
            <K_42>292.52</K_42>
            <K_43>67.28</K_43>
        </ZakupWiersz>
        <ZakupWiersz>
            <LpZakupu>17</LpZakupu>
            <KodKrajuNadaniaTIN>PL</KodKrajuNadaniaTIN>
            <NrDostawcy>5921987110</NrDostawcy>
            <NazwaDostawcy>Farutex sp. z o.o.</NazwaDostawcy>
            <DowodZakupu>FV/SZ/23/05-01605</DowodZakupu>
            <DataZakupu>2023-05-11</DataZakupu>
            <DataWplywu>2023-05-31</DataWplywu>
            <K_42>1222.70</K_42>
            <K_43>47.79</K_43>
        </ZakupWiersz>
        <ZakupWiersz>
            <LpZakupu>18</LpZakupu>
            <KodKrajuNadaniaTIN>PL</KodKrajuNadaniaTIN>
            <NrDostawcy>5220002860</NrDostawcy>
            <NazwaDostawcy>Makro Cash and Carry polska SA</NazwaDostawcy>
            <DowodZakupu>0/0(010)0048/132159</DowodZakupu>
            <DataZakupu>2023-05-12</DataZakupu>
            <DataWplywu>2023-05-31</DataWplywu>
            <K_42>1721.65</K_42>
            <K_43>39.52</K_43>
        </ZakupWiersz>
        <ZakupWiersz>
            <LpZakupu>19</LpZakupu>
            <KodKrajuNadaniaTIN>PL</KodKrajuNadaniaTIN>
            <NrDostawcy>9491923143</NrDostawcy>
            <NazwaDostawcy>QUBUSS Jakub Kidawa</NazwaDostawcy>
            <DowodZakupu>F/062516/23</DowodZakupu>
            <DataZakupu>2023-05-15</DataZakupu>
            <DataWplywu>2023-05-31</DataWplywu>
            <K_42>53.61</K_42>
            <K_43>12.33</K_43>
        </ZakupWiersz>
        <ZakupWiersz>
            <LpZakupu>20</LpZakupu>
            <KodKrajuNadaniaTIN>PL</KodKrajuNadaniaTIN>
            <NrDostawcy>7773323424</NrDostawcy>
            <NazwaDostawcy>TADAR sp. z o.o. sp.k.</NazwaDostawcy>
            <DowodZakupu>FS-EC/14502/5/2023</DowodZakupu>
            <DataZakupu>2023-05-15</DataZakupu>
            <DataWplywu>2023-05-31</DataWplywu>
            <K_42>48.76</K_42>
            <K_43>11.21</K_43>
        </ZakupWiersz>
        <ZakupWiersz>
            <LpZakupu>21</LpZakupu>
            <KodKrajuNadaniaTIN>PL</KodKrajuNadaniaTIN>
            <NrDostawcy>8393089141</NrDostawcy>
            <NazwaDostawcy>Majstero Paweł Kneblewski</NazwaDostawcy>
            <DowodZakupu>FA/23139/2023</DowodZakupu>
            <DataZakupu>2023-05-15</DataZakupu>
            <DataWplywu>2023-05-31</DataWplywu>
            <K_42>65.52</K_42>
            <K_43>15.07</K_43>
        </ZakupWiersz>
        <ZakupWiersz>
            <LpZakupu>22</LpZakupu>
            <KodKrajuNadaniaTIN>PL</KodKrajuNadaniaTIN>
            <NrDostawcy>5213828837</NrDostawcy>
            <NazwaDostawcy>CHAUDARY FOOD TRADERS sp. z o.o.</NazwaDostawcy>
            <DowodZakupu>F/0157/05/23/MG_P</DowodZakupu>
            <DataZakupu>2023-05-16</DataZakupu>
            <DataWplywu>2023-05-31</DataWplywu>
            <K_42>1871.12</K_42>
            <K_43>26.06</K_43>
        </ZakupWiersz>
        <ZakupWiersz>
            <LpZakupu>23</LpZakupu>
            <KodKrajuNadaniaTIN>PL</KodKrajuNadaniaTIN>
            <NrDostawcy>1130089950</NrDostawcy>
            <NazwaDostawcy>"LEROY-MERLIN POLSKA" sp. z o.o.</NazwaDostawcy>
            <DowodZakupu>158554/0980</DowodZakupu>
            <DataZakupu>2023-05-17</DataZakupu>
            <DataWplywu>2023-05-31</DataWplywu>
            <K_42>292.52</K_42>
            <K_43>67.28</K_43>
        </ZakupWiersz>
        <ZakupWiersz>
            <LpZakupu>24</LpZakupu>
            <KodKrajuNadaniaTIN>PL</KodKrajuNadaniaTIN>
            <NrDostawcy>8521021463</NrDostawcy>
            <NazwaDostawcy>Netto Sp. z o.o.</NazwaDostawcy>
            <DowodZakupu>323046</DowodZakupu>
            <DataZakupu>2023-05-17</DataZakupu>
            <DataWplywu>2023-05-31</DataWplywu>
            <K_42>85.39</K_42>
            <K_43>0.0</K_43>
        </ZakupWiersz>
        <ZakupWiersz>
            <LpZakupu>25</LpZakupu>
            <KodKrajuNadaniaTIN>PL</KodKrajuNadaniaTIN>
            <NrDostawcy>7792433421</NrDostawcy>
            <NazwaDostawcy>GRUPA OLX sp. z o.o.</NazwaDostawcy>
            <DowodZakupu>2024/1100616671</DowodZakupu>
            <DataZakupu>2023-05-17</DataZakupu>
            <DataWplywu>2023-05-31</DataWplywu>
            <K_42>57.64</K_42>
            <K_43>13.26</K_43>
        </ZakupWiersz>
        <ZakupWiersz>
            <LpZakupu>26</LpZakupu>
            <KodKrajuNadaniaTIN>PL</KodKrajuNadaniaTIN>
            <NrDostawcy>5921987110</NrDostawcy>
            <NazwaDostawcy>Farutex sp. z o.o.</NazwaDostawcy>
            <DowodZakupu>FV/SZ/23/05/02690</DowodZakupu>
            <DataZakupu>2023-05-18</DataZakupu>
            <DataWplywu>2023-05-31</DataWplywu>
            <K_42>1342.88</K_42>
            <K_43>24.12</K_43>
        </ZakupWiersz>
        <ZakupWiersz>
            <LpZakupu>27</LpZakupu>
            <KodKrajuNadaniaTIN>PL</KodKrajuNadaniaTIN>
            <NrDostawcy>5220002860</NrDostawcy>
            <NazwaDostawcy>Makro Cash and Carry polska SA</NazwaDostawcy>
            <DowodZakupu>0/0(010)0005/138074</DowodZakupu>
            <DataZakupu>2023-05-18</DataZakupu>
            <DataWplywu>2023-05-31</DataWplywu>
            <K_42>470.41</K_42>
            <K_43>108.19</K_43>
        </ZakupWiersz>
        <ZakupWiersz>
            <LpZakupu>28</LpZakupu>
            <KodKrajuNadaniaTIN>PL</KodKrajuNadaniaTIN>
            <NrDostawcy>5921987110</NrDostawcy>
            <NazwaDostawcy>Farutex sp. z o.o.</NazwaDostawcy>
            <DowodZakupu>FK/SZ23/05-0119</DowodZakupu>
            <DataZakupu>2023-05-18</DataZakupu>
            <DataWplywu>2023-05-31</DataWplywu>
            <K_42>-16.26</K_42>
            <K_43>0.0</K_43>
        </ZakupWiersz>
        <ZakupWiersz>
            <LpZakupu>29</LpZakupu>
            <KodKrajuNadaniaTIN>PL</KodKrajuNadaniaTIN>
            <NrDostawcy>5220002860</NrDostawcy>
            <NazwaDostawcy>Makro Cash and Carry polska SA</NazwaDostawcy>
            <DowodZakupu>0/0(010)0004/139114</DowodZakupu>
            <DataZakupu>2023-05-19</DataZakupu>
            <DataWplywu>2023-05-31</DataWplywu>
            <K_42>444.82</K_42>
            <K_43>90.35</K_43>
        </ZakupWiersz>
        <ZakupWiersz>
            <LpZakupu>30</LpZakupu>
            <KodKrajuNadaniaTIN>PL</KodKrajuNadaniaTIN>
            <NrDostawcy>5220002860</NrDostawcy>
            <NazwaDostawcy>Makro Cash and Carry polska SA</NazwaDostawcy>
            <DowodZakupu>0/0(010)0048/139103</DowodZakupu>
            <DataZakupu>2023-05-19</DataZakupu>
            <DataWplywu>2023-05-31</DataWplywu>
            <K_42>1638.50</K_42>
            <K_43>35.18</K_43>
        </ZakupWiersz>
        <ZakupWiersz>
            <LpZakupu>31</LpZakupu>
            <KodKrajuNadaniaTIN>PL</KodKrajuNadaniaTIN>
            <NrDostawcy>8992367273</NrDostawcy>
            <NazwaDostawcy>Kaufland Polska Markety Sp. z o.o. Sp. K.</NazwaDostawcy>
            <DowodZakupu>625356</DowodZakupu>
            <DataZakupu>2023-05-22</DataZakupu>
            <DataWplywu>2023-05-31</DataWplywu>
            <K_42>105.06</K_42>
            <K_43>1.27</K_43>
        </ZakupWiersz>
        <ZakupWiersz>
            <LpZakupu>32</LpZakupu>
            <KodKrajuNadaniaTIN>PL</KodKrajuNadaniaTIN>
            <NrDostawcy>5213828837</NrDostawcy>
            <NazwaDostawcy>CHAUDARY FOOD TRADERS sp. z o.o.</NazwaDostawcy>
            <DowodZakupu>F/0228/05/23/MG_P</DowodZakupu>
            <DataZakupu>2023-05-23</DataZakupu>
            <DataWplywu>2023-05-31</DataWplywu>
            <K_42>1848.96</K_42>
            <K_43>26.04</K_43>
        </ZakupWiersz>
        <ZakupWiersz>
            <LpZakupu>33</LpZakupu>
            <KodKrajuNadaniaTIN>PL</KodKrajuNadaniaTIN>
            <NrDostawcy>7792433421</NrDostawcy>
            <NazwaDostawcy>GRUPA OLX sp. z o.o.</NazwaDostawcy>
            <DowodZakupu>2024/1100683916</DowodZakupu>
            <DataZakupu>2023-05-23</DataZakupu>
            <DataWplywu>2023-05-31</DataWplywu>
            <K_42>45.45</K_42>
            <K_43>10.45</K_43>
        </ZakupWiersz>
        <ZakupWiersz>
            <LpZakupu>34</LpZakupu>
            <KodKrajuNadaniaTIN>PL</KodKrajuNadaniaTIN>
            <NrDostawcy>9552394071</NrDostawcy>
            <NazwaDostawcy>TEDMARK sp. z o.o. sp.k.</NazwaDostawcy>
            <DowodZakupu>FVS/4818/2023/TED</DowodZakupu>
            <DataZakupu>2023-05-24</DataZakupu>
            <DataWplywu>2023-05-31</DataWplywu>
            <K_42>687.65</K_42>
            <K_43>158.16</K_43>
        </ZakupWiersz>
        <ZakupWiersz>
            <LpZakupu>35</LpZakupu>
            <KodKrajuNadaniaTIN>PL</KodKrajuNadaniaTIN>
            <NrDostawcy>5921987110</NrDostawcy>
            <NazwaDostawcy>Farutex sp. z o.o.</NazwaDostawcy>
            <DowodZakupu>FV/SZ/23/05-03903</DowodZakupu>
            <DataZakupu>2023-05-25</DataZakupu>
            <DataWplywu>2023-05-31</DataWplywu>
            <K_42>1550.42</K_42>
            <K_43>15.87</K_43>
        </ZakupWiersz>
        <ZakupWiersz>
            <LpZakupu>36</LpZakupu>
            <KodKrajuNadaniaTIN>PL</KodKrajuNadaniaTIN>
            <NrDostawcy>5220002860</NrDostawcy>
            <NazwaDostawcy>Makro Cash and Carry polska SA</NazwaDostawcy>
            <DowodZakupu>0/0(010)0048/146190</DowodZakupu>
            <DataZakupu>2023-05-26</DataZakupu>
            <DataWplywu>2023-05-31</DataWplywu>
            <K_42>2238.71</K_42>
            <K_43>135.33</K_43>
        </ZakupWiersz>
        <ZakupWiersz>
            <LpZakupu>37</LpZakupu>
            <KodKrajuNadaniaTIN>PL</KodKrajuNadaniaTIN>
            <NrDostawcy>5213828837</NrDostawcy>
            <NazwaDostawcy>CHAUDARY FOOD TRADERS sp. z o.o.</NazwaDostawcy>
            <DowodZakupu>F/0305/05/23/MG_P</DowodZakupu>
            <DataZakupu>2023-05-30</DataZakupu>
            <DataWplywu>2023-05-31</DataWplywu>
            <K_42>1906.58</K_42>
            <K_43>45.87</K_43>
        </ZakupWiersz>
        <ZakupWiersz>
            <LpZakupu>38</LpZakupu>
            <KodKrajuNadaniaTIN>PL</KodKrajuNadaniaTIN>
            <NrDostawcy>8520014018</NrDostawcy>
            <NazwaDostawcy>"REMONDIS SZCZECIN" sp. z o.o.</NazwaDostawcy>
            <DowodZakupu>4152201422</DowodZakupu>
            <DataZakupu>2023-05-31</DataZakupu>
            <DataWplywu>2023-05-31</DataWplywu>
            <K_42>812.50</K_42>
            <K_43>65.0</K_43>
        </ZakupWiersz>
        <ZakupCtrl>
            <LiczbaWierszyZakupow>38</LiczbaWierszyZakupow>
            <PodatekNaliczony>8452.13</PodatekNaliczony>
        </ZakupCtrl>
    </Ewidencja>
</JPK>
