<?xml version="1.0" encoding="UTF-8" standalone="yes"?>
<JPK xmlns="http://crd.gov.pl/wzor/2021/12/27/11148/" xmlns:ns2="http://crd.gov.pl/xml/schematy/dziedzinowe/mf/2021/06/08/eD/DefinicjeTypy/" xmlns:ns3="http://crd.gov.pl/wzor/2021/12/27/11149/">
    <Naglowek>
        <KodFormularza kodSystemowy="JPK_V7M (2)" wersjaSchemy="1-0E">JPK_VAT</KodFormularza>
        <WariantFormularza>2</WariantFormularza>
        <DataWytworzeniaJPK>2023-09-15T15:02:00.256Z</DataWytworzeniaJPK>
        <NazwaSystemu>Taxman</NazwaSystemu>
        <CelZlozenia poz="P_7">1</CelZlozenia>
        <KodUrzedu>1415</KodUrzedu>
        <Rok>2023</Rok>
        <Miesiac>8</Miesiac>
    </Naglowek>
    <Podmiot1 rola="Podatnik">
        <OsobaFizyczna>
            <ns2:NIP>7181926258</ns2:NIP>
            <ns2:ImiePierwsze>KAMIL</ns2:ImiePierwsze>
            <ns2:Nazwisko>KACPRZYŃSKI</ns2:Nazwisko>
            <ns2:DataUrodzenia>1985-03-13</ns2:DataUrodzenia>
            <Email>brzaskun@o2.pl</Email>
            <Telefon>603133396</Telefon>
        </OsobaFizyczna>
    </Podmiot1>
    <Deklaracja>
        <Naglowek>
            <KodFormularzaDekl kodSystemowy="VAT-7 (22)" kodPodatku="VAT" rodzajZobowiazania="Z" wersjaSchemy="1-0E">VAT-7</KodFormularzaDekl>
            <WariantFormularzaDekl>22</WariantFormularzaDekl>
        </Naglowek>
        <PozycjeSzczegolowe>
            <P_11>130879</P_11>
            <P_35>0</P_35>
            <P_37>130879</P_37>
            <P_38>0</P_38>
            <P_39>0</P_39>
            <P_40>0</P_40>
            <P_41>0</P_41>
            <P_42>27376</P_42>
            <P_43>5164</P_43>
            <P_48>5164</P_48>
            <P_49>0</P_49>
            <P_51>0</P_51>
            <P_52>0</P_52>
            <P_53>5164</P_53>
            <P_62>5164</P_62>
        </PozycjeSzczegolowe>
        <Pouczenia>1</Pouczenia>
    </Deklaracja>
    <Ewidencja>
        <SprzedazWiersz>
            <LpSprzedazy>1</LpSprzedazy>
            <KodKrajuNadaniaTIN>DE</KodKrajuNadaniaTIN>
            <NrKontrahenta>310050239</NrKontrahenta>
            <NazwaKontrahenta>NCF Technic GmbH</NazwaKontrahenta>
            <DowodSprzedazy>FR 1/08/2023</DowodSprzedazy>
            <DataWystawienia>2023-08-22</DataWystawienia>
            <DataSprzedazy>2023-08-22</DataSprzedazy>
            <K_11>13839.53</K_11>
        </SprzedazWiersz>
        <SprzedazWiersz>
            <LpSprzedazy>2</LpSprzedazy>
            <KodKrajuNadaniaTIN>DE</KodKrajuNadaniaTIN>
            <NrKontrahenta>310050239</NrKontrahenta>
            <NazwaKontrahenta>NCF Technic GmbH</NazwaKontrahenta>
            <DowodSprzedazy>FR 2/08/2023</DowodSprzedazy>
            <DataWystawienia>2023-08-22</DataWystawienia>
            <DataSprzedazy>2023-08-22</DataSprzedazy>
            <K_11>117039.67</K_11>
        </SprzedazWiersz>
        <SprzedazCtrl>
            <LiczbaWierszySprzedazy>2</LiczbaWierszySprzedazy>
            <PodatekNalezny>0</PodatekNalezny>
        </SprzedazCtrl>
        <ZakupWiersz>
            <LpZakupu>1</LpZakupu>
            <KodKrajuNadaniaTIN>PL</KodKrajuNadaniaTIN>
            <NrDostawcy>5250007313</NrDostawcy>
            <NazwaDostawcy>"POCZTA POLSKA S.A."</NazwaDostawcy>
            <DowodZakupu>F000520062300252077U</DowodZakupu>
            <DataZakupu>2023-06-23</DataZakupu>
            <DataWplywu>2023-06-23</DataWplywu>
            <K_42>530.03</K_42>
            <K_43>5.57</K_43>
        </ZakupWiersz>
        <ZakupWiersz>
            <LpZakupu>2</LpZakupu>
            <KodKrajuNadaniaTIN>PL</KodKrajuNadaniaTIN>
            <NrDostawcy>7181931259</NrDostawcy>
            <NazwaDostawcy>OFFICE CENTER S.C. ZBIGNIEW BIEDRZYCKI, Adam Sokalski</NazwaDostawcy>
            <DowodZakupu>3302/2023</DowodZakupu>
            <DataZakupu>2023-07-10</DataZakupu>
            <DataWplywu>2023-07-10</DataWplywu>
            <K_42>114.14</K_42>
            <K_43>26.25</K_43>
        </ZakupWiersz>
        <ZakupWiersz>
            <LpZakupu>3</LpZakupu>
            <KodKrajuNadaniaTIN>PL</KodKrajuNadaniaTIN>
            <NrDostawcy>7181213239</NrDostawcy>
            <NazwaDostawcy>Przedsiębiorstwo Handlowo-Usługowe Zacharzewski Witold Marek Zacharzewski</NazwaDostawcy>
            <DowodZakupu>I23625D02001871</DowodZakupu>
            <DataZakupu>2023-07-13</DataZakupu>
            <DataWplywu>2023-07-13</DataWplywu>
            <K_42>242.49</K_42>
            <K_43>55.77</K_43>
        </ZakupWiersz>
        <ZakupWiersz>
            <LpZakupu>4</LpZakupu>
            <KodKrajuNadaniaTIN>PL</KodKrajuNadaniaTIN>
            <NrDostawcy>7580007381</NrDostawcy>
            <NazwaDostawcy>AUTO-BENZ STACJA PALIW SUCHECKI I WSPÓLNICY SP.J.</NazwaDostawcy>
            <DowodZakupu>915/07/2023</DowodZakupu>
            <DataZakupu>2023-07-22</DataZakupu>
            <DataWplywu>2023-07-22</DataWplywu>
            <K_42>243.89</K_42>
            <K_43>28.05</K_43>
        </ZakupWiersz>
        <ZakupWiersz>
            <LpZakupu>5</LpZakupu>
            <KodKrajuNadaniaTIN>PL</KodKrajuNadaniaTIN>
            <NrDostawcy>7580000829</NrDostawcy>
            <NazwaDostawcy>Benzol Sp. z o.o.</NazwaDostawcy>
            <DowodZakupu>4038K2/7605/23</DowodZakupu>
            <DataZakupu>2023-07-26</DataZakupu>
            <DataWplywu>2023-07-26</DataWplywu>
            <K_42>81.29</K_42>
            <K_43>9.35</K_43>
        </ZakupWiersz>
        <ZakupWiersz>
            <LpZakupu>6</LpZakupu>
            <KodKrajuNadaniaTIN>PL</KodKrajuNadaniaTIN>
            <NrDostawcy>7571110903</NrDostawcy>
            <NazwaDostawcy>WŁADYSŁAW Zabielski Agroprzem</NazwaDostawcy>
            <DowodZakupu>6040/07/2023</DowodZakupu>
            <DataZakupu>2023-07-27</DataZakupu>
            <DataWplywu>2023-07-27</DataWplywu>
            <K_42>89.43</K_42>
            <K_43>20.57</K_43>
        </ZakupWiersz>
        <ZakupWiersz>
            <LpZakupu>7</LpZakupu>
            <KodKrajuNadaniaTIN>PL</KodKrajuNadaniaTIN>
            <NrDostawcy>7582382350</NrDostawcy>
            <NazwaDostawcy>MASTER DANIEL GRALA SPÓŁKA KOMANDYTOWA</NazwaDostawcy>
            <DowodZakupu>13462/07/2023</DowodZakupu>
            <DataZakupu>2023-07-28</DataZakupu>
            <DataWplywu>2023-07-28</DataWplywu>
            <K_42>34.15</K_42>
            <K_43>7.85</K_43>
        </ZakupWiersz>
        <ZakupWiersz>
            <LpZakupu>8</LpZakupu>
            <KodKrajuNadaniaTIN>PL</KodKrajuNadaniaTIN>
            <NrDostawcy>7582045405</NrDostawcy>
            <NazwaDostawcy>"TARGOR-TRUCK" sp. z o.o.</NazwaDostawcy>
            <DowodZakupu>6529/23/1</DowodZakupu>
            <DataZakupu>2023-07-31</DataZakupu>
            <DataWplywu>2023-07-31</DataWplywu>
            <K_42>118.57</K_42>
            <K_43>13.64</K_43>
        </ZakupWiersz>
        <ZakupWiersz>
            <LpZakupu>9</LpZakupu>
            <KodKrajuNadaniaTIN>PL</KodKrajuNadaniaTIN>
            <NrDostawcy>7740001454</NrDostawcy>
            <NazwaDostawcy>POLSKI KONCERN NAFTOWY ORLEN S.A.</NazwaDostawcy>
            <DowodZakupu>4851K2/1416/23</DowodZakupu>
            <DataZakupu>2023-07-31</DataZakupu>
            <DataWplywu>2023-07-31</DataWplywu>
            <K_42>122.03</K_42>
            <K_43>28.07</K_43>
        </ZakupWiersz>
        <ZakupWiersz>
            <LpZakupu>10</LpZakupu>
            <KodKrajuNadaniaTIN>PL</KodKrajuNadaniaTIN>
            <NrDostawcy>5250007313</NrDostawcy>
            <NazwaDostawcy>"POCZTA POLSKA S.A."</NazwaDostawcy>
            <DowodZakupu>F000580072300252077U</DowodZakupu>
            <DataZakupu>2023-07-31</DataZakupu>
            <DataWplywu>2023-07-31</DataWplywu>
            <K_42>624.95</K_42>
            <K_43>17.1</K_43>
        </ZakupWiersz>
        <ZakupWiersz>
            <LpZakupu>11</LpZakupu>
            <KodKrajuNadaniaTIN>PL</KodKrajuNadaniaTIN>
            <NrDostawcy>7181837709</NrDostawcy>
            <NazwaDostawcy>Hydraulika Siłowa Arkadiusz Rogowski</NazwaDostawcy>
            <DowodZakupu>F/001974/23</DowodZakupu>
            <DataZakupu>2023-08-01</DataZakupu>
            <DataWplywu>2023-08-01</DataWplywu>
            <K_42>77.67</K_42>
            <K_43>17.86</K_43>
        </ZakupWiersz>
        <ZakupWiersz>
            <LpZakupu>12</LpZakupu>
            <KodKrajuNadaniaTIN>PL</KodKrajuNadaniaTIN>
            <NrDostawcy>7181798843</NrDostawcy>
            <NazwaDostawcy>Ad-Oil Serwis Olejowy Adam Gorzęba</NazwaDostawcy>
            <DowodZakupu>F/002/08/2023</DowodZakupu>
            <DataZakupu>2023-08-01</DataZakupu>
            <DataWplywu>2023-08-01</DataWplywu>
            <K_42>259.35</K_42>
            <K_43>59.65</K_43>
        </ZakupWiersz>
        <ZakupWiersz>
            <LpZakupu>13</LpZakupu>
            <KodKrajuNadaniaTIN>PL</KodKrajuNadaniaTIN>
            <NrDostawcy>7582333268</NrDostawcy>
            <NazwaDostawcy>ELTAZ Tomasz Zaniewski</NazwaDostawcy>
            <DowodZakupu>478/08/2023</DowodZakupu>
            <DataZakupu>2023-08-01</DataZakupu>
            <DataWplywu>2023-08-01</DataWplywu>
            <K_42>842.28</K_42>
            <K_43>193.72</K_43>
        </ZakupWiersz>
        <ZakupWiersz>
            <LpZakupu>14</LpZakupu>
            <KodKrajuNadaniaTIN>PL</KodKrajuNadaniaTIN>
            <NrDostawcy>7580008357</NrDostawcy>
            <NazwaDostawcy>JACEK DMOCHOWSKI HURT DETAL "AGRO - Metal"</NazwaDostawcy>
            <DowodZakupu>666/RZS/2023</DowodZakupu>
            <DataZakupu>2023-08-01</DataZakupu>
            <DataWplywu>2023-08-01</DataWplywu>
            <K_42>324.76</K_42>
            <K_43>74.69</K_43>
        </ZakupWiersz>
        <ZakupWiersz>
            <LpZakupu>15</LpZakupu>
            <KodKrajuNadaniaTIN>PL</KodKrajuNadaniaTIN>
            <NrDostawcy>7582128025</NrDostawcy>
            <NazwaDostawcy>TOMAL SERWIS Tomasz Zalewski</NazwaDostawcy>
            <DowodZakupu>FVS/1/08/2023</DowodZakupu>
            <DataZakupu>2023-08-01</DataZakupu>
            <DataWplywu>2023-08-01</DataWplywu>
            <K_42>1000.00</K_42>
            <K_43>230.0</K_43>
        </ZakupWiersz>
        <ZakupWiersz>
            <LpZakupu>16</LpZakupu>
            <KodKrajuNadaniaTIN>PL</KodKrajuNadaniaTIN>
            <NrDostawcy>7582184319</NrDostawcy>
            <NazwaDostawcy>M.T.S. Performance Julita Majewska</NazwaDostawcy>
            <DowodZakupu>217/08/2023</DowodZakupu>
            <DataZakupu>2023-08-01</DataZakupu>
            <DataWplywu>2023-08-01</DataWplywu>
            <K_42>1500.00</K_42>
            <K_43>172.5</K_43>
        </ZakupWiersz>
        <ZakupWiersz>
            <LpZakupu>17</LpZakupu>
            <KodKrajuNadaniaTIN>PL</KodKrajuNadaniaTIN>
            <NrDostawcy>7542678707</NrDostawcy>
            <NazwaDostawcy>OPOLTRANS 1 sp. z o.o.</NazwaDostawcy>
            <DowodZakupu>6562/200/2023/FWF</DowodZakupu>
            <DataZakupu>2023-08-01</DataZakupu>
            <DataWplywu>2023-08-01</DataWplywu>
            <K_42>650.00</K_42>
            <K_43>149.5</K_43>
        </ZakupWiersz>
        <ZakupWiersz>
            <LpZakupu>18</LpZakupu>
            <KodKrajuNadaniaTIN>PL</KodKrajuNadaniaTIN>
            <NrDostawcy>7542678707</NrDostawcy>
            <NazwaDostawcy>OPOLTRANS 1 sp. z o.o.</NazwaDostawcy>
            <DowodZakupu>6563/200/2023/FWF</DowodZakupu>
            <DataZakupu>2023-08-01</DataZakupu>
            <DataWplywu>2023-08-01</DataWplywu>
            <K_42>41.98</K_42>
            <K_43>9.66</K_43>
        </ZakupWiersz>
        <ZakupWiersz>
            <LpZakupu>19</LpZakupu>
            <KodKrajuNadaniaTIN>PL</KodKrajuNadaniaTIN>
            <NrDostawcy>7582045405</NrDostawcy>
            <NazwaDostawcy>"TARGOR-TRUCK" sp. z o.o.</NazwaDostawcy>
            <DowodZakupu>6614/23/1</DowodZakupu>
            <DataZakupu>2023-08-02</DataZakupu>
            <DataWplywu>2023-08-02</DataWplywu>
            <K_42>159.71</K_42>
            <K_43>18.37</K_43>
        </ZakupWiersz>
        <ZakupWiersz>
            <LpZakupu>20</LpZakupu>
            <KodKrajuNadaniaTIN>PL</KodKrajuNadaniaTIN>
            <NrDostawcy>9492115824</NrDostawcy>
            <NazwaDostawcy>MECENAT sp. z o.o.</NazwaDostawcy>
            <DowodZakupu>M-18/08/2023</DowodZakupu>
            <DataZakupu>2023-08-03</DataZakupu>
            <DataWplywu>2023-08-03</DataWplywu>
            <K_42>10738.00</K_42>
            <K_43>2469.74</K_43>
        </ZakupWiersz>
        <ZakupWiersz>
            <LpZakupu>21</LpZakupu>
            <KodKrajuNadaniaTIN>PL</KodKrajuNadaniaTIN>
            <NrDostawcy>7180050829</NrDostawcy>
            <NazwaDostawcy>Kurpiewski Jan</NazwaDostawcy>
            <DowodZakupu>6576K1/7397/23</DowodZakupu>
            <DataZakupu>2023-08-03</DataZakupu>
            <DataWplywu>2023-08-03</DataWplywu>
            <K_42>81.30</K_42>
            <K_43>9.35</K_43>
        </ZakupWiersz>
        <ZakupWiersz>
            <LpZakupu>22</LpZakupu>
            <KodKrajuNadaniaTIN>PL</KodKrajuNadaniaTIN>
            <NrDostawcy>7581005639</NrDostawcy>
            <NazwaDostawcy>WŁADYSŁAW KRASKA SKLEP " Krasmet "</NazwaDostawcy>
            <DowodZakupu>4315/2023</DowodZakupu>
            <DataZakupu>2023-08-04</DataZakupu>
            <DataWplywu>2023-08-04</DataWplywu>
            <K_42>21.14</K_42>
            <K_43>4.86</K_43>
        </ZakupWiersz>
        <ZakupWiersz>
            <LpZakupu>23</LpZakupu>
            <KodKrajuNadaniaTIN>PL</KodKrajuNadaniaTIN>
            <NrDostawcy>7582045405</NrDostawcy>
            <NazwaDostawcy>"TARGOR-TRUCK" sp. z o.o.</NazwaDostawcy>
            <DowodZakupu>3705/23/2</DowodZakupu>
            <DataZakupu>2023-08-04</DataZakupu>
            <DataWplywu>2023-08-04</DataWplywu>
            <K_42>397.92</K_42>
            <K_43>91.52</K_43>
        </ZakupWiersz>
        <ZakupWiersz>
            <LpZakupu>24</LpZakupu>
            <KodKrajuNadaniaTIN>PL</KodKrajuNadaniaTIN>
            <NrDostawcy>7580007381</NrDostawcy>
            <NazwaDostawcy>AUTO-BENZ STACJA PALIW SUCHECKI I WSPÓLNICY SP.J.</NazwaDostawcy>
            <DowodZakupu>194/08/2023</DowodZakupu>
            <DataZakupu>2023-08-05</DataZakupu>
            <DataWplywu>2023-08-05</DataWplywu>
            <K_42>138.99</K_42>
            <K_43>15.98</K_43>
        </ZakupWiersz>
        <ZakupWiersz>
            <LpZakupu>25</LpZakupu>
            <KodKrajuNadaniaTIN>PL</KodKrajuNadaniaTIN>
            <NrDostawcy>7791906082</NrDostawcy>
            <NazwaDostawcy>Eurocash SA</NazwaDostawcy>
            <DowodZakupu>C299F00350/202308</DowodZakupu>
            <DataZakupu>2023-08-05</DataZakupu>
            <DataWplywu>2023-08-05</DataWplywu>
            <K_42>162.19</K_42>
            <K_43>6.51</K_43>
        </ZakupWiersz>
        <ZakupWiersz>
            <LpZakupu>26</LpZakupu>
            <KodKrajuNadaniaTIN>PL</KodKrajuNadaniaTIN>
            <NrDostawcy>7791906082</NrDostawcy>
            <NazwaDostawcy>Eurocash SA</NazwaDostawcy>
            <DowodZakupu>C299F00338/202308</DowodZakupu>
            <DataZakupu>2023-08-05</DataZakupu>
            <DataWplywu>2023-08-05</DataWplywu>
            <K_42>225.75</K_42>
            <K_43>2.71</K_43>
        </ZakupWiersz>
        <ZakupWiersz>
            <LpZakupu>27</LpZakupu>
            <KodKrajuNadaniaTIN>PL</KodKrajuNadaniaTIN>
            <NrDostawcy>7582045405</NrDostawcy>
            <NazwaDostawcy>"TARGOR-TRUCK" sp. z o.o.</NazwaDostawcy>
            <DowodZakupu>6736/23/1</DowodZakupu>
            <DataZakupu>2023-08-05</DataZakupu>
            <DataWplywu>2023-08-05</DataWplywu>
            <K_42>329.41</K_42>
            <K_43>75.76</K_43>
        </ZakupWiersz>
        <ZakupWiersz>
            <LpZakupu>28</LpZakupu>
            <KodKrajuNadaniaTIN>PL</KodKrajuNadaniaTIN>
            <NrDostawcy>6152046672</NrDostawcy>
            <NazwaDostawcy>CITRONEX TRANS ENERGY sp. z o.o.</NazwaDostawcy>
            <DowodZakupu>FV30692/05/23</DowodZakupu>
            <DataZakupu>2023-08-06</DataZakupu>
            <DataWplywu>2023-08-06</DataWplywu>
            <K_42>325.19</K_42>
            <K_43>37.4</K_43>
        </ZakupWiersz>
        <ZakupWiersz>
            <LpZakupu>29</LpZakupu>
            <KodKrajuNadaniaTIN>PL</KodKrajuNadaniaTIN>
            <NrDostawcy>6152046672</NrDostawcy>
            <NazwaDostawcy>CITRONEX TRANS ENERGY sp. z o.o.</NazwaDostawcy>
            <DowodZakupu>FV30670/05/23</DowodZakupu>
            <DataZakupu>2023-08-06</DataZakupu>
            <DataWplywu>2023-08-06</DataWplywu>
            <K_42>243.94</K_42>
            <K_43>56.11</K_43>
        </ZakupWiersz>
        <ZakupWiersz>
            <LpZakupu>30</LpZakupu>
            <KodKrajuNadaniaTIN>PL</KodKrajuNadaniaTIN>
            <NrDostawcy>7582045405</NrDostawcy>
            <NazwaDostawcy>"TARGOR-TRUCK" sp. z o.o.</NazwaDostawcy>
            <DowodZakupu>3728/23/2</DowodZakupu>
            <DataZakupu>2023-08-06</DataZakupu>
            <DataWplywu>2023-08-06</DataWplywu>
            <K_42>271.04</K_42>
            <K_43>31.17</K_43>
        </ZakupWiersz>
        <ZakupWiersz>
            <LpZakupu>31</LpZakupu>
            <KodKrajuNadaniaTIN>PL</KodKrajuNadaniaTIN>
            <NrDostawcy>5261009190</NrDostawcy>
            <NazwaDostawcy>SHELL POLSKA sp. z o.o.</NazwaDostawcy>
            <DowodZakupu>336K4/1156/23</DowodZakupu>
            <DataZakupu>2023-08-06</DataZakupu>
            <DataWplywu>2023-08-06</DataWplywu>
            <K_42>350.47</K_42>
            <K_43>80.61</K_43>
        </ZakupWiersz>
        <ZakupWiersz>
            <LpZakupu>32</LpZakupu>
            <KodKrajuNadaniaTIN>PL</KodKrajuNadaniaTIN>
            <NrDostawcy>7740001454</NrDostawcy>
            <NazwaDostawcy>POLSKI KONCERN NAFTOWY ORLEN S.A.</NazwaDostawcy>
            <DowodZakupu>546K3/1416/23</DowodZakupu>
            <DataZakupu>2023-08-08</DataZakupu>
            <DataWplywu>2023-08-08</DataWplywu>
            <K_42>162.61</K_42>
            <K_43>37.4</K_43>
        </ZakupWiersz>
        <ZakupWiersz>
            <LpZakupu>33</LpZakupu>
            <KodKrajuNadaniaTIN>PL</KodKrajuNadaniaTIN>
            <NrDostawcy>5261040567</NrDostawcy>
            <NazwaDostawcy>T mobile Polska SA</NazwaDostawcy>
            <DowodZakupu>506619910823</DowodZakupu>
            <DataZakupu>2023-08-09</DataZakupu>
            <DataWplywu>2023-08-09</DataWplywu>
            <K_42>118.95</K_42>
            <K_43>27.36</K_43>
        </ZakupWiersz>
        <ZakupWiersz>
            <LpZakupu>34</LpZakupu>
            <KodKrajuNadaniaTIN>PL</KodKrajuNadaniaTIN>
            <NrDostawcy>7740001454</NrDostawcy>
            <NazwaDostawcy>POLSKI KONCERN NAFTOWY ORLEN S.A.</NazwaDostawcy>
            <DowodZakupu>5799K1/4388/23</DowodZakupu>
            <DataZakupu>2023-08-11</DataZakupu>
            <DataWplywu>2023-08-11</DataWplywu>
            <K_42>313.04</K_42>
            <K_43>36.0</K_43>
        </ZakupWiersz>
        <ZakupWiersz>
            <LpZakupu>35</LpZakupu>
            <KodKrajuNadaniaTIN>PL</KodKrajuNadaniaTIN>
            <NrDostawcy>7582382350</NrDostawcy>
            <NazwaDostawcy>MASTER DANIEL GRALA SPÓŁKA KOMANDYTOWA</NazwaDostawcy>
            <DowodZakupu>14724/08/2023</DowodZakupu>
            <DataZakupu>2023-08-12</DataZakupu>
            <DataWplywu>2023-08-12</DataWplywu>
            <K_42>172.48</K_42>
            <K_43>39.67</K_43>
        </ZakupWiersz>
        <ZakupWiersz>
            <LpZakupu>36</LpZakupu>
            <KodKrajuNadaniaTIN>PL</KodKrajuNadaniaTIN>
            <NrDostawcy>7210000211</NrDostawcy>
            <NazwaDostawcy>"MARPOL" PRZEDSIĘBIORSTWO BUDOWLANO-HANDLOWE Ryszard Okuniewski</NazwaDostawcy>
            <DowodZakupu>FF/8844/2023</DowodZakupu>
            <DataZakupu>2023-08-12</DataZakupu>
            <DataWplywu>2023-08-12</DataWplywu>
            <K_42>269.29</K_42>
            <K_43>61.94</K_43>
        </ZakupWiersz>
        <ZakupWiersz>
            <LpZakupu>37</LpZakupu>
            <KodKrajuNadaniaTIN>PL</KodKrajuNadaniaTIN>
            <NrDostawcy>7582045405</NrDostawcy>
            <NazwaDostawcy>"TARGOR-TRUCK" sp. z o.o.</NazwaDostawcy>
            <DowodZakupu>7016/23/1</DowodZakupu>
            <DataZakupu>2023-08-13</DataZakupu>
            <DataWplywu>2023-08-13</DataWplywu>
            <K_42>246.65</K_42>
            <K_43>28.36</K_43>
        </ZakupWiersz>
        <ZakupWiersz>
            <LpZakupu>38</LpZakupu>
            <KodKrajuNadaniaTIN>PL</KodKrajuNadaniaTIN>
            <NrDostawcy>7740001454</NrDostawcy>
            <NazwaDostawcy>POLSKI KONCERN NAFTOWY ORLEN S.A.</NazwaDostawcy>
            <DowodZakupu>5049K1/1416/23</DowodZakupu>
            <DataZakupu>2023-08-13</DataZakupu>
            <DataWplywu>2023-08-13</DataWplywu>
            <K_42>162.63</K_42>
            <K_43>37.4</K_43>
        </ZakupWiersz>
        <ZakupWiersz>
            <LpZakupu>39</LpZakupu>
            <KodKrajuNadaniaTIN>PL</KodKrajuNadaniaTIN>
            <NrDostawcy>6152046672</NrDostawcy>
            <NazwaDostawcy>CITRONEX TRANS ENERGY sp. z o.o.</NazwaDostawcy>
            <DowodZakupu>FV31627/05/23</DowodZakupu>
            <DataZakupu>2023-08-13</DataZakupu>
            <DataWplywu>2023-08-13</DataWplywu>
            <K_42>213.60</K_42>
            <K_43>24.56</K_43>
        </ZakupWiersz>
        <ZakupWiersz>
            <LpZakupu>40</LpZakupu>
            <KodKrajuNadaniaTIN>PL</KodKrajuNadaniaTIN>
            <NrDostawcy>7580007381</NrDostawcy>
            <NazwaDostawcy>AUTO-BENZ STACJA PALIW SUCHECKI I WSPÓLNICY SP.J.</NazwaDostawcy>
            <DowodZakupu>724/08/2023</DowodZakupu>
            <DataZakupu>2023-08-17</DataZakupu>
            <DataWplywu>2023-08-17</DataWplywu>
            <K_42>81.46</K_42>
            <K_43>9.37</K_43>
        </ZakupWiersz>
        <ZakupWiersz>
            <LpZakupu>41</LpZakupu>
            <KodKrajuNadaniaTIN>PL</KodKrajuNadaniaTIN>
            <NrDostawcy>7210000211</NrDostawcy>
            <NazwaDostawcy>"MARPOL" PRZEDSIĘBIORSTWO BUDOWLANO-HANDLOWE Ryszard Okuniewski</NazwaDostawcy>
            <DowodZakupu>FF/9092/2023</DowodZakupu>
            <DataZakupu>2023-08-19</DataZakupu>
            <DataWplywu>2023-08-19</DataWplywu>
            <K_42>197.74</K_42>
            <K_43>45.48</K_43>
        </ZakupWiersz>
        <ZakupWiersz>
            <LpZakupu>42</LpZakupu>
            <KodKrajuNadaniaTIN>PL</KodKrajuNadaniaTIN>
            <NrDostawcy>7740001454</NrDostawcy>
            <NazwaDostawcy>POLSKI KONCERN NAFTOWY ORLEN S.A.</NazwaDostawcy>
            <DowodZakupu>9599K3/4402/23</DowodZakupu>
            <DataZakupu>2023-08-19</DataZakupu>
            <DataWplywu>2023-08-19</DataWplywu>
            <K_42>121.99</K_42>
            <K_43>14.03</K_43>
        </ZakupWiersz>
        <ZakupWiersz>
            <LpZakupu>43</LpZakupu>
            <KodKrajuNadaniaTIN>PL</KodKrajuNadaniaTIN>
            <NrDostawcy>7582045405</NrDostawcy>
            <NazwaDostawcy>"TARGOR-TRUCK" sp. z o.o.</NazwaDostawcy>
            <DowodZakupu>7233/23/1</DowodZakupu>
            <DataZakupu>2023-08-20</DataZakupu>
            <DataWplywu>2023-08-20</DataWplywu>
            <K_42>238.64</K_42>
            <K_43>27.44</K_43>
        </ZakupWiersz>
        <ZakupWiersz>
            <LpZakupu>44</LpZakupu>
            <KodKrajuNadaniaTIN>PL</KodKrajuNadaniaTIN>
            <NrDostawcy>7582045405</NrDostawcy>
            <NazwaDostawcy>"TARGOR-TRUCK" sp. z o.o.</NazwaDostawcy>
            <DowodZakupu>7225/23/1</DowodZakupu>
            <DataZakupu>2023-08-20</DataZakupu>
            <DataWplywu>2023-08-20</DataWplywu>
            <K_42>128.47</K_42>
            <K_43>14.77</K_43>
        </ZakupWiersz>
        <ZakupWiersz>
            <LpZakupu>45</LpZakupu>
            <KodKrajuNadaniaTIN>PL</KodKrajuNadaniaTIN>
            <NrDostawcy>6152046672</NrDostawcy>
            <NazwaDostawcy>CITRONEX TRANS ENERGY sp. z o.o.</NazwaDostawcy>
            <DowodZakupu>FV32493/05/23</DowodZakupu>
            <DataZakupu>2023-08-20</DataZakupu>
            <DataWplywu>2023-08-20</DataWplywu>
            <K_42>213.50</K_42>
            <K_43>24.55</K_43>
        </ZakupWiersz>
        <ZakupWiersz>
            <LpZakupu>46</LpZakupu>
            <KodKrajuNadaniaTIN>PL</KodKrajuNadaniaTIN>
            <NrDostawcy>8511005008</NrDostawcy>
            <NazwaDostawcy>" TAXMAN " BIURO RACHUNKOWE Grzegorz Grzelczyk</NazwaDostawcy>
            <DowodZakupu>8/2023/KAMK25</DowodZakupu>
            <DataZakupu>2023-08-24</DataZakupu>
            <DataWplywu>2023-08-24</DataWplywu>
            <K_42>2100.00</K_42>
            <K_43>483.0</K_43>
        </ZakupWiersz>
        <ZakupWiersz>
            <LpZakupu>47</LpZakupu>
            <KodKrajuNadaniaTIN>PL</KodKrajuNadaniaTIN>
            <NrDostawcy>8450000926</NrDostawcy>
            <NazwaDostawcy>PRZEDSIĘBIORSTWO TURYSTYCZNE "CENTRUM - MAZUR" S.A.</NazwaDostawcy>
            <DowodZakupu>1235/2023*</DowodZakupu>
            <DataZakupu>2023-08-26</DataZakupu>
            <DataWplywu>2023-08-26</DataWplywu>
            <K_42>17.89</K_42>
            <K_43>2.06</K_43>
        </ZakupWiersz>
        <ZakupWiersz>
            <LpZakupu>48</LpZakupu>
            <KodKrajuNadaniaTIN>PL</KodKrajuNadaniaTIN>
            <NrDostawcy>7582382350</NrDostawcy>
            <NazwaDostawcy>MASTER DANIEL GRALA SPÓŁKA KOMANDYTOWA</NazwaDostawcy>
            <DowodZakupu>15431/08/2023</DowodZakupu>
            <DataZakupu>2023-08-26</DataZakupu>
            <DataWplywu>2023-08-26</DataWplywu>
            <K_42>27.22</K_42>
            <K_43>6.26</K_43>
        </ZakupWiersz>
        <ZakupWiersz>
            <LpZakupu>49</LpZakupu>
            <KodKrajuNadaniaTIN>PL</KodKrajuNadaniaTIN>
            <NrDostawcy>5831023182</NrDostawcy>
            <NazwaDostawcy>MOL POLSKA sp. z o.o.</NazwaDostawcy>
            <DowodZakupu>10422/F/815/23</DowodZakupu>
            <DataZakupu>2023-08-26</DataZakupu>
            <DataWplywu>2023-08-26</DataWplywu>
            <K_42>105.76</K_42>
            <K_43>12.16</K_43>
        </ZakupWiersz>
        <ZakupWiersz>
            <LpZakupu>50</LpZakupu>
            <KodKrajuNadaniaTIN>PL</KodKrajuNadaniaTIN>
            <NrDostawcy>7740001454</NrDostawcy>
            <NazwaDostawcy>POLSKI KONCERN NAFTOWY ORLEN S.A.</NazwaDostawcy>
            <DowodZakupu>5296K1/1539/23</DowodZakupu>
            <DataZakupu>2023-08-26</DataZakupu>
            <DataWplywu>2023-08-26</DataWplywu>
            <K_42>113.85</K_42>
            <K_43>13.09</K_43>
        </ZakupWiersz>
        <ZakupWiersz>
            <LpZakupu>51</LpZakupu>
            <KodKrajuNadaniaTIN>PL</KodKrajuNadaniaTIN>
            <NrDostawcy>7580007381</NrDostawcy>
            <NazwaDostawcy>AUTO-BENZ STACJA PALIW SUCHECKI I WSPÓLNICY SP.J.</NazwaDostawcy>
            <DowodZakupu>1211/08/2023</DowodZakupu>
            <DataZakupu>2023-08-27</DataZakupu>
            <DataWplywu>2023-08-27</DataWplywu>
            <K_42>81.65</K_42>
            <K_43>9.39</K_43>
        </ZakupWiersz>
        <ZakupWiersz>
            <LpZakupu>52</LpZakupu>
            <KodKrajuNadaniaTIN>PL</KodKrajuNadaniaTIN>
            <NrDostawcy>7582045405</NrDostawcy>
            <NazwaDostawcy>"TARGOR-TRUCK" sp. z o.o.</NazwaDostawcy>
            <DowodZakupu>4086/23/2</DowodZakupu>
            <DataZakupu>2023-08-27</DataZakupu>
            <DataWplywu>2023-08-27</DataWplywu>
            <K_42>427.76</K_42>
            <K_43>98.38</K_43>
        </ZakupWiersz>
        <ZakupWiersz>
            <LpZakupu>53</LpZakupu>
            <KodKrajuNadaniaTIN>PL</KodKrajuNadaniaTIN>
            <NrDostawcy>7740001454</NrDostawcy>
            <NazwaDostawcy>POLSKI KONCERN NAFTOWY ORLEN S.A.</NazwaDostawcy>
            <DowodZakupu>4228K2/1111/23</DowodZakupu>
            <DataZakupu>2023-08-28</DataZakupu>
            <DataWplywu>2023-08-28</DataWplywu>
            <K_42>105.68</K_42>
            <K_43>12.15</K_43>
        </ZakupWiersz>
        <ZakupWiersz>
            <LpZakupu>54</LpZakupu>
            <KodKrajuNadaniaTIN>PL</KodKrajuNadaniaTIN>
            <NrDostawcy>5250007313</NrDostawcy>
            <NazwaDostawcy>"POCZTA POLSKA S.A."</NazwaDostawcy>
            <DowodZakupu>F000520082300252077U</DowodZakupu>
            <DataZakupu>2023-08-31</DataZakupu>
            <DataWplywu>2023-08-31</DataWplywu>
            <K_42>949.76</K_42>
            <K_43>26.44</K_43>
        </ZakupWiersz>
        <ZakupWiersz>
            <LpZakupu>55</LpZakupu>
            <KodKrajuNadaniaTIN>PL</KodKrajuNadaniaTIN>
            <NrDostawcy>6152046672</NrDostawcy>
            <NazwaDostawcy>CITRONEX TRANS ENERGY sp. z o.o.</NazwaDostawcy>
            <DowodZakupu>FV33953/05/23</DowodZakupu>
            <DataZakupu>2023-08-31</DataZakupu>
            <DataWplywu>2023-08-31</DataWplywu>
            <K_42>463.57</K_42>
            <K_43>53.31</K_43>
        </ZakupWiersz>
        <ZakupCtrl>
            <LiczbaWierszyZakupow>55</LiczbaWierszyZakupow>
            <PodatekNaliczony>5164.46</PodatekNaliczony>
        </ZakupCtrl>
    </Ewidencja>
</JPK>
