<?xml version="1.0" encoding="UTF-8" standalone="yes"?>
<JPK xmlns="http://crd.gov.pl/wzor/2021/12/27/11148/" xmlns:ns2="http://crd.gov.pl/xml/schematy/dziedzinowe/mf/2021/06/08/eD/DefinicjeTypy/" xmlns:ns3="http://crd.gov.pl/wzor/2021/12/27/11149/">
    <Naglowek>
        <KodFormularza kodSystemowy="JPK_V7M (2)" wersjaSchemy="1-0E">JPK_VAT</KodFormularza>
        <WariantFormularza>2</WariantFormularza>
        <DataWytworzeniaJPK>2023-09-13T07:56:37.553Z</DataWytworzeniaJPK>
        <NazwaSystemu>Taxman</NazwaSystemu>
        <CelZlozenia poz="P_7">1</CelZlozenia>
        <KodUrzedu>3215</KodUrzedu>
        <Rok>2023</Rok>
        <Miesiac>8</Miesiac>
    </Naglowek>
    <Podmiot1 rola="Podatnik">
        <OsobaNiefizyczna>
            <NIP>8513267853</NIP>
            <PelnaNazwa>WOODMET sp. z o.o.</PelnaNazwa>
            <Email>zanetagrzegorczyk1@gmail.com</Email>
            <Telefon>532434443</Telefon>
        </OsobaNiefizyczna>
    </Podmiot1>
    <Deklaracja>
        <Naglowek>
            <KodFormularzaDekl kodSystemowy="VAT-7 (22)" kodPodatku="VAT" rodzajZobowiazania="Z" wersjaSchemy="1-0E">VAT-7</KodFormularzaDekl>
            <WariantFormularzaDekl>22</WariantFormularzaDekl>
        </Naglowek>
        <PozycjeSzczegolowe>
            <P_11>348200</P_11>
            <P_29>7562</P_29>
            <P_30>1739</P_30>
            <P_35>0</P_35>
            <P_37>355762</P_37>
            <P_38>1739</P_38>
            <P_39>15000</P_39>
            <P_40>0</P_40>
            <P_41>0</P_41>
            <P_42>167181</P_42>
            <P_43>37700</P_43>
            <P_48>52700</P_48>
            <P_49>0</P_49>
            <P_51>0</P_51>
            <P_52>0</P_52>
            <P_53>50961</P_53>
            <P_54>35961</P_54>
            <P_57>1</P_57>
            <P_62>15000</P_62>
        </PozycjeSzczegolowe>
        <Pouczenia>1</Pouczenia>
    </Deklaracja>
    <Ewidencja>
        <SprzedazWiersz>
            <LpSprzedazy>1</LpSprzedazy>
            <KodKrajuNadaniaTIN>DE</KodKrajuNadaniaTIN>
            <NrKontrahenta>308535512</NrKontrahenta>
            <NazwaKontrahenta>BGH- Agentur</NazwaKontrahenta>
            <DowodSprzedazy>7/AUG/2023</DowodSprzedazy>
            <DataWystawienia>2023-08-31</DataWystawienia>
            <DataSprzedazy>2023-08-08</DataSprzedazy>
            <K_29>3763.72</K_29>
            <K_30>865.65</K_30>
        </SprzedazWiersz>
        <SprzedazWiersz>
            <LpSprzedazy>2</LpSprzedazy>
            <KodKrajuNadaniaTIN>DE</KodKrajuNadaniaTIN>
            <NrKontrahenta>0000010824</NrKontrahenta>
            <NazwaKontrahenta>Nadja Kowalczuk</NazwaKontrahenta>
            <DowodSprzedazy>01/08/2023</DowodSprzedazy>
            <DataWystawienia>2023-08-31</DataWystawienia>
            <DataSprzedazy>2023-08-11</DataSprzedazy>
            <K_11>33041.00</K_11>
        </SprzedazWiersz>
        <SprzedazWiersz>
            <LpSprzedazy>3</LpSprzedazy>
            <KodKrajuNadaniaTIN>DE</KodKrajuNadaniaTIN>
            <NrKontrahenta>0000008130</NrKontrahenta>
            <NazwaKontrahenta>Bayram Halit</NazwaKontrahenta>
            <DowodSprzedazy>02/08/2023</DowodSprzedazy>
            <DataWystawienia>2023-08-31</DataWystawienia>
            <DataSprzedazy>2023-08-11</DataSprzedazy>
            <K_11>7813.75</K_11>
        </SprzedazWiersz>
        <SprzedazWiersz>
            <LpSprzedazy>4</LpSprzedazy>
            <KodKrajuNadaniaTIN>DE</KodKrajuNadaniaTIN>
            <NrKontrahenta>0000011270</NrKontrahenta>
            <NazwaKontrahenta>Spiro Budrovic</NazwaKontrahenta>
            <DowodSprzedazy>03/08/2023</DowodSprzedazy>
            <DataWystawienia>2023-08-31</DataWystawienia>
            <DataSprzedazy>2023-08-29</DataSprzedazy>
            <K_11>50663.23</K_11>
        </SprzedazWiersz>
        <SprzedazWiersz>
            <LpSprzedazy>5</LpSprzedazy>
            <KodKrajuNadaniaTIN>DE</KodKrajuNadaniaTIN>
            <NrKontrahenta>317858603</NrKontrahenta>
            <NazwaKontrahenta>Trivex Immobilen &amp; Baumanagement Gmbh </NazwaKontrahenta>
            <DowodSprzedazy>04/08/2023</DowodSprzedazy>
            <DataWystawienia>2023-08-31</DataWystawienia>
            <DataSprzedazy>2023-08-29</DataSprzedazy>
            <K_11>171184.92</K_11>
        </SprzedazWiersz>
        <SprzedazWiersz>
            <LpSprzedazy>6</LpSprzedazy>
            <KodKrajuNadaniaTIN>DE</KodKrajuNadaniaTIN>
            <NrKontrahenta>317858603</NrKontrahenta>
            <NazwaKontrahenta>Trivex Immobilen &amp; Baumanagement Gmbh </NazwaKontrahenta>
            <DowodSprzedazy>05/08/2023</DowodSprzedazy>
            <DataWystawienia>2023-08-31</DataWystawienia>
            <DataSprzedazy>2023-08-29</DataSprzedazy>
            <K_11>68862.64</K_11>
        </SprzedazWiersz>
        <SprzedazWiersz>
            <LpSprzedazy>7</LpSprzedazy>
            <KodKrajuNadaniaTIN>DE</KodKrajuNadaniaTIN>
            <NrKontrahenta>0000011448</NrKontrahenta>
            <NazwaKontrahenta>Judith Hoch-Beteille</NazwaKontrahenta>
            <DowodSprzedazy>06/08/2023</DowodSprzedazy>
            <DataWystawienia>2023-08-31</DataWystawienia>
            <DataSprzedazy>2023-08-29</DataSprzedazy>
            <K_11>16634.35</K_11>
        </SprzedazWiersz>
        <SprzedazWiersz>
            <LpSprzedazy>8</LpSprzedazy>
            <KodKrajuNadaniaTIN>DE</KodKrajuNadaniaTIN>
            <NrKontrahenta>308535512</NrKontrahenta>
            <NazwaKontrahenta>BGH- Agentur</NazwaKontrahenta>
            <DowodSprzedazy>16/AUG/2023</DowodSprzedazy>
            <DataWystawienia>2023-08-31</DataWystawienia>
            <DataSprzedazy>2023-08-30</DataSprzedazy>
            <K_29>3798.65</K_29>
            <K_30>873.69</K_30>
        </SprzedazWiersz>
        <SprzedazCtrl>
            <LiczbaWierszySprzedazy>8</LiczbaWierszySprzedazy>
            <PodatekNalezny>1739.34</PodatekNalezny>
        </SprzedazCtrl>
        <ZakupWiersz>
            <LpZakupu>1</LpZakupu>
            <KodKrajuNadaniaTIN>PL</KodKrajuNadaniaTIN>
            <NrDostawcy>5990203838</NrDostawcy>
            <NazwaDostawcy>PRZEDSIĘBIORSTWO HANDLOWO-PRODUKCYJNE "METALPLAST - MEBLOPOL" Zofia Wiernicka</NazwaDostawcy>
            <DowodZakupu>FS 12352/07/2023</DowodZakupu>
            <DataZakupu>2023-07-26</DataZakupu>
            <DataWplywu>2023-08-31</DataWplywu>
            <K_42>145.75</K_42>
            <K_43>33.52</K_43>
        </ZakupWiersz>
        <ZakupWiersz>
            <LpZakupu>2</LpZakupu>
            <KodKrajuNadaniaTIN>PL</KodKrajuNadaniaTIN>
            <NrDostawcy>1130089950</NrDostawcy>
            <NazwaDostawcy>"LEROY-MERLIN POLSKA" sp. z o.o.</NazwaDostawcy>
            <DowodZakupu>2023-23-505731</DowodZakupu>
            <DataZakupu>2023-07-31</DataZakupu>
            <DataWplywu>2023-08-31</DataWplywu>
            <K_42>1161.79</K_42>
            <K_43>267.21</K_43>
        </ZakupWiersz>
        <ZakupWiersz>
            <LpZakupu>3</LpZakupu>
            <KodKrajuNadaniaTIN>PL</KodKrajuNadaniaTIN>
            <NrDostawcy>7792503943</NrDostawcy>
            <NazwaDostawcy>3MINDSET sp. z o.o.</NazwaDostawcy>
            <DowodZakupu>FV 2023/8/1/23</DowodZakupu>
            <DataZakupu>2023-08-01</DataZakupu>
            <DataWplywu>2023-08-31</DataWplywu>
            <K_42>400.00</K_42>
            <K_43>92.0</K_43>
        </ZakupWiersz>
        <ZakupWiersz>
            <LpZakupu>4</LpZakupu>
            <KodKrajuNadaniaTIN>PL</KodKrajuNadaniaTIN>
            <NrDostawcy>5222857117</NrDostawcy>
            <NazwaDostawcy>Santander Cinsumer Multirent Sp. zo.o.</NazwaDostawcy>
            <DowodZakupu>RL/27682/08/23</DowodZakupu>
            <DataZakupu>2023-08-01</DataZakupu>
            <DataWplywu>2023-08-31</DataWplywu>
            <K_42>2137.61</K_42>
            <K_43>491.65</K_43>
        </ZakupWiersz>
        <ZakupWiersz>
            <LpZakupu>5</LpZakupu>
            <KodKrajuNadaniaTIN>PL</KodKrajuNadaniaTIN>
            <NrDostawcy>7121016682</NrDostawcy>
            <NazwaDostawcy>Pekao Leasing Sp. z o.o.</NazwaDostawcy>
            <DowodZakupu>23008/00369/DD/G</DowodZakupu>
            <DataZakupu>2023-08-01</DataZakupu>
            <DataWplywu>2023-08-31</DataWplywu>
            <K_42>300.00</K_42>
            <K_43>34.5</K_43>
        </ZakupWiersz>
        <ZakupWiersz>
            <LpZakupu>6</LpZakupu>
            <KodKrajuNadaniaTIN>PL</KodKrajuNadaniaTIN>
            <NrDostawcy>7121016682</NrDostawcy>
            <NazwaDostawcy>Pekao Leasing Sp. z o.o.</NazwaDostawcy>
            <DowodZakupu>34/N22734/L/0823</DowodZakupu>
            <DataZakupu>2023-08-01</DataZakupu>
            <DataWplywu>2023-08-31</DataWplywu>
            <K_42>1602.93</K_42>
            <K_43>184.34</K_43>
        </ZakupWiersz>
        <ZakupWiersz>
            <LpZakupu>7</LpZakupu>
            <KodKrajuNadaniaTIN>PL</KodKrajuNadaniaTIN>
            <NrDostawcy>5211295779</NrDostawcy>
            <NazwaDostawcy>SANTANDER LEASING S.A.</NazwaDostawcy>
            <DowodZakupu>2023/08/FS/B/036101/C</DowodZakupu>
            <DataZakupu>2023-08-01</DataZakupu>
            <DataWplywu>2023-08-31</DataWplywu>
            <K_42>1159.40</K_42>
            <K_43>133.33</K_43>
        </ZakupWiersz>
        <ZakupWiersz>
            <LpZakupu>8</LpZakupu>
            <KodKrajuNadaniaTIN>PL</KodKrajuNadaniaTIN>
            <NrDostawcy>5971654942</NrDostawcy>
            <NazwaDostawcy>P.h.u.mariusz Wieczorek</NazwaDostawcy>
            <DowodZakupu>12/2023</DowodZakupu>
            <DataZakupu>2023-08-02</DataZakupu>
            <DataWplywu>2023-08-31</DataWplywu>
            <K_42>22650.00</K_42>
            <K_43>5209.5</K_43>
        </ZakupWiersz>
        <ZakupWiersz>
            <LpZakupu>9</LpZakupu>
            <KodKrajuNadaniaTIN>PL</KodKrajuNadaniaTIN>
            <NrDostawcy>6793137500</NrDostawcy>
            <NazwaDostawcy>STAMATS sp. z o.o.</NazwaDostawcy>
            <DowodZakupu>17506/2023</DowodZakupu>
            <DataZakupu>2023-08-03</DataZakupu>
            <DataWplywu>2023-08-31</DataWplywu>
            <K_42>238.16</K_42>
            <K_43>54.78</K_43>
        </ZakupWiersz>
        <ZakupWiersz>
            <LpZakupu>10</LpZakupu>
            <KodKrajuNadaniaTIN>PL</KodKrajuNadaniaTIN>
            <NrDostawcy>5260250995</NrDostawcy>
            <NazwaDostawcy>ORANGE POLSKA S.A.</NazwaDostawcy>
            <DowodZakupu>910921656</DowodZakupu>
            <DataZakupu>2023-08-03</DataZakupu>
            <DataWplywu>2023-08-31</DataWplywu>
            <K_42>6225.00</K_42>
            <K_43>1431.75</K_43>
        </ZakupWiersz>
        <ZakupWiersz>
            <LpZakupu>11</LpZakupu>
            <KodKrajuNadaniaTIN>PL</KodKrajuNadaniaTIN>
            <NrDostawcy>5491879635</NrDostawcy>
            <NazwaDostawcy>Magdalena Ogórek Firma Handlowa "kamar"</NazwaDostawcy>
            <DowodZakupu>75/08/2023</DowodZakupu>
            <DataZakupu>2023-08-04</DataZakupu>
            <DataWplywu>2023-08-31</DataWplywu>
            <K_42>53.66</K_42>
            <K_43>12.34</K_43>
        </ZakupWiersz>
        <ZakupWiersz>
            <LpZakupu>12</LpZakupu>
            <KodKrajuNadaniaTIN>PL</KodKrajuNadaniaTIN>
            <NrDostawcy>1231407328</NrDostawcy>
            <NazwaDostawcy>LUN FIX sp. z o.o.</NazwaDostawcy>
            <DowodZakupu>13268/2023</DowodZakupu>
            <DataZakupu>2023-08-04</DataZakupu>
            <DataWplywu>2023-08-31</DataWplywu>
            <K_42>105.64</K_42>
            <K_43>24.3</K_43>
        </ZakupWiersz>
        <ZakupWiersz>
            <LpZakupu>13</LpZakupu>
            <KodKrajuNadaniaTIN>PL</KodKrajuNadaniaTIN>
            <NrDostawcy>5990205458</NrDostawcy>
            <NazwaDostawcy>OŚRODEK KOMPUTEROWY "INFOSTIL" sp. z o.o.</NazwaDostawcy>
            <DowodZakupu>18/MAG/08/2023</DowodZakupu>
            <DataZakupu>2023-08-07</DataZakupu>
            <DataWplywu>2023-08-31</DataWplywu>
            <K_42>304.88</K_42>
            <K_43>70.12</K_43>
        </ZakupWiersz>
        <ZakupWiersz>
            <LpZakupu>14</LpZakupu>
            <KodKrajuNadaniaTIN>PL</KodKrajuNadaniaTIN>
            <NrDostawcy>5961423655</NrDostawcy>
            <NazwaDostawcy>SULNET Paweł Nowak</NazwaDostawcy>
            <DowodZakupu>2/08/2023</DowodZakupu>
            <DataZakupu>2023-08-07</DataZakupu>
            <DataWplywu>2023-08-31</DataWplywu>
            <K_42>1178.86</K_42>
            <K_43>271.14</K_43>
        </ZakupWiersz>
        <ZakupWiersz>
            <LpZakupu>15</LpZakupu>
            <KodKrajuNadaniaTIN>PL</KodKrajuNadaniaTIN>
            <NrDostawcy>8511005008</NrDostawcy>
            <NazwaDostawcy>" TAXMAN " BIURO RACHUNKOWE Grzegorz Grzelczyk</NazwaDostawcy>
            <DowodZakupu>9/2023/WOOD85</DowodZakupu>
            <DataZakupu>2023-08-07</DataZakupu>
            <DataWplywu>2023-08-31</DataWplywu>
            <K_42>1800.00</K_42>
            <K_43>414.0</K_43>
        </ZakupWiersz>
        <ZakupWiersz>
            <LpZakupu>16</LpZakupu>
            <KodKrajuNadaniaTIN>PL</KodKrajuNadaniaTIN>
            <NrDostawcy>5971750189</NrDostawcy>
            <NazwaDostawcy>PULVERMET METALLBAU sp. z o.o.</NazwaDostawcy>
            <DowodZakupu>PL000148/2023</DowodZakupu>
            <DataZakupu>2023-08-07</DataZakupu>
            <DataWplywu>2023-08-31</DataWplywu>
            <K_42>2964.08</K_42>
            <K_43>681.74</K_43>
        </ZakupWiersz>
        <ZakupWiersz>
            <LpZakupu>17</LpZakupu>
            <KodKrajuNadaniaTIN>PL</KodKrajuNadaniaTIN>
            <NrDostawcy>6662085872</NrDostawcy>
            <NazwaDostawcy>Przedsiębiorstwo TMF s.c. Florczak Tadeusz, Florczak Michał</NazwaDostawcy>
            <DowodZakupu>FV/00802/2023</DowodZakupu>
            <DataZakupu>2023-08-07</DataZakupu>
            <DataWplywu>2023-08-31</DataWplywu>
            <K_42>9973.00</K_42>
            <K_43>2293.79</K_43>
        </ZakupWiersz>
        <ZakupWiersz>
            <LpZakupu>18</LpZakupu>
            <KodKrajuNadaniaTIN>PL</KodKrajuNadaniaTIN>
            <NrDostawcy>7391910045</NrDostawcy>
            <NazwaDostawcy>FIRMA MISTRAL Andrzej Dąbrowski</NazwaDostawcy>
            <DowodZakupu>FV 7451/8/2023</DowodZakupu>
            <DataZakupu>2023-08-08</DataZakupu>
            <DataWplywu>2023-08-31</DataWplywu>
            <K_42>67.47</K_42>
            <K_43>15.52</K_43>
        </ZakupWiersz>
        <ZakupWiersz>
            <LpZakupu>19</LpZakupu>
            <KodKrajuNadaniaTIN>PL</KodKrajuNadaniaTIN>
            <NrDostawcy>7773140244</NrDostawcy>
            <NazwaDostawcy>POSTAL STEEL GROUP POLSKA sp. z o.o.</NazwaDostawcy>
            <DowodZakupu>FS-186/23/MAH/08</DowodZakupu>
            <DataZakupu>2023-08-09</DataZakupu>
            <DataWplywu>2023-08-31</DataWplywu>
            <K_42>288.28</K_42>
            <K_43>66.3</K_43>
        </ZakupWiersz>
        <ZakupWiersz>
            <LpZakupu>20</LpZakupu>
            <KodKrajuNadaniaTIN>PL</KodKrajuNadaniaTIN>
            <NrDostawcy>7773140244</NrDostawcy>
            <NazwaDostawcy>POSTAL STEEL GROUP POLSKA sp. z o.o.</NazwaDostawcy>
            <DowodZakupu>FS-356/23/POZ/08</DowodZakupu>
            <DataZakupu>2023-08-09</DataZakupu>
            <DataWplywu>2023-08-31</DataWplywu>
            <K_42>11929.91</K_42>
            <K_43>2743.88</K_43>
        </ZakupWiersz>
        <ZakupWiersz>
            <LpZakupu>21</LpZakupu>
            <KodKrajuNadaniaTIN>PL</KodKrajuNadaniaTIN>
            <NrDostawcy>5260250995</NrDostawcy>
            <NazwaDostawcy>ORANGE POLSKA S.A.</NazwaDostawcy>
            <DowodZakupu>23080441202547</DowodZakupu>
            <DataZakupu>2023-08-10</DataZakupu>
            <DataWplywu>2023-08-31</DataWplywu>
            <K_42>44.99</K_42>
            <K_43>10.35</K_43>
        </ZakupWiersz>
        <ZakupWiersz>
            <LpZakupu>22</LpZakupu>
            <KodKrajuNadaniaTIN>PL</KodKrajuNadaniaTIN>
            <NrDostawcy>5971756476</NrDostawcy>
            <NazwaDostawcy>ZAKŁAD SZKLARSKI Mateusz Giniewicz</NazwaDostawcy>
            <DowodZakupu>FV/127/2023</DowodZakupu>
            <DataZakupu>2023-08-10</DataZakupu>
            <DataWplywu>2023-08-31</DataWplywu>
            <K_42>267.06</K_42>
            <K_43>61.42</K_43>
        </ZakupWiersz>
        <ZakupWiersz>
            <LpZakupu>23</LpZakupu>
            <KodKrajuNadaniaTIN>PL</KodKrajuNadaniaTIN>
            <NrDostawcy>5971731737</NrDostawcy>
            <NazwaDostawcy>JOKŚ BUDOWA MASZYN sp. z o.o. sp.k.</NazwaDostawcy>
            <DowodZakupu>50/08/23/SF/L</DowodZakupu>
            <DataZakupu>2023-08-11</DataZakupu>
            <DataWplywu>2023-08-31</DataWplywu>
            <K_42>2620.00</K_42>
            <K_43>602.6</K_43>
        </ZakupWiersz>
        <ZakupWiersz>
            <LpZakupu>24</LpZakupu>
            <KodKrajuNadaniaTIN>PL</KodKrajuNadaniaTIN>
            <NrDostawcy>5971731737</NrDostawcy>
            <NazwaDostawcy>JOKŚ BUDOWA MASZYN sp. z o.o. sp.k.</NazwaDostawcy>
            <DowodZakupu>48/08/23/SF/L</DowodZakupu>
            <DataZakupu>2023-08-11</DataZakupu>
            <DataWplywu>2023-08-31</DataWplywu>
            <K_42>100.00</K_42>
            <K_43>23.0</K_43>
        </ZakupWiersz>
        <ZakupWiersz>
            <LpZakupu>25</LpZakupu>
            <KodKrajuNadaniaTIN>PL</KodKrajuNadaniaTIN>
            <NrDostawcy>8431614053</NrDostawcy>
            <NazwaDostawcy>SOBCZAK sp. z o.o.</NazwaDostawcy>
            <DowodZakupu>7/08/2023</DowodZakupu>
            <DataZakupu>2023-08-11</DataZakupu>
            <DataWplywu>2023-08-31</DataWplywu>
            <K_42>16085.00</K_42>
            <K_43>3699.55</K_43>
        </ZakupWiersz>
        <ZakupWiersz>
            <LpZakupu>26</LpZakupu>
            <KodKrajuNadaniaTIN>PL</KodKrajuNadaniaTIN>
            <NrDostawcy>6811857795</NrDostawcy>
            <NazwaDostawcy>Piotr Lach Mefisto</NazwaDostawcy>
            <DowodZakupu>370/8/2023</DowodZakupu>
            <DataZakupu>2023-08-14</DataZakupu>
            <DataWplywu>2023-08-31</DataWplywu>
            <K_42>191.05</K_42>
            <K_43>43.94</K_43>
        </ZakupWiersz>
        <ZakupWiersz>
            <LpZakupu>27</LpZakupu>
            <KodKrajuNadaniaTIN>PL</KodKrajuNadaniaTIN>
            <NrDostawcy>8393231047</NrDostawcy>
            <NazwaDostawcy>GLOBAL SERVICE sp. z o.o.</NazwaDostawcy>
            <DowodZakupu>23088268</DowodZakupu>
            <DataZakupu>2023-08-14</DataZakupu>
            <DataWplywu>2023-08-31</DataWplywu>
            <K_42>217.32</K_42>
            <K_43>49.98</K_43>
        </ZakupWiersz>
        <ZakupWiersz>
            <LpZakupu>28</LpZakupu>
            <KodKrajuNadaniaTIN>PL</KodKrajuNadaniaTIN>
            <NrDostawcy>7822550049</NrDostawcy>
            <NazwaDostawcy>GB RENT sp. z o.o.</NazwaDostawcy>
            <DowodZakupu>F/2584/2023/GB/UT</DowodZakupu>
            <DataZakupu>2023-08-14</DataZakupu>
            <DataWplywu>2023-08-31</DataWplywu>
            <K_42>2850.00</K_42>
            <K_43>327.75</K_43>
        </ZakupWiersz>
        <ZakupWiersz>
            <LpZakupu>29</LpZakupu>
            <KodKrajuNadaniaTIN>PL</KodKrajuNadaniaTIN>
            <NrDostawcy>5423380656</NrDostawcy>
            <NazwaDostawcy>AUTO ORIGINAL PARTS sp. z o.o.</NazwaDostawcy>
            <DowodZakupu>FV/1105/PL/2308</DowodZakupu>
            <DataZakupu>2023-08-14</DataZakupu>
            <DataWplywu>2023-08-31</DataWplywu>
            <K_42>625.09</K_42>
            <K_43>71.89</K_43>
        </ZakupWiersz>
        <ZakupWiersz>
            <LpZakupu>30</LpZakupu>
            <KodKrajuNadaniaTIN>PL</KodKrajuNadaniaTIN>
            <NrDostawcy>6482779917</NrDostawcy>
            <NazwaDostawcy>UMAKOW POLSKA sp. z o.o.</NazwaDostawcy>
            <DowodZakupu>2303024891</DowodZakupu>
            <DataZakupu>2023-08-16</DataZakupu>
            <DataWplywu>2023-08-31</DataWplywu>
            <K_42>948.50</K_42>
            <K_43>218.16</K_43>
        </ZakupWiersz>
        <ZakupWiersz>
            <LpZakupu>31</LpZakupu>
            <KodKrajuNadaniaTIN>PL</KodKrajuNadaniaTIN>
            <NrDostawcy>5491879635</NrDostawcy>
            <NazwaDostawcy>Magdalena Ogórek Firma Handlowa "kamar"</NazwaDostawcy>
            <DowodZakupu>227/08/2023</DowodZakupu>
            <DataZakupu>2023-08-16</DataZakupu>
            <DataWplywu>2023-08-31</DataWplywu>
            <K_42>53.66</K_42>
            <K_43>12.34</K_43>
        </ZakupWiersz>
        <ZakupWiersz>
            <LpZakupu>32</LpZakupu>
            <KodKrajuNadaniaTIN>PL</KodKrajuNadaniaTIN>
            <NrDostawcy>7773140244</NrDostawcy>
            <NazwaDostawcy>POSTAL STEEL GROUP POLSKA sp. z o.o.</NazwaDostawcy>
            <DowodZakupu>FS-348/23/MAH/08</DowodZakupu>
            <DataZakupu>2023-08-16</DataZakupu>
            <DataWplywu>2023-08-31</DataWplywu>
            <K_42>967.93</K_42>
            <K_43>222.62</K_43>
        </ZakupWiersz>
        <ZakupWiersz>
            <LpZakupu>33</LpZakupu>
            <KodKrajuNadaniaTIN>PL</KodKrajuNadaniaTIN>
            <NrDostawcy>5751634877</NrDostawcy>
            <NazwaDostawcy>Bäcker Polska Spółka z Ograniczoną</NazwaDostawcy>
            <DowodZakupu>FS-ESHOP/3791/23</DowodZakupu>
            <DataZakupu>2023-08-16</DataZakupu>
            <DataWplywu>2023-08-31</DataWplywu>
            <K_42>333.81</K_42>
            <K_43>76.78</K_43>
        </ZakupWiersz>
        <ZakupWiersz>
            <LpZakupu>34</LpZakupu>
            <KodKrajuNadaniaTIN>PL</KodKrajuNadaniaTIN>
            <NrDostawcy>1182125681</NrDostawcy>
            <NazwaDostawcy>EPAT sp. z o.o.</NazwaDostawcy>
            <DowodZakupu>331/MS/08/2023</DowodZakupu>
            <DataZakupu>2023-08-16</DataZakupu>
            <DataWplywu>2023-08-31</DataWplywu>
            <K_42>330.47</K_42>
            <K_43>76.01</K_43>
        </ZakupWiersz>
        <ZakupWiersz>
            <LpZakupu>35</LpZakupu>
            <KodKrajuNadaniaTIN>PL</KodKrajuNadaniaTIN>
            <NrDostawcy>9680378356</NrDostawcy>
            <NazwaDostawcy>MB MARKET Marcin Balcerzyk</NazwaDostawcy>
            <DowodZakupu>F/1/23/000549</DowodZakupu>
            <DataZakupu>2023-08-16</DataZakupu>
            <DataWplywu>2023-08-31</DataWplywu>
            <K_42>43.74</K_42>
            <K_43>10.06</K_43>
        </ZakupWiersz>
        <ZakupWiersz>
            <LpZakupu>36</LpZakupu>
            <KodKrajuNadaniaTIN>PL</KodKrajuNadaniaTIN>
            <NrDostawcy>5992868128</NrDostawcy>
            <NazwaDostawcy>ADLER-GLAS Przemysław Wawruszczak</NazwaDostawcy>
            <DowodZakupu>167/MAG/08/2023</DowodZakupu>
            <DataZakupu>2023-08-16</DataZakupu>
            <DataWplywu>2023-08-31</DataWplywu>
            <K_42>2469.55</K_42>
            <K_43>568.0</K_43>
        </ZakupWiersz>
        <ZakupWiersz>
            <LpZakupu>37</LpZakupu>
            <KodKrajuNadaniaTIN>PL</KodKrajuNadaniaTIN>
            <NrDostawcy>7792537830</NrDostawcy>
            <NazwaDostawcy>SPEC KABLE sp. z o.o.</NazwaDostawcy>
            <DowodZakupu>FS 7356/WMG/08/2023</DowodZakupu>
            <DataZakupu>2023-08-17</DataZakupu>
            <DataWplywu>2023-08-31</DataWplywu>
            <K_42>43.12</K_42>
            <K_43>9.92</K_43>
        </ZakupWiersz>
        <ZakupWiersz>
            <LpZakupu>38</LpZakupu>
            <KodKrajuNadaniaTIN>PL</KodKrajuNadaniaTIN>
            <NrDostawcy>9532739265</NrDostawcy>
            <NazwaDostawcy>ABA sp. z o.o. sp.k.</NazwaDostawcy>
            <DowodZakupu>16346/MAG/2023</DowodZakupu>
            <DataZakupu>2023-08-17</DataZakupu>
            <DataWplywu>2023-08-31</DataWplywu>
            <K_42>19.50</K_42>
            <K_43>4.48</K_43>
        </ZakupWiersz>
        <ZakupWiersz>
            <LpZakupu>39</LpZakupu>
            <KodKrajuNadaniaTIN>PL</KodKrajuNadaniaTIN>
            <NrDostawcy>5971731737</NrDostawcy>
            <NazwaDostawcy>JOKŚ BUDOWA MASZYN sp. z o.o. sp.k.</NazwaDostawcy>
            <DowodZakupu>58/08/23/SF/L</DowodZakupu>
            <DataZakupu>2023-08-17</DataZakupu>
            <DataWplywu>2023-08-31</DataWplywu>
            <K_42>2200.00</K_42>
            <K_43>506.0</K_43>
        </ZakupWiersz>
        <ZakupWiersz>
            <LpZakupu>40</LpZakupu>
            <KodKrajuNadaniaTIN>PL</KodKrajuNadaniaTIN>
            <NrDostawcy>2040001946</NrDostawcy>
            <NazwaDostawcy>Q-RAILING EUROPE HOLDING sp. z o.o. ODDZIAŁ W POLSCE</NazwaDostawcy>
            <DowodZakupu>15-129-0010484</DowodZakupu>
            <DataZakupu>2023-08-18</DataZakupu>
            <DataWplywu>2023-08-31</DataWplywu>
            <K_42>4517.50</K_42>
            <K_43>1039.03</K_43>
        </ZakupWiersz>
        <ZakupWiersz>
            <LpZakupu>41</LpZakupu>
            <KodKrajuNadaniaTIN>PL</KodKrajuNadaniaTIN>
            <NrDostawcy>5241161055</NrDostawcy>
            <NazwaDostawcy>KATARZYNA ABRAHAMOWICZ Phu "kastal"</NazwaDostawcy>
            <DowodZakupu>14280/2023</DowodZakupu>
            <DataZakupu>2023-08-18</DataZakupu>
            <DataWplywu>2023-08-31</DataWplywu>
            <K_42>253.13</K_42>
            <K_43>58.22</K_43>
        </ZakupWiersz>
        <ZakupWiersz>
            <LpZakupu>42</LpZakupu>
            <KodKrajuNadaniaTIN>PL</KodKrajuNadaniaTIN>
            <NrDostawcy>5971750189</NrDostawcy>
            <NazwaDostawcy>PULVERMET METALLBAU sp. z o.o.</NazwaDostawcy>
            <DowodZakupu>PL000154/2023</DowodZakupu>
            <DataZakupu>2023-08-18</DataZakupu>
            <DataWplywu>2023-08-31</DataWplywu>
            <K_42>1111.38</K_42>
            <K_43>255.62</K_43>
        </ZakupWiersz>
        <ZakupWiersz>
            <LpZakupu>43</LpZakupu>
            <KodKrajuNadaniaTIN>PL</KodKrajuNadaniaTIN>
            <NrDostawcy>5260250995</NrDostawcy>
            <NazwaDostawcy>ORANGE POLSKA S.A.</NazwaDostawcy>
            <DowodZakupu>F0083890185/001/23</DowodZakupu>
            <DataZakupu>2023-08-19</DataZakupu>
            <DataWplywu>2023-08-31</DataWplywu>
            <K_42>226.22</K_42>
            <K_43>52.03</K_43>
        </ZakupWiersz>
        <ZakupWiersz>
            <LpZakupu>44</LpZakupu>
            <KodKrajuNadaniaTIN>PL</KodKrajuNadaniaTIN>
            <NrDostawcy>5971654942</NrDostawcy>
            <NazwaDostawcy>P.h.u.mariusz Wieczorek</NazwaDostawcy>
            <DowodZakupu>13/2023</DowodZakupu>
            <DataZakupu>2023-08-22</DataZakupu>
            <DataWplywu>2023-08-31</DataWplywu>
            <K_42>24140.00</K_42>
            <K_43>5552.2</K_43>
        </ZakupWiersz>
        <ZakupWiersz>
            <LpZakupu>45</LpZakupu>
            <KodKrajuNadaniaTIN>PL</KodKrajuNadaniaTIN>
            <NrDostawcy>8431614053</NrDostawcy>
            <NazwaDostawcy>SOBCZAK sp. z o.o.</NazwaDostawcy>
            <DowodZakupu>8/08/2023</DowodZakupu>
            <DataZakupu>2023-08-23</DataZakupu>
            <DataWplywu>2023-08-31</DataWplywu>
            <K_42>28273.00</K_42>
            <K_43>6502.79</K_43>
        </ZakupWiersz>
        <ZakupWiersz>
            <LpZakupu>46</LpZakupu>
            <KodKrajuNadaniaTIN>PL</KodKrajuNadaniaTIN>
            <NrDostawcy>5971750189</NrDostawcy>
            <NazwaDostawcy>PULVERMET METALLBAU sp. z o.o.</NazwaDostawcy>
            <DowodZakupu>PL0001574/2023</DowodZakupu>
            <DataZakupu>2023-08-23</DataZakupu>
            <DataWplywu>2023-08-31</DataWplywu>
            <K_42>712.88</K_42>
            <K_43>163.96</K_43>
        </ZakupWiersz>
        <ZakupWiersz>
            <LpZakupu>47</LpZakupu>
            <KodKrajuNadaniaTIN>PL</KodKrajuNadaniaTIN>
            <NrDostawcy>5222478101</NrDostawcy>
            <NazwaDostawcy>AJ Produkty sp. z o.o.</NazwaDostawcy>
            <DowodZakupu>8004134</DowodZakupu>
            <DataZakupu>2023-08-23</DataZakupu>
            <DataWplywu>2023-08-31</DataWplywu>
            <K_42>910.86</K_42>
            <K_43>209.5</K_43>
        </ZakupWiersz>
        <ZakupWiersz>
            <LpZakupu>48</LpZakupu>
            <KodKrajuNadaniaTIN>PL</KodKrajuNadaniaTIN>
            <NrDostawcy>6182078725</NrDostawcy>
            <NazwaDostawcy>MICHAŁ Jankowski Biuronet</NazwaDostawcy>
            <DowodZakupu>18907/MAG/2023</DowodZakupu>
            <DataZakupu>2023-08-24</DataZakupu>
            <DataWplywu>2023-08-31</DataWplywu>
            <K_42>485.54</K_42>
            <K_43>111.68</K_43>
        </ZakupWiersz>
        <ZakupWiersz>
            <LpZakupu>49</LpZakupu>
            <KodKrajuNadaniaTIN>PL</KodKrajuNadaniaTIN>
            <NrDostawcy>5261027992</NrDostawcy>
            <NazwaDostawcy>ROBERT BOSCH sp. z o.o.</NazwaDostawcy>
            <DowodZakupu>3173711376</DowodZakupu>
            <DataZakupu>2023-08-25</DataZakupu>
            <DataWplywu>2023-08-31</DataWplywu>
            <K_42>143.00</K_42>
            <K_43>32.89</K_43>
        </ZakupWiersz>
        <ZakupWiersz>
            <LpZakupu>50</LpZakupu>
            <KodKrajuNadaniaTIN>PL</KodKrajuNadaniaTIN>
            <NrDostawcy>5971750189</NrDostawcy>
            <NazwaDostawcy>PULVERMET METALLBAU sp. z o.o.</NazwaDostawcy>
            <DowodZakupu>PL000159/2023</DowodZakupu>
            <DataZakupu>2023-08-25</DataZakupu>
            <DataWplywu>2023-08-31</DataWplywu>
            <K_42>1591.03</K_42>
            <K_43>365.94</K_43>
        </ZakupWiersz>
        <ZakupWiersz>
            <LpZakupu>51</LpZakupu>
            <KodKrajuNadaniaTIN>PL</KodKrajuNadaniaTIN>
            <NrDostawcy>4290025340</NrDostawcy>
            <NazwaDostawcy>DP-WELDING Inżynieria spawalnictwa Daniel Paczewski</NazwaDostawcy>
            <DowodZakupu>04/08/2023</DowodZakupu>
            <DataZakupu>2023-08-29</DataZakupu>
            <DataWplywu>2023-08-31</DataWplywu>
            <K_42>912.00</K_42>
            <K_43>209.76</K_43>
        </ZakupWiersz>
        <ZakupWiersz>
            <LpZakupu>52</LpZakupu>
            <KodKrajuNadaniaTIN>PL</KodKrajuNadaniaTIN>
            <NrDostawcy>5971731737</NrDostawcy>
            <NazwaDostawcy>JOKŚ BUDOWA MASZYN sp. z o.o. sp.k.</NazwaDostawcy>
            <DowodZakupu>126/08/23/SF/L</DowodZakupu>
            <DataZakupu>2023-08-30</DataZakupu>
            <DataWplywu>2023-08-31</DataWplywu>
            <K_42>300.00</K_42>
            <K_43>69.0</K_43>
        </ZakupWiersz>
        <ZakupWiersz>
            <LpZakupu>53</LpZakupu>
            <KodKrajuNadaniaTIN>PL</KodKrajuNadaniaTIN>
            <NrDostawcy>5971750189</NrDostawcy>
            <NazwaDostawcy>PULVERMET METALLBAU sp. z o.o.</NazwaDostawcy>
            <DowodZakupu>PL000162/2023</DowodZakupu>
            <DataZakupu>2023-08-30</DataZakupu>
            <DataWplywu>2023-08-31</DataWplywu>
            <K_42>855.44</K_42>
            <K_43>196.75</K_43>
        </ZakupWiersz>
        <ZakupWiersz>
            <LpZakupu>54</LpZakupu>
            <KodKrajuNadaniaTIN>PL</KodKrajuNadaniaTIN>
            <NrDostawcy>5272260025</NrDostawcy>
            <NazwaDostawcy>"OCHRONA JUWENTUS-BIS" sp. z o.o. sp.k.</NazwaDostawcy>
            <DowodZakupu>Z/37601/08/23</DowodZakupu>
            <DataZakupu>2023-08-31</DataZakupu>
            <DataWplywu>2023-08-31</DataWplywu>
            <K_42>89.00</K_42>
            <K_43>20.47</K_43>
        </ZakupWiersz>
        <ZakupWiersz>
            <LpZakupu>55</LpZakupu>
            <KodKrajuNadaniaTIN>DE</KodKrajuNadaniaTIN>
            <NrDostawcy>308535512</NrDostawcy>
            <NazwaDostawcy>BGH- Agentur</NazwaDostawcy>
            <DowodZakupu>7/AUG/2023</DowodZakupu>
            <DataZakupu>2023-08-08</DataZakupu>
            <DataWplywu>2023-08-31</DataWplywu>
            <K_42>3763.72</K_42>
            <K_43>865.65</K_43>
        </ZakupWiersz>
        <ZakupWiersz>
            <LpZakupu>56</LpZakupu>
            <KodKrajuNadaniaTIN>DE</KodKrajuNadaniaTIN>
            <NrDostawcy>308535512</NrDostawcy>
            <NazwaDostawcy>BGH- Agentur</NazwaDostawcy>
            <DowodZakupu>16/AUG/2023</DowodZakupu>
            <DataZakupu>2023-08-30</DataZakupu>
            <DataWplywu>2023-08-31</DataWplywu>
            <K_42>3798.65</K_42>
            <K_43>873.69</K_43>
        </ZakupWiersz>
        <ZakupCtrl>
            <LiczbaWierszyZakupow>56</LiczbaWierszyZakupow>
            <PodatekNaliczony>37699.74</PodatekNaliczony>
        </ZakupCtrl>
    </Ewidencja>
</JPK>
