<?xml version="1.0" encoding="UTF-8" standalone="yes"?>
<JPK xmlns="http://crd.gov.pl/wzor/2021/12/27/11148/" xmlns:ns2="http://crd.gov.pl/xml/schematy/dziedzinowe/mf/2021/06/08/eD/DefinicjeTypy/" xmlns:ns3="http://crd.gov.pl/wzor/2021/12/27/11149/">
    <Naglowek>
        <KodFormularza kodSystemowy="JPK_V7M (2)" wersjaSchemy="1-0E">JPK_VAT</KodFormularza>
        <WariantFormularza>2</WariantFormularza>
        <DataWytworzeniaJPK>2023-09-12T06:12:07.593Z</DataWytworzeniaJPK>
        <NazwaSystemu>Taxman</NazwaSystemu>
        <CelZlozenia poz="P_7">1</CelZlozenia>
        <KodUrzedu>3215</KodUrzedu>
        <Rok>2023</Rok>
        <Miesiac>8</Miesiac>
    </Naglowek>
    <Podmiot1 rola="Podatnik">
        <OsobaFizyczna>
            <ns2:NIP>9552043609</ns2:NIP>
            <ns2:ImiePierwsze>WOJCIECH</ns2:ImiePierwsze>
            <ns2:Nazwisko>KOS</ns2:Nazwisko>
            <ns2:DataUrodzenia>1984-04-28</ns2:DataUrodzenia>
            <Email>b.matczak@taxman.biz.pl</Email>
            <Telefon>502262432</Telefon>
        </OsobaFizyczna>
    </Podmiot1>
    <Deklaracja>
        <Naglowek>
            <KodFormularzaDekl kodSystemowy="VAT-7 (22)" kodPodatku="VAT" rodzajZobowiazania="Z" wersjaSchemy="1-0E">VAT-7</KodFormularzaDekl>
            <WariantFormularzaDekl>22</WariantFormularzaDekl>
        </Naglowek>
        <PozycjeSzczegolowe>
            <P_11>490358</P_11>
            <P_35>0</P_35>
            <P_37>490358</P_37>
            <P_38>0</P_38>
            <P_39>0</P_39>
            <P_40>0</P_40>
            <P_41>0</P_41>
            <P_42>27161</P_42>
            <P_43>6099</P_43>
            <P_48>6099</P_48>
            <P_49>0</P_49>
            <P_51>0</P_51>
            <P_52>0</P_52>
            <P_53>6099</P_53>
            <P_54>6099</P_54>
            <P_57>1</P_57>
            <P_59>1</P_59>
            <P_60>6099</P_60>
            <P_61>PIT-5L za 082023</P_61>
            <P_62>0</P_62>
        </PozycjeSzczegolowe>
        <Pouczenia>1</Pouczenia>
    </Deklaracja>
    <Ewidencja>
        <SprzedazWiersz>
            <LpSprzedazy>1</LpSprzedazy>
            <KodKrajuNadaniaTIN>DE</KodKrajuNadaniaTIN>
            <NrKontrahenta>04911403140</NrKontrahenta>
            <NazwaKontrahenta>Lebenstraum Hausbau GmbH </NazwaKontrahenta>
            <DowodSprzedazy>FV/111/2023</DowodSprzedazy>
            <DataWystawienia>2023-08-01</DataWystawienia>
            <DataSprzedazy>2023-08-01</DataSprzedazy>
            <K_11>17654.00</K_11>
        </SprzedazWiersz>
        <SprzedazWiersz>
            <LpSprzedazy>2</LpSprzedazy>
            <KodKrajuNadaniaTIN>DE</KodKrajuNadaniaTIN>
            <NrKontrahenta>280953424</NrKontrahenta>
            <NazwaKontrahenta>Lukas Massivhaus GMBH</NazwaKontrahenta>
            <DowodSprzedazy>FV/112/2023</DowodSprzedazy>
            <DataWystawienia>2023-08-01</DataWystawienia>
            <DataSprzedazy>2023-08-01</DataSprzedazy>
            <K_11>19595.94</K_11>
        </SprzedazWiersz>
        <SprzedazWiersz>
            <LpSprzedazy>3</LpSprzedazy>
            <KodKrajuNadaniaTIN>PL</KodKrajuNadaniaTIN>
            <NrKontrahenta>312963984</NrKontrahenta>
            <NazwaKontrahenta>DOMUM-BAU GMBH</NazwaKontrahenta>
            <DowodSprzedazy>FV/113/2023</DowodSprzedazy>
            <DataWystawienia>2023-08-01</DataWystawienia>
            <DataSprzedazy>2023-08-01</DataSprzedazy>
            <K_11>37029.00</K_11>
        </SprzedazWiersz>
        <SprzedazWiersz>
            <LpSprzedazy>4</LpSprzedazy>
            <KodKrajuNadaniaTIN>DE</KodKrajuNadaniaTIN>
            <NrKontrahenta>0000011603</NrKontrahenta>
            <NazwaKontrahenta>Eigentumergemeinschaft Wilhelmsdorfer</NazwaKontrahenta>
            <DowodSprzedazy>FV/115/2023</DowodSprzedazy>
            <DataWystawienia>2023-08-01</DataWystawienia>
            <DataSprzedazy>2023-08-01</DataSprzedazy>
            <K_11>51903.55</K_11>
        </SprzedazWiersz>
        <SprzedazWiersz>
            <LpSprzedazy>5</LpSprzedazy>
            <KodKrajuNadaniaTIN>DE</KodKrajuNadaniaTIN>
            <NrKontrahenta>04911403140</NrKontrahenta>
            <NazwaKontrahenta>Lebenstraum Hausbau GmbH </NazwaKontrahenta>
            <DowodSprzedazy>FV/116/2023</DowodSprzedazy>
            <DataWystawienia>2023-08-01</DataWystawienia>
            <DataSprzedazy>2023-08-01</DataSprzedazy>
            <K_11>970.97</K_11>
        </SprzedazWiersz>
        <SprzedazWiersz>
            <LpSprzedazy>6</LpSprzedazy>
            <KodKrajuNadaniaTIN>DE</KodKrajuNadaniaTIN>
            <NrKontrahenta>05364904810</NrKontrahenta>
            <NazwaKontrahenta>Evira Hausprojekt GmbH </NazwaKontrahenta>
            <DowodSprzedazy>FV/117/2023</DowodSprzedazy>
            <DataWystawienia>2023-08-01</DataWystawienia>
            <DataSprzedazy>2023-08-01</DataSprzedazy>
            <K_11>1677.13</K_11>
        </SprzedazWiersz>
        <SprzedazWiersz>
            <LpSprzedazy>7</LpSprzedazy>
            <KodKrajuNadaniaTIN>DE</KodKrajuNadaniaTIN>
            <NrKontrahenta>05364904810</NrKontrahenta>
            <NazwaKontrahenta>Evira Hausprojekt GmbH </NazwaKontrahenta>
            <DowodSprzedazy>FV/118/2023</DowodSprzedazy>
            <DataWystawienia>2023-08-01</DataWystawienia>
            <DataSprzedazy>2023-08-01</DataSprzedazy>
            <K_11>1015.11</K_11>
        </SprzedazWiersz>
        <SprzedazWiersz>
            <LpSprzedazy>8</LpSprzedazy>
            <KodKrajuNadaniaTIN>PL</KodKrajuNadaniaTIN>
            <NrKontrahenta>312963984</NrKontrahenta>
            <NazwaKontrahenta>DOMUM-BAU GMBH</NazwaKontrahenta>
            <DowodSprzedazy>FV/114/2023</DowodSprzedazy>
            <DataWystawienia>2023-08-01</DataWystawienia>
            <DataSprzedazy>2023-08-01</DataSprzedazy>
            <K_11>19348.78</K_11>
        </SprzedazWiersz>
        <SprzedazWiersz>
            <LpSprzedazy>9</LpSprzedazy>
            <KodKrajuNadaniaTIN>PL</KodKrajuNadaniaTIN>
            <NrKontrahenta>04810606652</NrKontrahenta>
            <NazwaKontrahenta>Bauhochzwei GMbH</NazwaKontrahenta>
            <DowodSprzedazy>FV/109/2023</DowodSprzedazy>
            <DataWystawienia>2023-08-01</DataWystawienia>
            <DataSprzedazy>2023-08-01</DataSprzedazy>
            <K_11>16991.97</K_11>
        </SprzedazWiersz>
        <SprzedazWiersz>
            <LpSprzedazy>10</LpSprzedazy>
            <KodKrajuNadaniaTIN>PL</KodKrajuNadaniaTIN>
            <NrKontrahenta>04810606652</NrKontrahenta>
            <NazwaKontrahenta>Bauhochzwei GMbH</NazwaKontrahenta>
            <DowodSprzedazy>FV/110/2023</DowodSprzedazy>
            <DataWystawienia>2023-08-01</DataWystawienia>
            <DataSprzedazy>2023-08-01</DataSprzedazy>
            <K_11>14564.55</K_11>
        </SprzedazWiersz>
        <SprzedazWiersz>
            <LpSprzedazy>11</LpSprzedazy>
            <KodKrajuNadaniaTIN>PL</KodKrajuNadaniaTIN>
            <NrKontrahenta>312963984</NrKontrahenta>
            <NazwaKontrahenta>DOMUM-BAU GMBH</NazwaKontrahenta>
            <DowodSprzedazy>FV/119/2023</DowodSprzedazy>
            <DataWystawienia>2023-08-02</DataWystawienia>
            <DataSprzedazy>2023-08-02</DataSprzedazy>
            <K_11>10199.05</K_11>
        </SprzedazWiersz>
        <SprzedazWiersz>
            <LpSprzedazy>12</LpSprzedazy>
            <KodKrajuNadaniaTIN>DE</KodKrajuNadaniaTIN>
            <NrKontrahenta>0000004301</NrKontrahenta>
            <NazwaKontrahenta>MehrWertHaus GmbH</NazwaKontrahenta>
            <DowodSprzedazy>FV/120/2023</DowodSprzedazy>
            <DataWystawienia>2023-08-02</DataWystawienia>
            <DataSprzedazy>2023-08-02</DataSprzedazy>
            <K_11>48609.00</K_11>
        </SprzedazWiersz>
        <SprzedazWiersz>
            <LpSprzedazy>13</LpSprzedazy>
            <KodKrajuNadaniaTIN>DE</KodKrajuNadaniaTIN>
            <NrKontrahenta>0000004301</NrKontrahenta>
            <NazwaKontrahenta>MehrWertHaus GmbH</NazwaKontrahenta>
            <DowodSprzedazy>FV/121/2023</DowodSprzedazy>
            <DataWystawienia>2023-08-02</DataWystawienia>
            <DataSprzedazy>2023-08-02</DataSprzedazy>
            <K_11>26514.00</K_11>
        </SprzedazWiersz>
        <SprzedazWiersz>
            <LpSprzedazy>14</LpSprzedazy>
            <KodKrajuNadaniaTIN>DE</KodKrajuNadaniaTIN>
            <NrKontrahenta>0000004301</NrKontrahenta>
            <NazwaKontrahenta>MehrWertHaus GmbH</NazwaKontrahenta>
            <DowodSprzedazy>FV/122/2023</DowodSprzedazy>
            <DataWystawienia>2023-08-02</DataWystawienia>
            <DataSprzedazy>2023-08-02</DataSprzedazy>
            <K_11>39771.00</K_11>
        </SprzedazWiersz>
        <SprzedazWiersz>
            <LpSprzedazy>15</LpSprzedazy>
            <KodKrajuNadaniaTIN>DE</KodKrajuNadaniaTIN>
            <NrKontrahenta>0000004301</NrKontrahenta>
            <NazwaKontrahenta>MehrWertHaus GmbH</NazwaKontrahenta>
            <DowodSprzedazy>FV/123/2023</DowodSprzedazy>
            <DataWystawienia>2023-08-02</DataWystawienia>
            <DataSprzedazy>2023-08-02</DataSprzedazy>
            <K_11>13212.81</K_11>
        </SprzedazWiersz>
        <SprzedazWiersz>
            <LpSprzedazy>16</LpSprzedazy>
            <KodKrajuNadaniaTIN>DE</KodKrajuNadaniaTIN>
            <NrKontrahenta>0000011604</NrKontrahenta>
            <NazwaKontrahenta>Olivier Laube</NazwaKontrahenta>
            <DowodSprzedazy>FV/124/2023</DowodSprzedazy>
            <DataWystawienia>2023-08-10</DataWystawienia>
            <DataSprzedazy>2023-08-10</DataSprzedazy>
            <K_11>22043.76</K_11>
        </SprzedazWiersz>
        <SprzedazWiersz>
            <LpSprzedazy>17</LpSprzedazy>
            <KodKrajuNadaniaTIN>PL</KodKrajuNadaniaTIN>
            <NrKontrahenta>312963984</NrKontrahenta>
            <NazwaKontrahenta>DOMUM-BAU GMBH</NazwaKontrahenta>
            <DowodSprzedazy>FV/125/2023</DowodSprzedazy>
            <DataWystawienia>2023-08-10</DataWystawienia>
            <DataSprzedazy>2023-08-10</DataSprzedazy>
            <K_11>31154.47</K_11>
        </SprzedazWiersz>
        <SprzedazWiersz>
            <LpSprzedazy>18</LpSprzedazy>
            <KodKrajuNadaniaTIN>DE</KodKrajuNadaniaTIN>
            <NrKontrahenta>04812100098</NrKontrahenta>
            <NazwaKontrahenta>Tiefbau Beschorner </NazwaKontrahenta>
            <DowodSprzedazy>FV/126/2023</DowodSprzedazy>
            <DataWystawienia>2023-08-28</DataWystawienia>
            <DataSprzedazy>2023-08-28</DataSprzedazy>
            <K_11>46907.70</K_11>
        </SprzedazWiersz>
        <SprzedazWiersz>
            <LpSprzedazy>19</LpSprzedazy>
            <KodKrajuNadaniaTIN>PL</KodKrajuNadaniaTIN>
            <NrKontrahenta>04810606652</NrKontrahenta>
            <NazwaKontrahenta>Bauhochzwei GMbH</NazwaKontrahenta>
            <DowodSprzedazy>FV/127/2023</DowodSprzedazy>
            <DataWystawienia>2023-08-28</DataWystawienia>
            <DataSprzedazy>2023-08-28</DataSprzedazy>
            <K_11>26804.40</K_11>
        </SprzedazWiersz>
        <SprzedazWiersz>
            <LpSprzedazy>20</LpSprzedazy>
            <KodKrajuNadaniaTIN>DE</KodKrajuNadaniaTIN>
            <NrKontrahenta>0000004301</NrKontrahenta>
            <NazwaKontrahenta>MehrWertHaus GmbH</NazwaKontrahenta>
            <DowodSprzedazy>FV/128/2023</DowodSprzedazy>
            <DataWystawienia>2023-08-28</DataWystawienia>
            <DataSprzedazy>2023-08-28</DataSprzedazy>
            <K_11>16732.65</K_11>
        </SprzedazWiersz>
        <SprzedazWiersz>
            <LpSprzedazy>21</LpSprzedazy>
            <KodKrajuNadaniaTIN>DE</KodKrajuNadaniaTIN>
            <NrKontrahenta>0000004301</NrKontrahenta>
            <NazwaKontrahenta>MehrWertHaus GmbH</NazwaKontrahenta>
            <DowodSprzedazy>FV/129/2023</DowodSprzedazy>
            <DataWystawienia>2023-08-28</DataWystawienia>
            <DataSprzedazy>2023-08-28</DataSprzedazy>
            <K_11>10681.55</K_11>
        </SprzedazWiersz>
        <SprzedazWiersz>
            <LpSprzedazy>22</LpSprzedazy>
            <KodKrajuNadaniaTIN>DE</KodKrajuNadaniaTIN>
            <NrKontrahenta>0000004301</NrKontrahenta>
            <NazwaKontrahenta>MehrWertHaus GmbH</NazwaKontrahenta>
            <DowodSprzedazy>FV/130/2023</DowodSprzedazy>
            <DataWystawienia>2023-08-28</DataWystawienia>
            <DataSprzedazy>2023-08-28</DataSprzedazy>
            <K_11>16976.12</K_11>
        </SprzedazWiersz>
        <SprzedazCtrl>
            <LiczbaWierszySprzedazy>22</LiczbaWierszySprzedazy>
            <PodatekNalezny>0</PodatekNalezny>
        </SprzedazCtrl>
        <ZakupWiersz>
            <LpZakupu>1</LpZakupu>
            <KodKrajuNadaniaTIN>PL</KodKrajuNadaniaTIN>
            <NrDostawcy>9552413963</NrDostawcy>
            <NazwaDostawcy>DNHS PARK Sp. z o.o. sp.kom.</NazwaDostawcy>
            <DowodZakupu>F 10830K2/7677/23</DowodZakupu>
            <DataZakupu>2023-07-26</DataZakupu>
            <DataWplywu>2023-07-26</DataWplywu>
            <K_42>322.46</K_42>
            <K_43>74.17</K_43>
        </ZakupWiersz>
        <ZakupWiersz>
            <LpZakupu>2</LpZakupu>
            <KodKrajuNadaniaTIN>PL</KodKrajuNadaniaTIN>
            <NrDostawcy>5242718525</NrDostawcy>
            <NazwaDostawcy>JULA POLAND sp. z o.o.</NazwaDostawcy>
            <DowodZakupu>000317/0874</DowodZakupu>
            <DataZakupu>2023-07-27</DataZakupu>
            <DataWplywu>2023-07-27</DataWplywu>
            <K_42>185.28</K_42>
            <K_43>42.61</K_43>
        </ZakupWiersz>
        <ZakupWiersz>
            <LpZakupu>3</LpZakupu>
            <KodKrajuNadaniaTIN>PL</KodKrajuNadaniaTIN>
            <NrDostawcy>5261009959</NrDostawcy>
            <NazwaDostawcy>CASTORAMA POLSKA sp. z o.o.</NazwaDostawcy>
            <DowodZakupu>804612/007361/23</DowodZakupu>
            <DataZakupu>2023-07-27</DataZakupu>
            <DataWplywu>2023-07-27</DataWplywu>
            <K_42>146.16</K_42>
            <K_43>33.62</K_43>
        </ZakupWiersz>
        <ZakupWiersz>
            <LpZakupu>4</LpZakupu>
            <KodKrajuNadaniaTIN>PL</KodKrajuNadaniaTIN>
            <NrDostawcy>7790001083</NrDostawcy>
            <NazwaDostawcy>CIRCLE K POLSKA sp. z o.o.</NazwaDostawcy>
            <DowodZakupu>01990323070929100</DowodZakupu>
            <DataZakupu>2023-07-30</DataZakupu>
            <DataWplywu>2023-07-30</DataWplywu>
            <K_42>398.65</K_42>
            <K_43>91.69</K_43>
        </ZakupWiersz>
        <ZakupWiersz>
            <LpZakupu>5</LpZakupu>
            <KodKrajuNadaniaTIN>PL</KodKrajuNadaniaTIN>
            <NrDostawcy>5261009959</NrDostawcy>
            <NazwaDostawcy>CASTORAMA POLSKA sp. z o.o.</NazwaDostawcy>
            <DowodZakupu>804612/007520/23</DowodZakupu>
            <DataZakupu>2023-08-01</DataZakupu>
            <DataWplywu>2023-08-01</DataWplywu>
            <K_42>12.56</K_42>
            <K_43>2.89</K_43>
        </ZakupWiersz>
        <ZakupWiersz>
            <LpZakupu>6</LpZakupu>
            <KodKrajuNadaniaTIN>PL</KodKrajuNadaniaTIN>
            <NrDostawcy>5261009959</NrDostawcy>
            <NazwaDostawcy>CASTORAMA POLSKA sp. z o.o.</NazwaDostawcy>
            <DowodZakupu>804652/005090/23</DowodZakupu>
            <DataZakupu>2023-08-01</DataZakupu>
            <DataWplywu>2023-08-01</DataWplywu>
            <K_42>53.59</K_42>
            <K_43>12.33</K_43>
        </ZakupWiersz>
        <ZakupWiersz>
            <LpZakupu>7</LpZakupu>
            <KodKrajuNadaniaTIN>PL</KodKrajuNadaniaTIN>
            <NrDostawcy>1130089950</NrDostawcy>
            <NazwaDostawcy>"LEROY-MERLIN POLSKA" sp. z o.o.</NazwaDostawcy>
            <DowodZakupu>000123/0944</DowodZakupu>
            <DataZakupu>2023-08-01</DataZakupu>
            <DataWplywu>2023-08-01</DataWplywu>
            <K_42>15.44</K_42>
            <K_43>3.55</K_43>
        </ZakupWiersz>
        <ZakupWiersz>
            <LpZakupu>8</LpZakupu>
            <KodKrajuNadaniaTIN>PL</KodKrajuNadaniaTIN>
            <NrDostawcy>1130089950</NrDostawcy>
            <NazwaDostawcy>"LEROY-MERLIN POLSKA" sp. z o.o.</NazwaDostawcy>
            <DowodZakupu>000122/0944</DowodZakupu>
            <DataZakupu>2023-08-01</DataZakupu>
            <DataWplywu>2023-08-01</DataWplywu>
            <K_42>214.42</K_42>
            <K_43>49.32</K_43>
        </ZakupWiersz>
        <ZakupWiersz>
            <LpZakupu>9</LpZakupu>
            <KodKrajuNadaniaTIN>PL</KodKrajuNadaniaTIN>
            <NrDostawcy>5222836865</NrDostawcy>
            <NazwaDostawcy>IMPULS-LEASING POLSKA SP. Z O.O.</NazwaDostawcy>
            <DowodZakupu>23/08/FO/0635</DowodZakupu>
            <DataZakupu>2023-08-02</DataZakupu>
            <DataWplywu>2023-08-02</DataWplywu>
            <K_42>2084.71</K_42>
            <K_43>479.48</K_43>
        </ZakupWiersz>
        <ZakupWiersz>
            <LpZakupu>10</LpZakupu>
            <KodKrajuNadaniaTIN>PL</KodKrajuNadaniaTIN>
            <NrDostawcy>5261009959</NrDostawcy>
            <NazwaDostawcy>CASTORAMA POLSKA sp. z o.o.</NazwaDostawcy>
            <DowodZakupu>804654/005441/23</DowodZakupu>
            <DataZakupu>2023-08-03</DataZakupu>
            <DataWplywu>2023-08-03</DataWplywu>
            <K_42>26.80</K_42>
            <K_43>6.16</K_43>
        </ZakupWiersz>
        <ZakupWiersz>
            <LpZakupu>11</LpZakupu>
            <KodKrajuNadaniaTIN>PL</KodKrajuNadaniaTIN>
            <NrDostawcy>7790001083</NrDostawcy>
            <NazwaDostawcy>CIRCLE K POLSKA sp. z o.o.</NazwaDostawcy>
            <DowodZakupu>02022123070929100</DowodZakupu>
            <DataZakupu>2023-08-03</DataZakupu>
            <DataWplywu>2023-08-03</DataWplywu>
            <K_42>311.89</K_42>
            <K_43>71.73</K_43>
        </ZakupWiersz>
        <ZakupWiersz>
            <LpZakupu>12</LpZakupu>
            <KodKrajuNadaniaTIN>PL</KodKrajuNadaniaTIN>
            <NrDostawcy>1130089950</NrDostawcy>
            <NazwaDostawcy>"LEROY-MERLIN POLSKA" sp. z o.o.</NazwaDostawcy>
            <DowodZakupu>2023-65-504625</DowodZakupu>
            <DataZakupu>2023-08-03</DataZakupu>
            <DataWplywu>2023-08-03</DataWplywu>
            <K_42>665.41</K_42>
            <K_43>153.04</K_43>
        </ZakupWiersz>
        <ZakupWiersz>
            <LpZakupu>13</LpZakupu>
            <KodKrajuNadaniaTIN>PL</KodKrajuNadaniaTIN>
            <NrDostawcy>1130089950</NrDostawcy>
            <NazwaDostawcy>"LEROY-MERLIN POLSKA" sp. z o.o.</NazwaDostawcy>
            <DowodZakupu>000114/1014</DowodZakupu>
            <DataZakupu>2023-08-03</DataZakupu>
            <DataWplywu>2023-08-03</DataWplywu>
            <K_42>72.38</K_42>
            <K_43>16.65</K_43>
        </ZakupWiersz>
        <ZakupWiersz>
            <LpZakupu>14</LpZakupu>
            <KodKrajuNadaniaTIN>PL</KodKrajuNadaniaTIN>
            <NrDostawcy>6792740424</NrDostawcy>
            <NazwaDostawcy>SIG Sp. z o.o.</NazwaDostawcy>
            <DowodZakupu>ZFS-SZCB2303797</DowodZakupu>
            <DataZakupu>2023-08-03</DataZakupu>
            <DataWplywu>2023-08-10</DataWplywu>
            <K_42>227.90</K_42>
            <K_43>52.42</K_43>
        </ZakupWiersz>
        <ZakupWiersz>
            <LpZakupu>15</LpZakupu>
            <KodKrajuNadaniaTIN>PL</KodKrajuNadaniaTIN>
            <NrDostawcy>8521648067</NrDostawcy>
            <NazwaDostawcy>MONATECH INC Monika Hein</NazwaDostawcy>
            <DowodZakupu>615/2023</DowodZakupu>
            <DataZakupu>2023-08-04</DataZakupu>
            <DataWplywu>2023-08-04</DataWplywu>
            <K_42>1265.40</K_42>
            <K_43>291.04</K_43>
        </ZakupWiersz>
        <ZakupWiersz>
            <LpZakupu>16</LpZakupu>
            <KodKrajuNadaniaTIN>PL</KodKrajuNadaniaTIN>
            <NrDostawcy>7790001083</NrDostawcy>
            <NazwaDostawcy>CIRCLE K POLSKA sp. z o.o.</NazwaDostawcy>
            <DowodZakupu>02056623070929100</DowodZakupu>
            <DataZakupu>2023-08-06</DataZakupu>
            <DataWplywu>2023-08-06</DataWplywu>
            <K_42>256.17</K_42>
            <K_43>58.92</K_43>
        </ZakupWiersz>
        <ZakupWiersz>
            <LpZakupu>17</LpZakupu>
            <KodKrajuNadaniaTIN>PL</KodKrajuNadaniaTIN>
            <NrDostawcy>5261009959</NrDostawcy>
            <NazwaDostawcy>CASTORAMA POLSKA sp. z o.o.</NazwaDostawcy>
            <DowodZakupu>804612/007809/23</DowodZakupu>
            <DataZakupu>2023-08-07</DataZakupu>
            <DataWplywu>2023-08-07</DataWplywu>
            <K_42>48.59</K_42>
            <K_43>11.18</K_43>
        </ZakupWiersz>
        <ZakupWiersz>
            <LpZakupu>18</LpZakupu>
            <KodKrajuNadaniaTIN>PL</KodKrajuNadaniaTIN>
            <NrDostawcy>1130089950</NrDostawcy>
            <NazwaDostawcy>"LEROY-MERLIN POLSKA" sp. z o.o.</NazwaDostawcy>
            <DowodZakupu>000029/1017</DowodZakupu>
            <DataZakupu>2023-08-07</DataZakupu>
            <DataWplywu>2023-08-07</DataWplywu>
            <K_42>554.06</K_42>
            <K_43>127.43</K_43>
        </ZakupWiersz>
        <ZakupWiersz>
            <LpZakupu>19</LpZakupu>
            <KodKrajuNadaniaTIN>PL</KodKrajuNadaniaTIN>
            <NrDostawcy>8511005008</NrDostawcy>
            <NazwaDostawcy>" TAXMAN " BIURO RACHUNKOWE Grzegorz Grzelczyk</NazwaDostawcy>
            <DowodZakupu>8/2023/Wojc60</DowodZakupu>
            <DataZakupu>2023-08-07</DataZakupu>
            <DataWplywu>2023-08-07</DataWplywu>
            <K_42>1152.00</K_42>
            <K_43>264.96</K_43>
        </ZakupWiersz>
        <ZakupWiersz>
            <LpZakupu>20</LpZakupu>
            <KodKrajuNadaniaTIN>PL</KodKrajuNadaniaTIN>
            <NrDostawcy>1130089950</NrDostawcy>
            <NazwaDostawcy>"LEROY-MERLIN POLSKA" sp. z o.o.</NazwaDostawcy>
            <DowodZakupu>000038/0982</DowodZakupu>
            <DataZakupu>2023-08-08</DataZakupu>
            <DataWplywu>2023-08-08</DataWplywu>
            <K_42>10.55</K_42>
            <K_43>2.43</K_43>
        </ZakupWiersz>
        <ZakupWiersz>
            <LpZakupu>21</LpZakupu>
            <KodKrajuNadaniaTIN>PL</KodKrajuNadaniaTIN>
            <NrDostawcy>5252597833</NrDostawcy>
            <NazwaDostawcy>BRILLUX POLSKA sp. z o.o.</NazwaDostawcy>
            <DowodZakupu>164257</DowodZakupu>
            <DataZakupu>2023-08-08</DataZakupu>
            <DataWplywu>2023-08-08</DataWplywu>
            <K_42>-239.50</K_42>
            <K_43>-55.09</K_43>
        </ZakupWiersz>
        <ZakupWiersz>
            <LpZakupu>22</LpZakupu>
            <KodKrajuNadaniaTIN>PL</KodKrajuNadaniaTIN>
            <NrDostawcy>5252597833</NrDostawcy>
            <NazwaDostawcy>BRILLUX POLSKA sp. z o.o.</NazwaDostawcy>
            <DowodZakupu>7055585</DowodZakupu>
            <DataZakupu>2023-08-09</DataZakupu>
            <DataWplywu>2023-08-09</DataWplywu>
            <K_42>1014.35</K_42>
            <K_43>233.3</K_43>
        </ZakupWiersz>
        <ZakupWiersz>
            <LpZakupu>23</LpZakupu>
            <KodKrajuNadaniaTIN>PL</KodKrajuNadaniaTIN>
            <NrDostawcy>5261009959</NrDostawcy>
            <NazwaDostawcy>CASTORAMA POLSKA sp. z o.o.</NazwaDostawcy>
            <DowodZakupu>801452/007624/23</DowodZakupu>
            <DataZakupu>2023-08-09</DataZakupu>
            <DataWplywu>2023-08-09</DataWplywu>
            <K_42>104.24</K_42>
            <K_43>23.98</K_43>
        </ZakupWiersz>
        <ZakupWiersz>
            <LpZakupu>24</LpZakupu>
            <KodKrajuNadaniaTIN>PL</KodKrajuNadaniaTIN>
            <NrDostawcy>1130089950</NrDostawcy>
            <NazwaDostawcy>"LEROY-MERLIN POLSKA" sp. z o.o.</NazwaDostawcy>
            <DowodZakupu>000069/0962</DowodZakupu>
            <DataZakupu>2023-08-09</DataZakupu>
            <DataWplywu>2023-08-09</DataWplywu>
            <K_42>25.02</K_42>
            <K_43>5.75</K_43>
        </ZakupWiersz>
        <ZakupWiersz>
            <LpZakupu>25</LpZakupu>
            <KodKrajuNadaniaTIN>PL</KodKrajuNadaniaTIN>
            <NrDostawcy>1130089950</NrDostawcy>
            <NazwaDostawcy>"LEROY-MERLIN POLSKA" sp. z o.o.</NazwaDostawcy>
            <DowodZakupu>000019/0981</DowodZakupu>
            <DataZakupu>2023-08-09</DataZakupu>
            <DataWplywu>2023-08-09</DataWplywu>
            <K_42>90.52</K_42>
            <K_43>20.82</K_43>
        </ZakupWiersz>
        <ZakupWiersz>
            <LpZakupu>26</LpZakupu>
            <KodKrajuNadaniaTIN>PL</KodKrajuNadaniaTIN>
            <NrDostawcy>9551672421</NrDostawcy>
            <NazwaDostawcy>DDB Auto Bogacka Sp. j.</NazwaDostawcy>
            <DowodZakupu>679/SV/2023</DowodZakupu>
            <DataZakupu>2023-08-10</DataZakupu>
            <DataWplywu>2023-08-10</DataWplywu>
            <K_42>1283.84</K_42>
            <K_43>147.64</K_43>
        </ZakupWiersz>
        <ZakupWiersz>
            <LpZakupu>27</LpZakupu>
            <KodKrajuNadaniaTIN>PL</KodKrajuNadaniaTIN>
            <NrDostawcy>5993046500</NrDostawcy>
            <NazwaDostawcy>"MADEX" SPÓŁKA Z Ograniczoną Odpowiedzianością</NazwaDostawcy>
            <DowodZakupu>4000/GOR/2023</DowodZakupu>
            <DataZakupu>2023-08-14</DataZakupu>
            <DataWplywu>2023-08-14</DataWplywu>
            <K_42>5489.14</K_42>
            <K_43>1262.5</K_43>
        </ZakupWiersz>
        <ZakupWiersz>
            <LpZakupu>28</LpZakupu>
            <KodKrajuNadaniaTIN>PL</KodKrajuNadaniaTIN>
            <NrDostawcy>1130089950</NrDostawcy>
            <NazwaDostawcy>"LEROY-MERLIN POLSKA" sp. z o.o.</NazwaDostawcy>
            <DowodZakupu>0000142/0985</DowodZakupu>
            <DataZakupu>2023-08-14</DataZakupu>
            <DataWplywu>2023-08-14</DataWplywu>
            <K_42>13.85</K_42>
            <K_43>3.19</K_43>
        </ZakupWiersz>
        <ZakupWiersz>
            <LpZakupu>29</LpZakupu>
            <KodKrajuNadaniaTIN>PL</KodKrajuNadaniaTIN>
            <NrDostawcy>5252597833</NrDostawcy>
            <NazwaDostawcy>BRILLUX POLSKA sp. z o.o.</NazwaDostawcy>
            <DowodZakupu>7055801</DowodZakupu>
            <DataZakupu>2023-08-16</DataZakupu>
            <DataWplywu>2023-08-16</DataWplywu>
            <K_42>262.40</K_42>
            <K_43>60.35</K_43>
        </ZakupWiersz>
        <ZakupWiersz>
            <LpZakupu>30</LpZakupu>
            <KodKrajuNadaniaTIN>PL</KodKrajuNadaniaTIN>
            <NrDostawcy>1130089950</NrDostawcy>
            <NazwaDostawcy>"LEROY-MERLIN POLSKA" sp. z o.o.</NazwaDostawcy>
            <DowodZakupu>0000118/0126</DowodZakupu>
            <DataZakupu>2023-08-16</DataZakupu>
            <DataWplywu>2023-08-16</DataWplywu>
            <K_42>25.99</K_42>
            <K_43>5.98</K_43>
        </ZakupWiersz>
        <ZakupWiersz>
            <LpZakupu>31</LpZakupu>
            <KodKrajuNadaniaTIN>PL</KodKrajuNadaniaTIN>
            <NrDostawcy>1130089950</NrDostawcy>
            <NazwaDostawcy>"LEROY-MERLIN POLSKA" sp. z o.o.</NazwaDostawcy>
            <DowodZakupu>000022/0956</DowodZakupu>
            <DataZakupu>2023-08-16</DataZakupu>
            <DataWplywu>2023-08-16</DataWplywu>
            <K_42>52.03</K_42>
            <K_43>11.97</K_43>
        </ZakupWiersz>
        <ZakupWiersz>
            <LpZakupu>32</LpZakupu>
            <KodKrajuNadaniaTIN>PL</KodKrajuNadaniaTIN>
            <NrDostawcy>5993046500</NrDostawcy>
            <NazwaDostawcy>"MADEX" SPÓŁKA Z Ograniczoną Odpowiedzianością</NazwaDostawcy>
            <DowodZakupu>4091/GOR/2023</DowodZakupu>
            <DataZakupu>2023-08-18</DataZakupu>
            <DataWplywu>2023-08-18</DataWplywu>
            <K_42>3711.14</K_42>
            <K_43>853.56</K_43>
        </ZakupWiersz>
        <ZakupWiersz>
            <LpZakupu>33</LpZakupu>
            <KodKrajuNadaniaTIN>PL</KodKrajuNadaniaTIN>
            <NrDostawcy>1130089950</NrDostawcy>
            <NazwaDostawcy>"LEROY-MERLIN POLSKA" sp. z o.o.</NazwaDostawcy>
            <DowodZakupu>000012/0969</DowodZakupu>
            <DataZakupu>2023-08-18</DataZakupu>
            <DataWplywu>2023-08-18</DataWplywu>
            <K_42>85.37</K_42>
            <K_43>19.64</K_43>
        </ZakupWiersz>
        <ZakupWiersz>
            <LpZakupu>34</LpZakupu>
            <KodKrajuNadaniaTIN>PL</KodKrajuNadaniaTIN>
            <NrDostawcy>5993046500</NrDostawcy>
            <NazwaDostawcy>"MADEX" SPÓŁKA Z Ograniczoną Odpowiedzianością</NazwaDostawcy>
            <DowodZakupu>4111/GOR/2023</DowodZakupu>
            <DataZakupu>2023-08-19</DataZakupu>
            <DataWplywu>2023-08-19</DataWplywu>
            <K_42>258.00</K_42>
            <K_43>59.34</K_43>
        </ZakupWiersz>
        <ZakupWiersz>
            <LpZakupu>35</LpZakupu>
            <KodKrajuNadaniaTIN>PL</KodKrajuNadaniaTIN>
            <NrDostawcy>1130089950</NrDostawcy>
            <NazwaDostawcy>"LEROY-MERLIN POLSKA" sp. z o.o.</NazwaDostawcy>
            <DowodZakupu>000038/0127</DowodZakupu>
            <DataZakupu>2023-08-21</DataZakupu>
            <DataWplywu>2023-08-21</DataWplywu>
            <K_42>168.89</K_42>
            <K_43>38.84</K_43>
        </ZakupWiersz>
        <ZakupWiersz>
            <LpZakupu>36</LpZakupu>
            <KodKrajuNadaniaTIN>PL</KodKrajuNadaniaTIN>
            <NrDostawcy>1130089950</NrDostawcy>
            <NazwaDostawcy>"LEROY-MERLIN POLSKA" sp. z o.o.</NazwaDostawcy>
            <DowodZakupu>000154/1034</DowodZakupu>
            <DataZakupu>2023-08-22</DataZakupu>
            <DataWplywu>2023-08-22</DataWplywu>
            <K_42>55.89</K_42>
            <K_43>12.85</K_43>
        </ZakupWiersz>
        <ZakupWiersz>
            <LpZakupu>37</LpZakupu>
            <KodKrajuNadaniaTIN>PL</KodKrajuNadaniaTIN>
            <NrDostawcy>7790001083</NrDostawcy>
            <NazwaDostawcy>CIRCLE K POLSKA sp. z o.o.</NazwaDostawcy>
            <DowodZakupu>02209723070929100</DowodZakupu>
            <DataZakupu>2023-08-23</DataZakupu>
            <DataWplywu>2023-08-23</DataWplywu>
            <K_42>341.20</K_42>
            <K_43>78.48</K_43>
        </ZakupWiersz>
        <ZakupWiersz>
            <LpZakupu>38</LpZakupu>
            <KodKrajuNadaniaTIN>PL</KodKrajuNadaniaTIN>
            <NrDostawcy>5261009959</NrDostawcy>
            <NazwaDostawcy>CASTORAMA POLSKA sp. z o.o.</NazwaDostawcy>
            <DowodZakupu>804612/008551/23</DowodZakupu>
            <DataZakupu>2023-08-23</DataZakupu>
            <DataWplywu>2023-08-23</DataWplywu>
            <K_42>56.89</K_42>
            <K_43>13.08</K_43>
        </ZakupWiersz>
        <ZakupWiersz>
            <LpZakupu>39</LpZakupu>
            <KodKrajuNadaniaTIN>PL</KodKrajuNadaniaTIN>
            <NrDostawcy>8421235495</NrDostawcy>
            <NazwaDostawcy>Pagat Tomasz Watral</NazwaDostawcy>
            <DowodZakupu>FV/478/08/2023/S</DowodZakupu>
            <DataZakupu>2023-08-24</DataZakupu>
            <DataWplywu>2023-08-24</DataWplywu>
            <K_42>667.16</K_42>
            <K_43>153.45</K_43>
        </ZakupWiersz>
        <ZakupWiersz>
            <LpZakupu>40</LpZakupu>
            <KodKrajuNadaniaTIN>PL</KodKrajuNadaniaTIN>
            <NrDostawcy>7790001083</NrDostawcy>
            <NazwaDostawcy>CIRCLE K POLSKA sp. z o.o.</NazwaDostawcy>
            <DowodZakupu>02224623070929100</DowodZakupu>
            <DataZakupu>2023-08-24</DataZakupu>
            <DataWplywu>2023-08-24</DataWplywu>
            <K_42>435.91</K_42>
            <K_43>100.26</K_43>
        </ZakupWiersz>
        <ZakupWiersz>
            <LpZakupu>41</LpZakupu>
            <KodKrajuNadaniaTIN>PL</KodKrajuNadaniaTIN>
            <NrDostawcy>6792740424</NrDostawcy>
            <NazwaDostawcy>SIG Sp. z o.o.</NazwaDostawcy>
            <DowodZakupu>NKS-SZCB2300363</DowodZakupu>
            <DataZakupu>2023-08-25</DataZakupu>
            <DataWplywu>2023-08-25</DataWplywu>
            <K_42>-170.00</K_42>
            <K_43>-39.1</K_43>
        </ZakupWiersz>
        <ZakupWiersz>
            <LpZakupu>42</LpZakupu>
            <KodKrajuNadaniaTIN>PL</KodKrajuNadaniaTIN>
            <NrDostawcy>8513137731</NrDostawcy>
            <NazwaDostawcy>Auto Serwis s.c.</NazwaDostawcy>
            <DowodZakupu>0518/08/2023FP</DowodZakupu>
            <DataZakupu>2023-08-25</DataZakupu>
            <DataWplywu>2023-08-25</DataWplywu>
            <K_42>79.67</K_42>
            <K_43>18.32</K_43>
        </ZakupWiersz>
        <ZakupWiersz>
            <LpZakupu>43</LpZakupu>
            <KodKrajuNadaniaTIN>PL</KodKrajuNadaniaTIN>
            <NrDostawcy>5261009959</NrDostawcy>
            <NazwaDostawcy>CASTORAMA POLSKA sp. z o.o.</NazwaDostawcy>
            <DowodZakupu>804612/008718/23</DowodZakupu>
            <DataZakupu>2023-08-25</DataZakupu>
            <DataWplywu>2023-08-25</DataWplywu>
            <K_42>158.46</K_42>
            <K_43>36.45</K_43>
        </ZakupWiersz>
        <ZakupWiersz>
            <LpZakupu>44</LpZakupu>
            <KodKrajuNadaniaTIN>PL</KodKrajuNadaniaTIN>
            <NrDostawcy>8521648067</NrDostawcy>
            <NazwaDostawcy>MONATECH INC Monika Hein</NazwaDostawcy>
            <DowodZakupu>676/2023</DowodZakupu>
            <DataZakupu>2023-08-25</DataZakupu>
            <DataWplywu>2023-08-25</DataWplywu>
            <K_42>2441.32</K_42>
            <K_43>561.5</K_43>
        </ZakupWiersz>
        <ZakupWiersz>
            <LpZakupu>45</LpZakupu>
            <KodKrajuNadaniaTIN>PL</KodKrajuNadaniaTIN>
            <NrDostawcy>5993046500</NrDostawcy>
            <NazwaDostawcy>"MADEX" SPÓŁKA Z Ograniczoną Odpowiedzianością</NazwaDostawcy>
            <DowodZakupu>4223/GOR/2023</DowodZakupu>
            <DataZakupu>2023-08-25</DataZakupu>
            <DataWplywu>2023-08-25</DataWplywu>
            <K_42>2140.46</K_42>
            <K_43>492.31</K_43>
        </ZakupWiersz>
        <ZakupWiersz>
            <LpZakupu>46</LpZakupu>
            <KodKrajuNadaniaTIN>PL</KodKrajuNadaniaTIN>
            <NrDostawcy>9720865431</NrDostawcy>
            <NazwaDostawcy>BP Europa SE Oddział w Polsce</NazwaDostawcy>
            <DowodZakupu>I23228B01004872</DowodZakupu>
            <DataZakupu>2023-08-26</DataZakupu>
            <DataWplywu>2023-08-26</DataWplywu>
            <K_42>193.08</K_42>
            <K_43>44.41</K_43>
        </ZakupWiersz>
        <ZakupWiersz>
            <LpZakupu>47</LpZakupu>
            <KodKrajuNadaniaTIN>PL</KodKrajuNadaniaTIN>
            <NrDostawcy>9552201652</NrDostawcy>
            <NazwaDostawcy>"PHU DARIUSZ BOBRYK, DOROTA BOBRYK" Spółka Jawna</NazwaDostawcy>
            <DowodZakupu>13392/0007/FP/2023</DowodZakupu>
            <DataZakupu>2023-08-31</DataZakupu>
            <DataWplywu>2023-08-31</DataWplywu>
            <K_42>390.99</K_42>
            <K_43>89.93</K_43>
        </ZakupWiersz>
        <ZakupCtrl>
            <LiczbaWierszyZakupow>47</LiczbaWierszyZakupow>
            <PodatekNaliczony>6099.33</PodatekNaliczony>
        </ZakupCtrl>
    </Ewidencja>
</JPK>
