<?xml version="1.0" encoding="UTF-8" standalone="yes"?>
<JPK xmlns="http://crd.gov.pl/wzor/2021/12/27/11148/" xmlns:ns2="http://crd.gov.pl/xml/schematy/dziedzinowe/mf/2021/06/08/eD/DefinicjeTypy/" xmlns:ns3="http://crd.gov.pl/wzor/2021/12/27/11149/">
    <Naglowek>
        <KodFormularza kodSystemowy="JPK_V7M (2)" wersjaSchemy="1-0E">JPK_VAT</KodFormularza>
        <WariantFormularza>2</WariantFormularza>
        <DataWytworzeniaJPK>2023-09-14T13:36:40.908Z</DataWytworzeniaJPK>
        <NazwaSystemu>Taxman</NazwaSystemu>
        <CelZlozenia poz="P_7">2</CelZlozenia>
        <KodUrzedu>3215</KodUrzedu>
        <Rok>2023</Rok>
        <Miesiac>6</Miesiac>
    </Naglowek>
    <Podmiot1 rola="Podatnik">
        <OsobaNiefizyczna>
            <NIP>8522658889</NIP>
            <PelnaNazwa>DRUGA ŻONA sp. z o.o.</PelnaNazwa>
            <Email>m.janowska@taxman.biz.pl</Email>
            <Telefon>507700791</Telefon>
        </OsobaNiefizyczna>
    </Podmiot1>
    <Deklaracja>
        <Naglowek>
            <KodFormularzaDekl kodSystemowy="VAT-7 (22)" kodPodatku="VAT" rodzajZobowiazania="Z" wersjaSchemy="1-0E">VAT-7</KodFormularzaDekl>
            <WariantFormularzaDekl>22</WariantFormularzaDekl>
        </Naglowek>
        <PozycjeSzczegolowe>
            <P_15>988</P_15>
            <P_16>49</P_16>
            <P_17>82001</P_17>
            <P_18>6560</P_18>
            <P_19>5837</P_19>
            <P_20>1342</P_20>
            <P_35>0</P_35>
            <P_37>88826</P_37>
            <P_38>7951</P_38>
            <P_39>3097</P_39>
            <P_40>0</P_40>
            <P_41>0</P_41>
            <P_42>56724</P_42>
            <P_43>6994</P_43>
            <P_48>10091</P_48>
            <P_49>0</P_49>
            <P_51>0</P_51>
            <P_52>0</P_52>
            <P_53>2140</P_53>
            <P_62>2140</P_62>
        </PozycjeSzczegolowe>
        <Pouczenia>1</Pouczenia>
    </Deklaracja>
    <Ewidencja>
        <SprzedazWiersz>
            <LpSprzedazy>1</LpSprzedazy>
            <KodKrajuNadaniaTIN>PL</KodKrajuNadaniaTIN>
            <NrKontrahenta>8522658889</NrKontrahenta>
            <NazwaKontrahenta>DRUGA ŻONA sp. z o.o.</NazwaKontrahenta>
            <DowodSprzedazy>01/06/2023</DowodSprzedazy>
            <DataWystawienia>2023-06-30</DataWystawienia>
            <DataSprzedazy>2023-06-30</DataSprzedazy>
            <TypDokumentu>RO</TypDokumentu>
            <K_19>5836.62</K_19>
            <K_20>1342.44</K_20>
        </SprzedazWiersz>
        <SprzedazWiersz>
            <LpSprzedazy>2</LpSprzedazy>
            <KodKrajuNadaniaTIN>PL</KodKrajuNadaniaTIN>
            <NrKontrahenta>8522658889</NrKontrahenta>
            <NazwaKontrahenta>DRUGA ŻONA sp. z o.o.</NazwaKontrahenta>
            <DowodSprzedazy>01/06/2023</DowodSprzedazy>
            <DataWystawienia>2023-06-30</DataWystawienia>
            <DataSprzedazy>2023-06-30</DataSprzedazy>
            <TypDokumentu>RO</TypDokumentu>
            <K_17>82000.77</K_17>
            <K_18>6560.04</K_18>
        </SprzedazWiersz>
        <SprzedazWiersz>
            <LpSprzedazy>3</LpSprzedazy>
            <KodKrajuNadaniaTIN>PL</KodKrajuNadaniaTIN>
            <NrKontrahenta>8522658889</NrKontrahenta>
            <NazwaKontrahenta>DRUGA ŻONA sp. z o.o.</NazwaKontrahenta>
            <DowodSprzedazy>01/06/2023</DowodSprzedazy>
            <DataWystawienia>2023-06-30</DataWystawienia>
            <DataSprzedazy>2023-06-30</DataSprzedazy>
            <TypDokumentu>RO</TypDokumentu>
            <K_15>987.60</K_15>
            <K_16>49.36</K_16>
        </SprzedazWiersz>
        <SprzedazCtrl>
            <LiczbaWierszySprzedazy>3</LiczbaWierszySprzedazy>
            <PodatekNalezny>7951.84</PodatekNalezny>
        </SprzedazCtrl>
        <ZakupWiersz>
            <LpZakupu>1</LpZakupu>
            <KodKrajuNadaniaTIN>PL</KodKrajuNadaniaTIN>
            <NrDostawcy>5261336718</NrDostawcy>
            <NazwaDostawcy>ZWIĄZEK ARTYSTÓW Wykonawców Stoart</NazwaDostawcy>
            <DowodZakupu>FV/2023/06/000142</DowodZakupu>
            <DataZakupu>2023-05-31</DataZakupu>
            <DataWplywu>2023-06-30</DataWplywu>
            <K_42>70.20</K_42>
            <K_43>16.15</K_43>
        </ZakupWiersz>
        <ZakupWiersz>
            <LpZakupu>2</LpZakupu>
            <KodKrajuNadaniaTIN>PL</KodKrajuNadaniaTIN>
            <NrDostawcy>7770020640</NrDostawcy>
            <NazwaDostawcy>ENEA S.A.</NazwaDostawcy>
            <DowodZakupu>P/24020649/0003/23</DowodZakupu>
            <DataZakupu>2023-05-31</DataZakupu>
            <DataWplywu>2023-06-30</DataWplywu>
            <K_42>13298.79</K_42>
            <K_43>3058.72</K_43>
        </ZakupWiersz>
        <ZakupWiersz>
            <LpZakupu>3</LpZakupu>
            <KodKrajuNadaniaTIN>PL</KodKrajuNadaniaTIN>
            <NrDostawcy>5921987110</NrDostawcy>
            <NazwaDostawcy>Farutex sp. z o.o.</NazwaDostawcy>
            <DowodZakupu>FV/SZ/23/06-00246</DowodZakupu>
            <DataZakupu>2023-06-01</DataZakupu>
            <DataWplywu>2023-06-30</DataWplywu>
            <K_42>1692.79</K_42>
            <K_43>35.57</K_43>
        </ZakupWiersz>
        <ZakupWiersz>
            <LpZakupu>4</LpZakupu>
            <KodKrajuNadaniaTIN>PL</KodKrajuNadaniaTIN>
            <NrDostawcy>7792433421</NrDostawcy>
            <NazwaDostawcy>GRUPA OLX sp. z o.o.</NazwaDostawcy>
            <DowodZakupu>2024/1100841881</DowodZakupu>
            <DataZakupu>2023-06-02</DataZakupu>
            <DataWplywu>2023-06-30</DataWplywu>
            <K_42>73.09</K_42>
            <K_43>16.81</K_43>
        </ZakupWiersz>
        <ZakupWiersz>
            <LpZakupu>5</LpZakupu>
            <KodKrajuNadaniaTIN>PL</KodKrajuNadaniaTIN>
            <NrDostawcy>9551926235</NrDostawcy>
            <NazwaDostawcy>Michalczyk Maciej</NazwaDostawcy>
            <DowodZakupu>3/06/2023/WY</DowodZakupu>
            <DataZakupu>2023-06-02</DataZakupu>
            <DataWplywu>2023-06-30</DataWplywu>
            <K_42>4351.28</K_42>
            <K_43>1000.79</K_43>
        </ZakupWiersz>
        <ZakupWiersz>
            <LpZakupu>6</LpZakupu>
            <KodKrajuNadaniaTIN>PL</KodKrajuNadaniaTIN>
            <NrDostawcy>5220002860</NrDostawcy>
            <NazwaDostawcy>Makro Cash and Carry polska SA</NazwaDostawcy>
            <DowodZakupu>0/0(010)0048/153227</DowodZakupu>
            <DataZakupu>2023-06-02</DataZakupu>
            <DataWplywu>2023-06-30</DataWplywu>
            <K_42>2197.93</K_42>
            <K_43>111.87</K_43>
        </ZakupWiersz>
        <ZakupWiersz>
            <LpZakupu>7</LpZakupu>
            <KodKrajuNadaniaTIN>PL</KodKrajuNadaniaTIN>
            <NrDostawcy>9552394071</NrDostawcy>
            <NazwaDostawcy>TEDMARK sp. z o.o. sp.k.</NazwaDostawcy>
            <DowodZakupu>FVS/5270/2023/TED</DowodZakupu>
            <DataZakupu>2023-06-02</DataZakupu>
            <DataWplywu>2023-06-30</DataWplywu>
            <K_42>628.13</K_42>
            <K_43>144.47</K_43>
        </ZakupWiersz>
        <ZakupWiersz>
            <LpZakupu>8</LpZakupu>
            <KodKrajuNadaniaTIN>PL</KodKrajuNadaniaTIN>
            <NrDostawcy>8941012985</NrDostawcy>
            <NazwaDostawcy>COSTA SPÓŁKA JAWNA WOJCIECH PUŁAWSKI, Beata Puławska</NazwaDostawcy>
            <DowodZakupu>23-FVX/06/310</DowodZakupu>
            <DataZakupu>2023-06-06</DataZakupu>
            <DataWplywu>2023-06-30</DataWplywu>
            <K_42>121.16</K_42>
            <K_43>27.87</K_43>
        </ZakupWiersz>
        <ZakupWiersz>
            <LpZakupu>9</LpZakupu>
            <KodKrajuNadaniaTIN>PL</KodKrajuNadaniaTIN>
            <NrDostawcy>9542387023</NrDostawcy>
            <NazwaDostawcy>M&amp;amp;m Gastro</NazwaDostawcy>
            <DowodZakupu>4357/SE3/06/2023</DowodZakupu>
            <DataZakupu>2023-06-06</DataZakupu>
            <DataWplywu>2023-06-30</DataWplywu>
            <K_42>136.72</K_42>
            <K_43>31.45</K_43>
        </ZakupWiersz>
        <ZakupWiersz>
            <LpZakupu>10</LpZakupu>
            <KodKrajuNadaniaTIN>PL</KodKrajuNadaniaTIN>
            <NrDostawcy>6070065367</NrDostawcy>
            <NazwaDostawcy>EUROPRINT-PACK Piotr Ławniczak</NazwaDostawcy>
            <DowodZakupu>425/06/2023</DowodZakupu>
            <DataZakupu>2023-06-06</DataZakupu>
            <DataWplywu>2023-06-30</DataWplywu>
            <K_42>113.65</K_42>
            <K_43>26.14</K_43>
        </ZakupWiersz>
        <ZakupWiersz>
            <LpZakupu>11</LpZakupu>
            <KodKrajuNadaniaTIN>PL</KodKrajuNadaniaTIN>
            <NrDostawcy>7811011998</NrDostawcy>
            <NazwaDostawcy>Transgourmet Polska Sp. z o.o.</NazwaDostawcy>
            <DowodZakupu>13315824991</DowodZakupu>
            <DataZakupu>2023-06-07</DataZakupu>
            <DataWplywu>2023-06-30</DataWplywu>
            <K_42>547.02</K_42>
            <K_43>78.56</K_43>
        </ZakupWiersz>
        <ZakupWiersz>
            <LpZakupu>12</LpZakupu>
            <KodKrajuNadaniaTIN>PL</KodKrajuNadaniaTIN>
            <NrDostawcy>9512455197</NrDostawcy>
            <NazwaDostawcy>PICASSO POLAND sp. z o.o.</NazwaDostawcy>
            <DowodZakupu>F/0065/06/2023/S</DowodZakupu>
            <DataZakupu>2023-06-07</DataZakupu>
            <DataWplywu>2023-06-30</DataWplywu>
            <K_42>2276.04</K_42>
            <K_43>147.89</K_43>
        </ZakupWiersz>
        <ZakupWiersz>
            <LpZakupu>13</LpZakupu>
            <KodKrajuNadaniaTIN>PL</KodKrajuNadaniaTIN>
            <NrDostawcy>7792433421</NrDostawcy>
            <NazwaDostawcy>GRUPA OLX sp. z o.o.</NazwaDostawcy>
            <DowodZakupu>2024/1100909356</DowodZakupu>
            <DataZakupu>2023-06-08</DataZakupu>
            <DataWplywu>2023-06-30</DataWplywu>
            <K_42>97.48</K_42>
            <K_43>22.42</K_43>
        </ZakupWiersz>
        <ZakupWiersz>
            <LpZakupu>14</LpZakupu>
            <KodKrajuNadaniaTIN>PL</KodKrajuNadaniaTIN>
            <NrDostawcy>8521021463</NrDostawcy>
            <NazwaDostawcy>Netto Sp. z o.o.</NazwaDostawcy>
            <DowodZakupu>617029</DowodZakupu>
            <DataZakupu>2023-06-09</DataZakupu>
            <DataWplywu>2023-06-30</DataWplywu>
            <K_42>91.34</K_42>
            <K_43>0.0</K_43>
        </ZakupWiersz>
        <ZakupWiersz>
            <LpZakupu>15</LpZakupu>
            <KodKrajuNadaniaTIN>PL</KodKrajuNadaniaTIN>
            <NrDostawcy>1130089950</NrDostawcy>
            <NazwaDostawcy>"LEROY-MERLIN POLSKA" sp. z o.o.</NazwaDostawcy>
            <DowodZakupu>165164/0999</DowodZakupu>
            <DataZakupu>2023-06-09</DataZakupu>
            <DataWplywu>2023-06-30</DataWplywu>
            <K_42>117.01</K_42>
            <K_43>26.91</K_43>
        </ZakupWiersz>
        <ZakupWiersz>
            <LpZakupu>16</LpZakupu>
            <KodKrajuNadaniaTIN>PL</KodKrajuNadaniaTIN>
            <NrDostawcy>9552394071</NrDostawcy>
            <NazwaDostawcy>TEDMARK sp. z o.o. sp.k.</NazwaDostawcy>
            <DowodZakupu>FVS/5575/2023/TED</DowodZakupu>
            <DataZakupu>2023-06-09</DataZakupu>
            <DataWplywu>2023-06-30</DataWplywu>
            <K_42>586.01</K_42>
            <K_43>134.78</K_43>
        </ZakupWiersz>
        <ZakupWiersz>
            <LpZakupu>17</LpZakupu>
            <KodKrajuNadaniaTIN>PL</KodKrajuNadaniaTIN>
            <NrDostawcy>5220002860</NrDostawcy>
            <NazwaDostawcy>Makro Cash and Carry polska SA</NazwaDostawcy>
            <DowodZakupu>0/0(010)0048/160208</DowodZakupu>
            <DataZakupu>2023-06-09</DataZakupu>
            <DataWplywu>2023-06-30</DataWplywu>
            <K_42>1677.26</K_42>
            <K_43>0.0</K_43>
        </ZakupWiersz>
        <ZakupWiersz>
            <LpZakupu>18</LpZakupu>
            <KodKrajuNadaniaTIN>PL</KodKrajuNadaniaTIN>
            <NrDostawcy>5242106963</NrDostawcy>
            <NazwaDostawcy>Coca-Cola HBC Polska Sp. z o.o.</NazwaDostawcy>
            <DowodZakupu>7684607675</DowodZakupu>
            <DataZakupu>2023-06-09</DataZakupu>
            <DataWplywu>2023-06-30</DataWplywu>
            <K_42>338.84</K_42>
            <K_43>77.93</K_43>
        </ZakupWiersz>
        <ZakupWiersz>
            <LpZakupu>19</LpZakupu>
            <KodKrajuNadaniaTIN>PL</KodKrajuNadaniaTIN>
            <NrDostawcy>5921987110</NrDostawcy>
            <NazwaDostawcy>Farutex sp. z o.o.</NazwaDostawcy>
            <DowodZakupu>FV/SZ/23/06-01745</DowodZakupu>
            <DataZakupu>2023-06-09</DataZakupu>
            <DataWplywu>2023-06-30</DataWplywu>
            <K_42>2272.88</K_42>
            <K_43>15.87</K_43>
        </ZakupWiersz>
        <ZakupWiersz>
            <LpZakupu>20</LpZakupu>
            <KodKrajuNadaniaTIN>PL</KodKrajuNadaniaTIN>
            <NrDostawcy>5921987110</NrDostawcy>
            <NazwaDostawcy>Farutex sp. z o.o.</NazwaDostawcy>
            <DowodZakupu>FK/SZ23/06-0078</DowodZakupu>
            <DataZakupu>2023-06-09</DataZakupu>
            <DataWplywu>2023-06-30</DataWplywu>
            <K_42>-59.82</K_42>
            <K_43>0.0</K_43>
        </ZakupWiersz>
        <ZakupWiersz>
            <LpZakupu>21</LpZakupu>
            <KodKrajuNadaniaTIN>PL</KodKrajuNadaniaTIN>
            <NrDostawcy>1130089950</NrDostawcy>
            <NazwaDostawcy>"LEROY-MERLIN POLSKA" sp. z o.o.</NazwaDostawcy>
            <DowodZakupu>101501/0809</DowodZakupu>
            <DataZakupu>2023-06-10</DataZakupu>
            <DataWplywu>2023-06-30</DataWplywu>
            <K_42>117.01</K_42>
            <K_43>26.91</K_43>
        </ZakupWiersz>
        <ZakupWiersz>
            <LpZakupu>22</LpZakupu>
            <KodKrajuNadaniaTIN>PL</KodKrajuNadaniaTIN>
            <NrDostawcy>8511005008</NrDostawcy>
            <NazwaDostawcy>" TAXMAN " BIURO RACHUNKOWE Grzegorz Grzelczyk</NazwaDostawcy>
            <DowodZakupu>6/20238888/DRUG8888</DowodZakupu>
            <DataZakupu>2023-06-12</DataZakupu>
            <DataWplywu>2023-06-30</DataWplywu>
            <K_42>1200.00</K_42>
            <K_43>276.0</K_43>
        </ZakupWiersz>
        <ZakupWiersz>
            <LpZakupu>23</LpZakupu>
            <KodKrajuNadaniaTIN>PL</KodKrajuNadaniaTIN>
            <NrDostawcy>5220002860</NrDostawcy>
            <NazwaDostawcy>Makro Cash and Carry polska SA</NazwaDostawcy>
            <DowodZakupu>0/0(010)0002/163102</DowodZakupu>
            <DataZakupu>2023-06-12</DataZakupu>
            <DataWplywu>2023-06-30</DataWplywu>
            <K_42>548.32</K_42>
            <K_43>126.11</K_43>
        </ZakupWiersz>
        <ZakupWiersz>
            <LpZakupu>24</LpZakupu>
            <KodKrajuNadaniaTIN>PL</KodKrajuNadaniaTIN>
            <NrDostawcy>9512455197</NrDostawcy>
            <NazwaDostawcy>PICASSO POLAND sp. z o.o.</NazwaDostawcy>
            <DowodZakupu>F/0130/06/2023/S</DowodZakupu>
            <DataZakupu>2023-06-13</DataZakupu>
            <DataWplywu>2023-06-30</DataWplywu>
            <K_42>2175.20</K_42>
            <K_43>142.66</K_43>
        </ZakupWiersz>
        <ZakupWiersz>
            <LpZakupu>25</LpZakupu>
            <KodKrajuNadaniaTIN>PL</KodKrajuNadaniaTIN>
            <NrDostawcy>1130089950</NrDostawcy>
            <NazwaDostawcy>"LEROY-MERLIN POLSKA" sp. z o.o.</NazwaDostawcy>
            <DowodZakupu>166527/1003</DowodZakupu>
            <DataZakupu>2023-06-14</DataZakupu>
            <DataWplywu>2023-06-30</DataWplywu>
            <K_42>234.02</K_42>
            <K_43>53.82</K_43>
        </ZakupWiersz>
        <ZakupWiersz>
            <LpZakupu>26</LpZakupu>
            <KodKrajuNadaniaTIN>PL</KodKrajuNadaniaTIN>
            <NrDostawcy>5531649463</NrDostawcy>
            <NazwaDostawcy>DECORITY Piotr Słowik</NazwaDostawcy>
            <DowodZakupu>FZ1/23/07745</DowodZakupu>
            <DataZakupu>2023-06-15</DataZakupu>
            <DataWplywu>2023-06-30</DataWplywu>
            <K_42>276.02</K_42>
            <K_43>63.48</K_43>
        </ZakupWiersz>
        <ZakupWiersz>
            <LpZakupu>27</LpZakupu>
            <KodKrajuNadaniaTIN>PL</KodKrajuNadaniaTIN>
            <NrDostawcy>8272230126</NrDostawcy>
            <NazwaDostawcy>AGNES Igor Kowalczyk</NazwaDostawcy>
            <DowodZakupu>14/06/2023</DowodZakupu>
            <DataZakupu>2023-06-15</DataZakupu>
            <DataWplywu>2023-06-30</DataWplywu>
            <K_42>40.32</K_42>
            <K_43>9.27</K_43>
        </ZakupWiersz>
        <ZakupWiersz>
            <LpZakupu>28</LpZakupu>
            <KodKrajuNadaniaTIN>PL</KodKrajuNadaniaTIN>
            <NrDostawcy>5921987110</NrDostawcy>
            <NazwaDostawcy>Farutex sp. z o.o.</NazwaDostawcy>
            <DowodZakupu>FV/SZ/23/06-02882</DowodZakupu>
            <DataZakupu>2023-06-15</DataZakupu>
            <DataWplywu>2023-06-30</DataWplywu>
            <K_42>2413.96</K_42>
            <K_43>35.37</K_43>
        </ZakupWiersz>
        <ZakupWiersz>
            <LpZakupu>29</LpZakupu>
            <KodKrajuNadaniaTIN>PL</KodKrajuNadaniaTIN>
            <NrDostawcy>5220002860</NrDostawcy>
            <NazwaDostawcy>Makro Cash and Carry polska SA</NazwaDostawcy>
            <DowodZakupu>0/0(010)0048/166150</DowodZakupu>
            <DataZakupu>2023-06-15</DataZakupu>
            <DataWplywu>2023-06-30</DataWplywu>
            <K_42>1765.85</K_42>
            <K_43>0.0</K_43>
        </ZakupWiersz>
        <ZakupWiersz>
            <LpZakupu>30</LpZakupu>
            <KodKrajuNadaniaTIN>PL</KodKrajuNadaniaTIN>
            <NrDostawcy>8521021463</NrDostawcy>
            <NazwaDostawcy>Netto Sp. z o.o.</NazwaDostawcy>
            <DowodZakupu>235695</DowodZakupu>
            <DataZakupu>2023-06-15</DataZakupu>
            <DataWplywu>2023-06-30</DataWplywu>
            <K_42>73.39</K_42>
            <K_43>0.0</K_43>
        </ZakupWiersz>
        <ZakupWiersz>
            <LpZakupu>31</LpZakupu>
            <KodKrajuNadaniaTIN>PL</KodKrajuNadaniaTIN>
            <NrDostawcy>7792270344</NrDostawcy>
            <NazwaDostawcy>HENDI POLSKA sp. z o.o.</NazwaDostawcy>
            <DowodZakupu>FVH/2023/06/00448</DowodZakupu>
            <DataZakupu>2023-06-16</DataZakupu>
            <DataWplywu>2023-06-30</DataWplywu>
            <K_42>169.00</K_42>
            <K_43>38.87</K_43>
        </ZakupWiersz>
        <ZakupWiersz>
            <LpZakupu>32</LpZakupu>
            <KodKrajuNadaniaTIN>PL</KodKrajuNadaniaTIN>
            <NrDostawcy>5842056682</NrDostawcy>
            <NazwaDostawcy>BBK SA</NazwaDostawcy>
            <DowodZakupu>EC1FN/2306/000283</DowodZakupu>
            <DataZakupu>2023-06-16</DataZakupu>
            <DataWplywu>2023-06-30</DataWplywu>
            <K_42>383.08</K_42>
            <K_43>88.11</K_43>
        </ZakupWiersz>
        <ZakupWiersz>
            <LpZakupu>33</LpZakupu>
            <KodKrajuNadaniaTIN>PL</KodKrajuNadaniaTIN>
            <NrDostawcy>1130089950</NrDostawcy>
            <NazwaDostawcy>"LEROY-MERLIN POLSKA" sp. z o.o.</NazwaDostawcy>
            <DowodZakupu>167167/1005</DowodZakupu>
            <DataZakupu>2023-06-16</DataZakupu>
            <DataWplywu>2023-06-30</DataWplywu>
            <K_42>175.51</K_42>
            <K_43>40.37</K_43>
        </ZakupWiersz>
        <ZakupWiersz>
            <LpZakupu>34</LpZakupu>
            <KodKrajuNadaniaTIN>PL</KodKrajuNadaniaTIN>
            <NrDostawcy>9552394071</NrDostawcy>
            <NazwaDostawcy>TEDMARK sp. z o.o. sp.k.</NazwaDostawcy>
            <DowodZakupu>FVS/5399/2023/B2B</DowodZakupu>
            <DataZakupu>2023-06-16</DataZakupu>
            <DataWplywu>2023-06-30</DataWplywu>
            <K_42>717.62</K_42>
            <K_43>165.05</K_43>
        </ZakupWiersz>
        <ZakupWiersz>
            <LpZakupu>35</LpZakupu>
            <KodKrajuNadaniaTIN>PL</KodKrajuNadaniaTIN>
            <NrDostawcy>5220002860</NrDostawcy>
            <NazwaDostawcy>Makro Cash and Carry polska SA</NazwaDostawcy>
            <DowodZakupu>0/0(010)0048/168105</DowodZakupu>
            <DataZakupu>2023-06-17</DataZakupu>
            <DataWplywu>2023-06-30</DataWplywu>
            <K_42>654.59</K_42>
            <K_43>0.0</K_43>
        </ZakupWiersz>
        <ZakupWiersz>
            <LpZakupu>36</LpZakupu>
            <KodKrajuNadaniaTIN>PL</KodKrajuNadaniaTIN>
            <NrDostawcy>9552394071</NrDostawcy>
            <NazwaDostawcy>TEDMARK sp. z o.o. sp.k.</NazwaDostawcy>
            <DowodZakupu>FVS/5443/2023/B2B</DowodZakupu>
            <DataZakupu>2023-06-19</DataZakupu>
            <DataWplywu>2023-06-30</DataWplywu>
            <K_42>600.48</K_42>
            <K_43>138.11</K_43>
        </ZakupWiersz>
        <ZakupWiersz>
            <LpZakupu>37</LpZakupu>
            <KodKrajuNadaniaTIN>PL</KodKrajuNadaniaTIN>
            <NrDostawcy>1130089950</NrDostawcy>
            <NazwaDostawcy>"LEROY-MERLIN POLSKA" sp. z o.o.</NazwaDostawcy>
            <DowodZakupu>167852/1007</DowodZakupu>
            <DataZakupu>2023-06-19</DataZakupu>
            <DataWplywu>2023-06-30</DataWplywu>
            <K_42>234.02</K_42>
            <K_43>53.82</K_43>
        </ZakupWiersz>
        <ZakupWiersz>
            <LpZakupu>38</LpZakupu>
            <KodKrajuNadaniaTIN>PL</KodKrajuNadaniaTIN>
            <NrDostawcy>8521021463</NrDostawcy>
            <NazwaDostawcy>Netto Sp. z o.o.</NazwaDostawcy>
            <DowodZakupu>336268</DowodZakupu>
            <DataZakupu>2023-06-19</DataZakupu>
            <DataWplywu>2023-06-30</DataWplywu>
            <K_42>49.62</K_42>
            <K_43>0.0</K_43>
        </ZakupWiersz>
        <ZakupWiersz>
            <LpZakupu>39</LpZakupu>
            <KodKrajuNadaniaTIN>PL</KodKrajuNadaniaTIN>
            <NrDostawcy>7542472472</NrDostawcy>
            <NazwaDostawcy>TOMECHNA sp. z o.o.</NazwaDostawcy>
            <DowodZakupu>2036/MFV/2023</DowodZakupu>
            <DataZakupu>2023-06-20</DataZakupu>
            <DataWplywu>2023-06-30</DataWplywu>
            <K_42>48.28</K_42>
            <K_43>11.11</K_43>
        </ZakupWiersz>
        <ZakupWiersz>
            <LpZakupu>40</LpZakupu>
            <KodKrajuNadaniaTIN>PL</KodKrajuNadaniaTIN>
            <NrDostawcy>5992498766</NrDostawcy>
            <NazwaDostawcy>Bingo dembinex </NazwaDostawcy>
            <DowodZakupu>6208/06/2023</DowodZakupu>
            <DataZakupu>2023-06-20</DataZakupu>
            <DataWplywu>2023-06-30</DataWplywu>
            <K_42>146.33</K_42>
            <K_43>33.66</K_43>
        </ZakupWiersz>
        <ZakupWiersz>
            <LpZakupu>41</LpZakupu>
            <KodKrajuNadaniaTIN>PL</KodKrajuNadaniaTIN>
            <NrDostawcy>5213828837</NrDostawcy>
            <NazwaDostawcy>CHAUDARY FOOD TRADERS sp. z o.o.</NazwaDostawcy>
            <DowodZakupu>F/0185/06/23/MG_P</DowodZakupu>
            <DataZakupu>2023-06-20</DataZakupu>
            <DataWplywu>2023-06-30</DataWplywu>
            <K_42>1938.55</K_42>
            <K_43>45.75</K_43>
        </ZakupWiersz>
        <ZakupWiersz>
            <LpZakupu>42</LpZakupu>
            <KodKrajuNadaniaTIN>PL</KodKrajuNadaniaTIN>
            <NrDostawcy>5220002860</NrDostawcy>
            <NazwaDostawcy>Makro Cash and Carry polska SA</NazwaDostawcy>
            <DowodZakupu>0/0(010)0001/171054</DowodZakupu>
            <DataZakupu>2023-06-20</DataZakupu>
            <DataWplywu>2023-06-30</DataWplywu>
            <K_42>660.57</K_42>
            <K_43>135.24</K_43>
        </ZakupWiersz>
        <ZakupWiersz>
            <LpZakupu>43</LpZakupu>
            <KodKrajuNadaniaTIN>PL</KodKrajuNadaniaTIN>
            <NrDostawcy>7811011998</NrDostawcy>
            <NazwaDostawcy>Transgourmet Polska Sp. z o.o.</NazwaDostawcy>
            <DowodZakupu>133172201491 </DowodZakupu>
            <DataZakupu>2023-06-21</DataZakupu>
            <DataWplywu>2023-06-30</DataWplywu>
            <K_42>1492.29</K_42>
            <K_43>0.0</K_43>
        </ZakupWiersz>
        <ZakupWiersz>
            <LpZakupu>44</LpZakupu>
            <KodKrajuNadaniaTIN>PL</KodKrajuNadaniaTIN>
            <NrDostawcy>5921987110</NrDostawcy>
            <NazwaDostawcy>Farutex sp. z o.o.</NazwaDostawcy>
            <DowodZakupu>FV/SZ/23/06-04133</DowodZakupu>
            <DataZakupu>2023-06-21</DataZakupu>
            <DataWplywu>2023-06-30</DataWplywu>
            <K_42>2149.38</K_42>
            <K_43>10.89</K_43>
        </ZakupWiersz>
        <ZakupWiersz>
            <LpZakupu>45</LpZakupu>
            <KodKrajuNadaniaTIN>PL</KodKrajuNadaniaTIN>
            <NrDostawcy>8521021463</NrDostawcy>
            <NazwaDostawcy>Netto Sp. z o.o.</NazwaDostawcy>
            <DowodZakupu>337487</DowodZakupu>
            <DataZakupu>2023-06-21</DataZakupu>
            <DataWplywu>2023-06-30</DataWplywu>
            <K_42>143.33</K_42>
            <K_43>0.0</K_43>
        </ZakupWiersz>
        <ZakupWiersz>
            <LpZakupu>46</LpZakupu>
            <KodKrajuNadaniaTIN>PL</KodKrajuNadaniaTIN>
            <NrDostawcy>9552394071</NrDostawcy>
            <NazwaDostawcy>TEDMARK sp. z o.o. sp.k.</NazwaDostawcy>
            <DowodZakupu>FVS/6111/2023/TED</DowodZakupu>
            <DataZakupu>2023-06-21</DataZakupu>
            <DataWplywu>2023-06-30</DataWplywu>
            <K_42>572.88</K_42>
            <K_43>127.92</K_43>
        </ZakupWiersz>
        <ZakupWiersz>
            <LpZakupu>47</LpZakupu>
            <KodKrajuNadaniaTIN>PL</KodKrajuNadaniaTIN>
            <NrDostawcy>5242106963</NrDostawcy>
            <NazwaDostawcy>Coca-Cola HBC Polska Sp. z o.o.</NazwaDostawcy>
            <DowodZakupu>7684607749</DowodZakupu>
            <DataZakupu>2023-06-23</DataZakupu>
            <DataWplywu>2023-06-30</DataWplywu>
            <K_42>378.90</K_42>
            <K_43>87.15</K_43>
        </ZakupWiersz>
        <ZakupWiersz>
            <LpZakupu>48</LpZakupu>
            <KodKrajuNadaniaTIN>PL</KodKrajuNadaniaTIN>
            <NrDostawcy>5252503648</NrDostawcy>
            <NazwaDostawcy>CHARMS sp. z o.o.</NazwaDostawcy>
            <DowodZakupu>2568/6/2023</DowodZakupu>
            <DataZakupu>2023-06-26</DataZakupu>
            <DataWplywu>2023-06-30</DataWplywu>
            <K_42>78.31</K_42>
            <K_43>18.01</K_43>
        </ZakupWiersz>
        <ZakupWiersz>
            <LpZakupu>49</LpZakupu>
            <KodKrajuNadaniaTIN>PL</KodKrajuNadaniaTIN>
            <NrDostawcy>5213828837</NrDostawcy>
            <NazwaDostawcy>CHAUDARY FOOD TRADERS sp. z o.o.</NazwaDostawcy>
            <DowodZakupu>F/0255/06/23/MG_P</DowodZakupu>
            <DataZakupu>2023-06-27</DataZakupu>
            <DataWplywu>2023-06-30</DataWplywu>
            <K_42>1266.90</K_42>
            <K_43>10.35</K_43>
        </ZakupWiersz>
        <ZakupWiersz>
            <LpZakupu>50</LpZakupu>
            <KodKrajuNadaniaTIN>PL</KodKrajuNadaniaTIN>
            <NrDostawcy>5921987110</NrDostawcy>
            <NazwaDostawcy>Farutex sp. z o.o.</NazwaDostawcy>
            <DowodZakupu>FV/SZ/23/06-05646</DowodZakupu>
            <DataZakupu>2023-06-28</DataZakupu>
            <DataWplywu>2023-06-30</DataWplywu>
            <K_42>1481.17</K_42>
            <K_43>21.69</K_43>
        </ZakupWiersz>
        <ZakupWiersz>
            <LpZakupu>51</LpZakupu>
            <KodKrajuNadaniaTIN>PL</KodKrajuNadaniaTIN>
            <NrDostawcy>9552394071</NrDostawcy>
            <NazwaDostawcy>TEDMARK sp. z o.o. sp.k.</NazwaDostawcy>
            <DowodZakupu>FVS/5891/2023/B2B</DowodZakupu>
            <DataZakupu>2023-06-29</DataZakupu>
            <DataWplywu>2023-06-30</DataWplywu>
            <K_42>833.25</K_42>
            <K_43>191.65</K_43>
        </ZakupWiersz>
        <ZakupWiersz>
            <LpZakupu>52</LpZakupu>
            <KodKrajuNadaniaTIN>PL</KodKrajuNadaniaTIN>
            <NrDostawcy>5921987110</NrDostawcy>
            <NazwaDostawcy>Farutex sp. z o.o.</NazwaDostawcy>
            <DowodZakupu>FV/SZ/23/06-05851</DowodZakupu>
            <DataZakupu>2023-06-29</DataZakupu>
            <DataWplywu>2023-06-30</DataWplywu>
            <K_42>686.70</K_42>
            <K_43>0.0</K_43>
        </ZakupWiersz>
        <ZakupWiersz>
            <LpZakupu>53</LpZakupu>
            <KodKrajuNadaniaTIN>PL</KodKrajuNadaniaTIN>
            <NrDostawcy>5220002860</NrDostawcy>
            <NazwaDostawcy>Makro Cash and Carry polska SA</NazwaDostawcy>
            <DowodZakupu>0/0(010)0048/180106</DowodZakupu>
            <DataZakupu>2023-06-29</DataZakupu>
            <DataWplywu>2023-06-30</DataWplywu>
            <K_42>1671.64</K_42>
            <K_43>0.0</K_43>
        </ZakupWiersz>
        <ZakupWiersz>
            <LpZakupu>54</LpZakupu>
            <KodKrajuNadaniaTIN>PL</KodKrajuNadaniaTIN>
            <NrDostawcy>5261336718</NrDostawcy>
            <NazwaDostawcy>ZWIĄZEK ARTYSTÓW Wykonawców Stoart</NazwaDostawcy>
            <DowodZakupu>FV/2023/06/013653</DowodZakupu>
            <DataZakupu>2023-06-30</DataZakupu>
            <DataWplywu>2023-06-30</DataWplywu>
            <K_42>70.20</K_42>
            <K_43>16.15</K_43>
        </ZakupWiersz>
        <ZakupWiersz>
            <LpZakupu>55</LpZakupu>
            <KodKrajuNadaniaTIN>PL</KodKrajuNadaniaTIN>
            <NrDostawcy>8520014018</NrDostawcy>
            <NazwaDostawcy>"REMONDIS SZCZECIN" sp. z o.o.</NazwaDostawcy>
            <DowodZakupu>4152205674</DowodZakupu>
            <DataZakupu>2023-06-30</DataZakupu>
            <DataWplywu>2023-06-30</DataWplywu>
            <K_42>650.00</K_42>
            <K_43>52.0</K_43>
        </ZakupWiersz>
        <ZakupCtrl>
            <LiczbaWierszyZakupow>55</LiczbaWierszyZakupow>
            <PodatekNaliczony>6993.72</PodatekNaliczony>
        </ZakupCtrl>
    </Ewidencja>
</JPK>
