<?xml version="1.0" encoding="UTF-8" standalone="yes"?>
<JPK xmlns="http://crd.gov.pl/wzor/2021/12/27/11148/" xmlns:ns2="http://crd.gov.pl/xml/schematy/dziedzinowe/mf/2021/06/08/eD/DefinicjeTypy/" xmlns:ns3="http://crd.gov.pl/wzor/2021/12/27/11149/">
    <Naglowek>
        <KodFormularza kodSystemowy="JPK_V7M (2)" wersjaSchemy="1-0E">JPK_VAT</KodFormularza>
        <WariantFormularza>2</WariantFormularza>
        <DataWytworzeniaJPK>2023-09-12T06:39:18.892Z</DataWytworzeniaJPK>
        <NazwaSystemu>Taxman</NazwaSystemu>
        <CelZlozenia poz="P_7">1</CelZlozenia>
        <KodUrzedu>0224</KodUrzedu>
        <Rok>2023</Rok>
        <Miesiac>8</Miesiac>
    </Naglowek>
    <Podmiot1 rola="Podatnik">
        <OsobaNiefizyczna>
            <NIP>8943083297</NIP>
            <PelnaNazwa>I7 sp. z o.o.</PelnaNazwa>
            <Email>ms@taxman.biz.pl</Email>
            <Telefon>502733788</Telefon>
        </OsobaNiefizyczna>
    </Podmiot1>
    <Deklaracja>
        <Naglowek>
            <KodFormularzaDekl kodSystemowy="VAT-7 (22)" kodPodatku="VAT" rodzajZobowiazania="Z" wersjaSchemy="1-0E">VAT-7</KodFormularzaDekl>
            <WariantFormularzaDekl>22</WariantFormularzaDekl>
        </Naglowek>
        <PozycjeSzczegolowe>
            <P_11>61157</P_11>
            <P_12>61157</P_12>
            <P_35>0</P_35>
            <P_37>61157</P_37>
            <P_38>0</P_38>
            <P_39>320</P_39>
            <P_40>0</P_40>
            <P_41>0</P_41>
            <P_42>5496</P_42>
            <P_43>904</P_43>
            <P_48>1224</P_48>
            <P_49>0</P_49>
            <P_51>0</P_51>
            <P_52>0</P_52>
            <P_53>1224</P_53>
            <P_54>1224</P_54>
            <P_57>1</P_57>
            <P_59>1</P_59>
            <P_60>1224</P_60>
            <P_61>CIT za 08/23</P_61>
            <P_62>0</P_62>
        </PozycjeSzczegolowe>
        <Pouczenia>1</Pouczenia>
    </Deklaracja>
    <Ewidencja>
        <SprzedazWiersz>
            <LpSprzedazy>1</LpSprzedazy>
            <KodKrajuNadaniaTIN>DE</KodKrajuNadaniaTIN>
            <NrKontrahenta>815012867</NrKontrahenta>
            <NazwaKontrahenta>CAVERION DEUTSCHLAND GmbH</NazwaKontrahenta>
            <DowodSprzedazy>1/6001/06/2023</DowodSprzedazy>
            <DataWystawienia>2023-07-31</DataWystawienia>
            <DataSprzedazy>2023-07-24</DataSprzedazy>
            <K_11>24831.56</K_11>
            <K_12>24831.56</K_12>
        </SprzedazWiersz>
        <SprzedazWiersz>
            <LpSprzedazy>2</LpSprzedazy>
            <KodKrajuNadaniaTIN>DE</KodKrajuNadaniaTIN>
            <NrKontrahenta>815012867</NrKontrahenta>
            <NazwaKontrahenta>CAVERION DEUTSCHLAND GmbH</NazwaKontrahenta>
            <DowodSprzedazy>1/6002/06/2023</DowodSprzedazy>
            <DataWystawienia>2023-07-31</DataWystawienia>
            <DataSprzedazy>2023-07-25</DataSprzedazy>
            <K_11>36325.87</K_11>
            <K_12>36325.87</K_12>
        </SprzedazWiersz>
        <SprzedazCtrl>
            <LiczbaWierszySprzedazy>2</LiczbaWierszySprzedazy>
            <PodatekNalezny>0</PodatekNalezny>
        </SprzedazCtrl>
        <ZakupWiersz>
            <LpZakupu>1</LpZakupu>
            <KodKrajuNadaniaTIN>PL</KodKrajuNadaniaTIN>
            <NrDostawcy>5212924579</NrDostawcy>
            <NazwaDostawcy>RCI Leasing Polska Sp. z o.o.</NazwaDostawcy>
            <DowodZakupu>16997/08/23/rl</DowodZakupu>
            <DataZakupu>2023-08-01</DataZakupu>
            <DataWplywu>2023-08-31</DataWplywu>
            <K_42>2148.09</K_42>
            <K_43>247.03</K_43>
        </ZakupWiersz>
        <ZakupWiersz>
            <LpZakupu>2</LpZakupu>
            <KodKrajuNadaniaTIN>PL</KodKrajuNadaniaTIN>
            <NrDostawcy>5212924579</NrDostawcy>
            <NazwaDostawcy>RCI Leasing Polska Sp. z o.o.</NazwaDostawcy>
            <DowodZakupu>2602/08/23/rl</DowodZakupu>
            <DataZakupu>2023-08-05</DataZakupu>
            <DataWplywu>2023-08-31</DataWplywu>
            <K_42>982.31</K_42>
            <K_43>112.97</K_43>
        </ZakupWiersz>
        <ZakupWiersz>
            <LpZakupu>3</LpZakupu>
            <KodKrajuNadaniaTIN>PL</KodKrajuNadaniaTIN>
            <NrDostawcy>8511005008</NrDostawcy>
            <NazwaDostawcy>" TAXMAN " BIURO RACHUNKOWE Grzegorz Grzelczyk</NazwaDostawcy>
            <DowodZakupu>9/2023/17sp29</DowodZakupu>
            <DataZakupu>2023-08-07</DataZakupu>
            <DataWplywu>2023-08-31</DataWplywu>
            <K_42>2000.00</K_42>
            <K_43>460.0</K_43>
        </ZakupWiersz>
        <ZakupWiersz>
            <LpZakupu>4</LpZakupu>
            <KodKrajuNadaniaTIN>PL</KodKrajuNadaniaTIN>
            <NrDostawcy>5271037727</NrDostawcy>
            <NazwaDostawcy>POLKOMTEL sp. z o.o.</NazwaDostawcy>
            <DowodZakupu>2308080705740</DowodZakupu>
            <DataZakupu>2023-08-10</DataZakupu>
            <DataWplywu>2023-08-31</DataWplywu>
            <K_42>365.91</K_42>
            <K_43>84.16</K_43>
        </ZakupWiersz>
        <ZakupCtrl>
            <LiczbaWierszyZakupow>4</LiczbaWierszyZakupow>
            <PodatekNaliczony>904.16</PodatekNaliczony>
        </ZakupCtrl>
    </Ewidencja>
</JPK>
