<?xml version="1.0" encoding="UTF-8" standalone="yes"?>
<JPK xmlns="http://crd.gov.pl/wzor/2021/12/27/11148/" xmlns:ns2="http://crd.gov.pl/xml/schematy/dziedzinowe/mf/2021/06/08/eD/DefinicjeTypy/" xmlns:ns3="http://crd.gov.pl/wzor/2021/12/27/11149/">
    <Naglowek>
        <KodFormularza kodSystemowy="JPK_V7M (2)" wersjaSchemy="1-0E">JPK_VAT</KodFormularza>
        <WariantFormularza>2</WariantFormularza>
        <DataWytworzeniaJPK>2023-09-12T08:45:04.571Z</DataWytworzeniaJPK>
        <NazwaSystemu>Taxman</NazwaSystemu>
        <CelZlozenia poz="P_7">1</CelZlozenia>
        <KodUrzedu>1437</KodUrzedu>
        <Rok>2023</Rok>
        <Miesiac>8</Miesiac>
    </Naglowek>
    <Podmiot1 rola="Podatnik">
        <OsobaFizyczna>
            <ns2:NIP>5941049260</ns2:NIP>
            <ns2:ImiePierwsze>Damian</ns2:ImiePierwsze>
            <ns2:Nazwisko>Urban </ns2:Nazwisko>
            <ns2:DataUrodzenia>1970-12-28</ns2:DataUrodzenia>
            <Email>d.andrzejak@taxman.biz.pl</Email>
            <Telefon>532434441</Telefon>
        </OsobaFizyczna>
    </Podmiot1>
    <Deklaracja>
        <Naglowek>
            <KodFormularzaDekl kodSystemowy="VAT-7 (22)" kodPodatku="VAT" rodzajZobowiazania="Z" wersjaSchemy="1-0E">VAT-7</KodFormularzaDekl>
            <WariantFormularzaDekl>22</WariantFormularzaDekl>
        </Naglowek>
        <PozycjeSzczegolowe>
            <P_19>25200</P_19>
            <P_20>5796</P_20>
            <P_35>0</P_35>
            <P_37>25200</P_37>
            <P_38>5796</P_38>
            <P_39>0</P_39>
            <P_40>0</P_40>
            <P_41>0</P_41>
            <P_42>3787</P_42>
            <P_43>871</P_43>
            <P_48>871</P_48>
            <P_49>0</P_49>
            <P_51>4925</P_51>
            <P_52>0</P_52>
            <P_53>0</P_53>
            <P_62>0</P_62>
        </PozycjeSzczegolowe>
        <Pouczenia>1</Pouczenia>
    </Deklaracja>
    <Ewidencja>
        <SprzedazWiersz>
            <LpSprzedazy>1</LpSprzedazy>
            <KodKrajuNadaniaTIN>PL</KodKrajuNadaniaTIN>
            <NrKontrahenta>5261040567</NrKontrahenta>
            <NazwaKontrahenta>T mobile Polska SA</NazwaKontrahenta>
            <DowodSprzedazy>10/2023</DowodSprzedazy>
            <DataWystawienia>2023-08-31</DataWystawienia>
            <DataSprzedazy>2023-08-31</DataSprzedazy>
            <GTU_12>1</GTU_12>
            <K_19>25200.00</K_19>
            <K_20>5796.0</K_20>
        </SprzedazWiersz>
        <SprzedazCtrl>
            <LiczbaWierszySprzedazy>1</LiczbaWierszySprzedazy>
            <PodatekNalezny>5796.00</PodatekNalezny>
        </SprzedazCtrl>
        <ZakupWiersz>
            <LpZakupu>1</LpZakupu>
            <KodKrajuNadaniaTIN>PL</KodKrajuNadaniaTIN>
            <NrDostawcy>5260250995</NrDostawcy>
            <NazwaDostawcy>ORANGE POLSKA S.A.</NazwaDostawcy>
            <DowodZakupu>F0083375361/008/23</DowodZakupu>
            <DataZakupu>2023-08-01</DataZakupu>
            <DataWplywu>2023-08-01</DataWplywu>
            <K_42>66.90</K_42>
            <K_43>15.39</K_43>
        </ZakupWiersz>
        <ZakupWiersz>
            <LpZakupu>2</LpZakupu>
            <KodKrajuNadaniaTIN>PL</KodKrajuNadaniaTIN>
            <NrDostawcy>5260250995</NrDostawcy>
            <NazwaDostawcy>ORANGE POLSKA S.A.</NazwaDostawcy>
            <DowodZakupu>23080440533277</DowodZakupu>
            <DataZakupu>2023-08-10</DataZakupu>
            <DataWplywu>2023-08-10</DataWplywu>
            <K_42>265.60</K_42>
            <K_43>61.09</K_43>
        </ZakupWiersz>
        <ZakupWiersz>
            <LpZakupu>3</LpZakupu>
            <KodKrajuNadaniaTIN>PL</KodKrajuNadaniaTIN>
            <NrDostawcy>9451972201</NrDostawcy>
            <NazwaDostawcy>Morele.net Sp. z o.o.</NazwaDostawcy>
            <DowodZakupu>FS-42253/8/2023/SOS</DowodZakupu>
            <DataZakupu>2023-08-14</DataZakupu>
            <DataWplywu>2023-08-14</DataWplywu>
            <K_42>3102.02</K_42>
            <K_43>713.46</K_43>
        </ZakupWiersz>
        <ZakupWiersz>
            <LpZakupu>4</LpZakupu>
            <KodKrajuNadaniaTIN>PL</KodKrajuNadaniaTIN>
            <NrDostawcy>9451972201</NrDostawcy>
            <NazwaDostawcy>Morele.net Sp. z o.o.</NazwaDostawcy>
            <DowodZakupu>FS-62970/8/2023/SOS</DowodZakupu>
            <DataZakupu>2023-08-22</DataZakupu>
            <DataWplywu>2023-08-22</DataWplywu>
            <K_42>352.80</K_42>
            <K_43>81.14</K_43>
        </ZakupWiersz>
        <ZakupCtrl>
            <LiczbaWierszyZakupow>4</LiczbaWierszyZakupow>
            <PodatekNaliczony>871.08</PodatekNaliczony>
        </ZakupCtrl>
    </Ewidencja>
</JPK>
