<?xml version="1.0" encoding="UTF-8" standalone="yes"?>
<JPK xmlns="http://crd.gov.pl/wzor/2021/12/27/11148/" xmlns:ns2="http://crd.gov.pl/xml/schematy/dziedzinowe/mf/2021/06/08/eD/DefinicjeTypy/" xmlns:ns3="http://crd.gov.pl/wzor/2021/12/27/11149/">
    <Naglowek>
        <KodFormularza kodSystemowy="JPK_V7M (2)" wersjaSchemy="1-0E">JPK_VAT</KodFormularza>
        <WariantFormularza>2</WariantFormularza>
        <DataWytworzeniaJPK>2023-09-12T09:16:38.027Z</DataWytworzeniaJPK>
        <NazwaSystemu>Taxman</NazwaSystemu>
        <CelZlozenia poz="P_7">2</CelZlozenia>
        <KodUrzedu>3215</KodUrzedu>
        <Rok>2023</Rok>
        <Miesiac>7</Miesiac>
    </Naglowek>
    <Podmiot1 rola="Podatnik">
        <OsobaNiefizyczna>
            <NIP>8513183056</NIP>
            <PelnaNazwa>PEBE SP. Z O.O.</PelnaNazwa>
            <Email>w.daniluk@taxman.biz.pl</Email>
            <Telefon>539034444</Telefon>
        </OsobaNiefizyczna>
    </Podmiot1>
    <Deklaracja>
        <Naglowek>
            <KodFormularzaDekl kodSystemowy="VAT-7 (22)" kodPodatku="VAT" rodzajZobowiazania="Z" wersjaSchemy="1-0E">VAT-7</KodFormularzaDekl>
            <WariantFormularzaDekl>22</WariantFormularzaDekl>
        </Naglowek>
        <PozycjeSzczegolowe>
            <P_19>219169</P_19>
            <P_20>50409</P_20>
            <P_35>0</P_35>
            <P_37>219169</P_37>
            <P_38>50409</P_38>
            <P_39>0</P_39>
            <P_40>12800</P_40>
            <P_41>2944</P_41>
            <P_42>292480</P_42>
            <P_43>65788</P_43>
            <P_48>68732</P_48>
            <P_49>0</P_49>
            <P_51>0</P_51>
            <P_52>0</P_52>
            <P_53>18323</P_53>
            <P_62>18323</P_62>
        </PozycjeSzczegolowe>
        <Pouczenia>1</Pouczenia>
    </Deklaracja>
    <Ewidencja>
        <SprzedazWiersz>
            <LpSprzedazy>1</LpSprzedazy>
            <KodKrajuNadaniaTIN>PL</KodKrajuNadaniaTIN>
            <NrKontrahenta>8520002305</NrKontrahenta>
            <NazwaKontrahenta>"MOTO-SKLEP AUTO-BLACHY"  ELŻBIETA MAJCHER, Jarosław Majcher</NazwaKontrahenta>
            <DowodSprzedazy>FS 1/07/2023/MAG</DowodSprzedazy>
            <DataWystawienia>2023-07-03</DataWystawienia>
            <DataSprzedazy>2023-07-03</DataSprzedazy>
            <K_19>154.47</K_19>
            <K_20>35.53</K_20>
        </SprzedazWiersz>
        <SprzedazWiersz>
            <LpSprzedazy>2</LpSprzedazy>
            <KodKrajuNadaniaTIN>PL</KodKrajuNadaniaTIN>
            <NrKontrahenta>8513155315</NrKontrahenta>
            <NazwaKontrahenta>Jakol yacht kolenda, manikowska sp.</NazwaKontrahenta>
            <DowodSprzedazy>FS 2/07/2023/MAG</DowodSprzedazy>
            <DataWystawienia>2023-07-04</DataWystawienia>
            <DataSprzedazy>2023-07-04</DataSprzedazy>
            <K_19>760.00</K_19>
            <K_20>174.8</K_20>
        </SprzedazWiersz>
        <SprzedazWiersz>
            <LpSprzedazy>3</LpSprzedazy>
            <KodKrajuNadaniaTIN>PL</KodKrajuNadaniaTIN>
            <NrKontrahenta>8521045104</NrKontrahenta>
            <NazwaKontrahenta>Królikowski Stanisław</NazwaKontrahenta>
            <DowodSprzedazy>FS 3/07/2023/MAG</DowodSprzedazy>
            <DataWystawienia>2023-07-04</DataWystawienia>
            <DataSprzedazy>2023-07-04</DataSprzedazy>
            <K_19>2362.50</K_19>
            <K_20>543.38</K_20>
        </SprzedazWiersz>
        <SprzedazWiersz>
            <LpSprzedazy>4</LpSprzedazy>
            <KodKrajuNadaniaTIN>PL</KodKrajuNadaniaTIN>
            <NrKontrahenta>8511033275</NrKontrahenta>
            <NazwaKontrahenta>BARTEX Jarosław Bartnik</NazwaKontrahenta>
            <DowodSprzedazy>FS 4/07/2023/MAG</DowodSprzedazy>
            <DataWystawienia>2023-07-04</DataWystawienia>
            <DataSprzedazy>2023-07-04</DataSprzedazy>
            <K_19>600.00</K_19>
            <K_20>138.0</K_20>
        </SprzedazWiersz>
        <SprzedazWiersz>
            <LpSprzedazy>5</LpSprzedazy>
            <KodKrajuNadaniaTIN>PL</KodKrajuNadaniaTIN>
            <NrKontrahenta>7811655371</NrKontrahenta>
            <NazwaKontrahenta>ROKA Niewiadomski Sp kom.</NazwaKontrahenta>
            <DowodSprzedazy>FS 5/07/2023/MAG</DowodSprzedazy>
            <DataWystawienia>2023-07-04</DataWystawienia>
            <DataSprzedazy>2023-07-04</DataSprzedazy>
            <K_19>646.00</K_19>
            <K_20>148.58</K_20>
        </SprzedazWiersz>
        <SprzedazWiersz>
            <LpSprzedazy>6</LpSprzedazy>
            <KodKrajuNadaniaTIN>PL</KodKrajuNadaniaTIN>
            <NrKontrahenta>8522258411</NrKontrahenta>
            <NazwaKontrahenta>Pomeranian Timber S.A.</NazwaKontrahenta>
            <DowodSprzedazy>FS 6/07/2023/MAG</DowodSprzedazy>
            <DataWystawienia>2023-07-04</DataWystawienia>
            <DataSprzedazy>2023-07-04</DataSprzedazy>
            <K_19>4400.00</K_19>
            <K_20>1012.0</K_20>
        </SprzedazWiersz>
        <SprzedazWiersz>
            <LpSprzedazy>7</LpSprzedazy>
            <KodKrajuNadaniaTIN>PL</KodKrajuNadaniaTIN>
            <NrKontrahenta>8511862416</NrKontrahenta>
            <NazwaKontrahenta>R-M. Mieszalnia lakierów samochodowych i przemysłowych Joanna Antoniewicz</NazwaKontrahenta>
            <DowodSprzedazy>FS 7/07/2023/MAG</DowodSprzedazy>
            <DataWystawienia>2023-07-04</DataWystawienia>
            <DataSprzedazy>2023-07-04</DataSprzedazy>
            <K_19>366.00</K_19>
            <K_20>84.18</K_20>
        </SprzedazWiersz>
        <SprzedazWiersz>
            <LpSprzedazy>8</LpSprzedazy>
            <KodKrajuNadaniaTIN>PL</KodKrajuNadaniaTIN>
            <NrKontrahenta>8512806615</NrKontrahenta>
            <NazwaKontrahenta>Kulczyk Jan, Matuszak grzegorz</NazwaKontrahenta>
            <DowodSprzedazy>FS 11/07/2023/MAG</DowodSprzedazy>
            <DataWystawienia>2023-07-07</DataWystawienia>
            <DataSprzedazy>2023-07-04</DataSprzedazy>
            <K_19>162.60</K_19>
            <K_20>37.4</K_20>
        </SprzedazWiersz>
        <SprzedazWiersz>
            <LpSprzedazy>9</LpSprzedazy>
            <KodKrajuNadaniaTIN>PL</KodKrajuNadaniaTIN>
            <NrKontrahenta>8522382223</NrKontrahenta>
            <NazwaKontrahenta>Danolit</NazwaKontrahenta>
            <DowodSprzedazy>FS 8/07/2023/MAG</DowodSprzedazy>
            <DataWystawienia>2023-07-06</DataWystawienia>
            <DataSprzedazy>2023-07-06</DataSprzedazy>
            <K_19>1425.00</K_19>
            <K_20>327.75</K_20>
        </SprzedazWiersz>
        <SprzedazWiersz>
            <LpSprzedazy>10</LpSprzedazy>
            <KodKrajuNadaniaTIN>PL</KodKrajuNadaniaTIN>
            <NrKontrahenta>8510311909</NrKontrahenta>
            <NazwaKontrahenta>Kuda Truck Parts Sp. z o.o.</NazwaKontrahenta>
            <DowodSprzedazy>FS 9/07/2023/MAG</DowodSprzedazy>
            <DataWystawienia>2023-07-06</DataWystawienia>
            <DataSprzedazy>2023-07-06</DataSprzedazy>
            <K_19>2098.40</K_19>
            <K_20>482.63</K_20>
        </SprzedazWiersz>
        <SprzedazWiersz>
            <LpSprzedazy>11</LpSprzedazy>
            <KodKrajuNadaniaTIN>PL</KodKrajuNadaniaTIN>
            <NrKontrahenta>8521100694</NrKontrahenta>
            <NazwaKontrahenta>SZU F.H.U</NazwaKontrahenta>
            <DowodSprzedazy>FS 21/07/2023/MAG</DowodSprzedazy>
            <DataWystawienia>2023-07-10</DataWystawienia>
            <DataSprzedazy>2023-07-06</DataSprzedazy>
            <K_19>1288.94</K_19>
            <K_20>296.46</K_20>
        </SprzedazWiersz>
        <SprzedazWiersz>
            <LpSprzedazy>12</LpSprzedazy>
            <KodKrajuNadaniaTIN>PL</KodKrajuNadaniaTIN>
            <NrKontrahenta>8581555033</NrKontrahenta>
            <NazwaKontrahenta>FLOOREPOX Michał Wysota</NazwaKontrahenta>
            <DowodSprzedazy>FS 10/07/2023/MAG</DowodSprzedazy>
            <DataWystawienia>2023-07-06</DataWystawienia>
            <DataSprzedazy>2023-07-07</DataSprzedazy>
            <K_19>650.40</K_19>
            <K_20>149.59</K_20>
        </SprzedazWiersz>
        <SprzedazWiersz>
            <LpSprzedazy>13</LpSprzedazy>
            <KodKrajuNadaniaTIN>PL</KodKrajuNadaniaTIN>
            <NrKontrahenta>5971576969</NrKontrahenta>
            <NazwaKontrahenta>Antczak Marek</NazwaKontrahenta>
            <DowodSprzedazy>FS 12/07/2023/MAG</DowodSprzedazy>
            <DataWystawienia>2023-07-07</DataWystawienia>
            <DataSprzedazy>2023-07-07</DataSprzedazy>
            <K_19>1241.25</K_19>
            <K_20>285.49</K_20>
        </SprzedazWiersz>
        <SprzedazWiersz>
            <LpSprzedazy>14</LpSprzedazy>
            <KodKrajuNadaniaTIN>PL</KodKrajuNadaniaTIN>
            <NrKontrahenta>8521045104</NrKontrahenta>
            <NazwaKontrahenta>Królikowski Stanisław</NazwaKontrahenta>
            <DowodSprzedazy>FS 13/07/2023/MAG</DowodSprzedazy>
            <DataWystawienia>2023-07-07</DataWystawienia>
            <DataSprzedazy>2023-07-07</DataSprzedazy>
            <K_19>2520.00</K_19>
            <K_20>579.6</K_20>
        </SprzedazWiersz>
        <SprzedazWiersz>
            <LpSprzedazy>15</LpSprzedazy>
            <KodKrajuNadaniaTIN>PL</KodKrajuNadaniaTIN>
            <NrKontrahenta>8520001760</NrKontrahenta>
            <NazwaKontrahenta>FIRMA PRODUKCYJNO-HANDLOWA "FIN" S.C. LESZEK MAŚLAK,MAREK STRZELECKI</NazwaKontrahenta>
            <DowodSprzedazy>FS 14/07/2023/MAG</DowodSprzedazy>
            <DataWystawienia>2023-07-07</DataWystawienia>
            <DataSprzedazy>2023-07-07</DataSprzedazy>
            <K_19>342.68</K_19>
            <K_20>78.82</K_20>
        </SprzedazWiersz>
        <SprzedazWiersz>
            <LpSprzedazy>16</LpSprzedazy>
            <KodKrajuNadaniaTIN>PL</KodKrajuNadaniaTIN>
            <NrKontrahenta>8510004202</NrKontrahenta>
            <NazwaKontrahenta>Apex Sp. z o.o.</NazwaKontrahenta>
            <DowodSprzedazy>FS 15/07/2023/MAG</DowodSprzedazy>
            <DataWystawienia>2023-07-07</DataWystawienia>
            <DataSprzedazy>2023-07-07</DataSprzedazy>
            <K_19>2996.38</K_19>
            <K_20>689.17</K_20>
        </SprzedazWiersz>
        <SprzedazWiersz>
            <LpSprzedazy>17</LpSprzedazy>
            <KodKrajuNadaniaTIN>PL</KodKrajuNadaniaTIN>
            <NrKontrahenta>8521100694</NrKontrahenta>
            <NazwaKontrahenta>SZU F.H.U</NazwaKontrahenta>
            <DowodSprzedazy>FS 16/07/2023/MAG</DowodSprzedazy>
            <DataWystawienia>2023-07-10</DataWystawienia>
            <DataSprzedazy>2023-07-10</DataSprzedazy>
            <K_19>1092.68</K_19>
            <K_20>251.32</K_20>
        </SprzedazWiersz>
        <SprzedazWiersz>
            <LpSprzedazy>18</LpSprzedazy>
            <KodKrajuNadaniaTIN>PL</KodKrajuNadaniaTIN>
            <NrKontrahenta>9551361069</NrKontrahenta>
            <NazwaKontrahenta>Run-Trans Anna Czechyra </NazwaKontrahenta>
            <DowodSprzedazy>FS 17/07/2023/MAG</DowodSprzedazy>
            <DataWystawienia>2023-07-10</DataWystawienia>
            <DataSprzedazy>2023-07-10</DataSprzedazy>
            <K_19>5800.00</K_19>
            <K_20>1334.0</K_20>
        </SprzedazWiersz>
        <SprzedazWiersz>
            <LpSprzedazy>19</LpSprzedazy>
            <KodKrajuNadaniaTIN>PL</KodKrajuNadaniaTIN>
            <NrKontrahenta>5971576969</NrKontrahenta>
            <NazwaKontrahenta>Antczak Marek</NazwaKontrahenta>
            <DowodSprzedazy>FS 18/07/2023/MAG</DowodSprzedazy>
            <DataWystawienia>2023-07-10</DataWystawienia>
            <DataSprzedazy>2023-07-10</DataSprzedazy>
            <K_19>1064.44</K_19>
            <K_20>244.82</K_20>
        </SprzedazWiersz>
        <SprzedazWiersz>
            <LpSprzedazy>20</LpSprzedazy>
            <KodKrajuNadaniaTIN>PL</KodKrajuNadaniaTIN>
            <NrKontrahenta>8531189276</NrKontrahenta>
            <NazwaKontrahenta>Michałowski Robert</NazwaKontrahenta>
            <DowodSprzedazy>FS 19/07/2023/MAG</DowodSprzedazy>
            <DataWystawienia>2023-07-10</DataWystawienia>
            <DataSprzedazy>2023-07-10</DataSprzedazy>
            <K_19>555.00</K_19>
            <K_20>127.65</K_20>
        </SprzedazWiersz>
        <SprzedazWiersz>
            <LpSprzedazy>21</LpSprzedazy>
            <KodKrajuNadaniaTIN>PL</KodKrajuNadaniaTIN>
            <NrKontrahenta>5971525334</NrKontrahenta>
            <NazwaKontrahenta>Renowacja Mebli Usługi Stolarskie Daniel Sołtys</NazwaKontrahenta>
            <DowodSprzedazy>FS 20/07/2023/MAG</DowodSprzedazy>
            <DataWystawienia>2023-07-10</DataWystawienia>
            <DataSprzedazy>2023-07-10</DataSprzedazy>
            <K_19>677.00</K_19>
            <K_20>155.71</K_20>
        </SprzedazWiersz>
        <SprzedazWiersz>
            <LpSprzedazy>22</LpSprzedazy>
            <KodKrajuNadaniaTIN>PL</KodKrajuNadaniaTIN>
            <NrKontrahenta>6690407968</NrKontrahenta>
            <NazwaKontrahenta>Zakład usług pralniczych </NazwaKontrahenta>
            <DowodSprzedazy>FS 22/07/2023/MAG</DowodSprzedazy>
            <DataWystawienia>2023-07-31</DataWystawienia>
            <DataSprzedazy>2023-07-10</DataSprzedazy>
            <K_19>3190.00</K_19>
            <K_20>733.7</K_20>
        </SprzedazWiersz>
        <SprzedazWiersz>
            <LpSprzedazy>23</LpSprzedazy>
            <KodKrajuNadaniaTIN>PL</KodKrajuNadaniaTIN>
            <NrKontrahenta>9552298485</NrKontrahenta>
            <NazwaKontrahenta>DARSHIP Jan Chrobociński</NazwaKontrahenta>
            <DowodSprzedazy>FS 23/07/2023/MAG</DowodSprzedazy>
            <DataWystawienia>2023-07-11</DataWystawienia>
            <DataSprzedazy>2023-07-11</DataSprzedazy>
            <K_19>325.20</K_19>
            <K_20>74.8</K_20>
        </SprzedazWiersz>
        <SprzedazWiersz>
            <LpSprzedazy>24</LpSprzedazy>
            <KodKrajuNadaniaTIN>PL</KodKrajuNadaniaTIN>
            <NrKontrahenta>8521045104</NrKontrahenta>
            <NazwaKontrahenta>Królikowski Stanisław</NazwaKontrahenta>
            <DowodSprzedazy>FS 24/07/2023/MAG</DowodSprzedazy>
            <DataWystawienia>2023-07-11</DataWystawienia>
            <DataSprzedazy>2023-07-11</DataSprzedazy>
            <K_19>490.00</K_19>
            <K_20>112.7</K_20>
        </SprzedazWiersz>
        <SprzedazWiersz>
            <LpSprzedazy>25</LpSprzedazy>
            <KodKrajuNadaniaTIN>PL</KodKrajuNadaniaTIN>
            <NrKontrahenta>8522597923</NrKontrahenta>
            <NazwaKontrahenta>Gillespie International Sp. z o.o.</NazwaKontrahenta>
            <DowodSprzedazy>FS 25/07/2023/MAG</DowodSprzedazy>
            <DataWystawienia>2023-07-11</DataWystawienia>
            <DataSprzedazy>2023-07-11</DataSprzedazy>
            <K_19>95.00</K_19>
            <K_20>21.85</K_20>
        </SprzedazWiersz>
        <SprzedazWiersz>
            <LpSprzedazy>26</LpSprzedazy>
            <KodKrajuNadaniaTIN>PL</KodKrajuNadaniaTIN>
            <NrKontrahenta>8513155315</NrKontrahenta>
            <NazwaKontrahenta>Jakol yacht kolenda, manikowska sp.</NazwaKontrahenta>
            <DowodSprzedazy>FS 26/07/2023/MAG</DowodSprzedazy>
            <DataWystawienia>2023-07-11</DataWystawienia>
            <DataSprzedazy>2023-07-11</DataSprzedazy>
            <K_19>580.00</K_19>
            <K_20>133.4</K_20>
        </SprzedazWiersz>
        <SprzedazWiersz>
            <LpSprzedazy>27</LpSprzedazy>
            <KodKrajuNadaniaTIN>PL</KodKrajuNadaniaTIN>
            <NrKontrahenta>8531160137</NrKontrahenta>
            <NazwaKontrahenta>DALKE USŁUGI SPECJALISTYCZNE Piotr Dalke</NazwaKontrahenta>
            <DowodSprzedazy>FS 27/07/2023/MAG</DowodSprzedazy>
            <DataWystawienia>2023-07-11</DataWystawienia>
            <DataSprzedazy>2023-07-11</DataSprzedazy>
            <K_19>4236.30</K_19>
            <K_20>974.35</K_20>
        </SprzedazWiersz>
        <SprzedazWiersz>
            <LpSprzedazy>28</LpSprzedazy>
            <KodKrajuNadaniaTIN>PL</KodKrajuNadaniaTIN>
            <NrKontrahenta>8512731366</NrKontrahenta>
            <NazwaKontrahenta>Dobosz Daniel Dobosz </NazwaKontrahenta>
            <DowodSprzedazy>FS 38/07/2023/MAG</DowodSprzedazy>
            <DataWystawienia>2023-07-18</DataWystawienia>
            <DataSprzedazy>2023-07-11</DataSprzedazy>
            <K_19>1390.00</K_19>
            <K_20>319.7</K_20>
        </SprzedazWiersz>
        <SprzedazWiersz>
            <LpSprzedazy>29</LpSprzedazy>
            <KodKrajuNadaniaTIN>PL</KodKrajuNadaniaTIN>
            <NrKontrahenta>8942670710</NrKontrahenta>
            <NazwaKontrahenta>SERWIS NA LEWEJ Ewa Heller-nowosielska</NazwaKontrahenta>
            <DowodSprzedazy>FS 28/07/2023/MAG</DowodSprzedazy>
            <DataWystawienia>2023-07-31</DataWystawienia>
            <DataSprzedazy>2023-07-11</DataSprzedazy>
            <K_19>1836.00</K_19>
            <K_20>422.28</K_20>
        </SprzedazWiersz>
        <SprzedazWiersz>
            <LpSprzedazy>30</LpSprzedazy>
            <KodKrajuNadaniaTIN>PL</KodKrajuNadaniaTIN>
            <NrKontrahenta>8942670710</NrKontrahenta>
            <NazwaKontrahenta>SERWIS NA LEWEJ Ewa Heller-nowosielska</NazwaKontrahenta>
            <DowodSprzedazy>FS 29/07/2023/MAG</DowodSprzedazy>
            <DataWystawienia>2023-07-31</DataWystawienia>
            <DataSprzedazy>2023-07-11</DataSprzedazy>
            <K_19>1836.00</K_19>
            <K_20>422.28</K_20>
        </SprzedazWiersz>
        <SprzedazWiersz>
            <LpSprzedazy>31</LpSprzedazy>
            <KodKrajuNadaniaTIN>PL</KodKrajuNadaniaTIN>
            <NrKontrahenta>9570014771</NrKontrahenta>
            <NazwaKontrahenta>Mikro-Automatyka Michał Szypliński</NazwaKontrahenta>
            <DowodSprzedazy>FS 30/07/2023/MAG</DowodSprzedazy>
            <DataWystawienia>2023-07-11</DataWystawienia>
            <DataSprzedazy>2023-07-12</DataSprzedazy>
            <K_19>1480.00</K_19>
            <K_20>340.4</K_20>
        </SprzedazWiersz>
        <SprzedazWiersz>
            <LpSprzedazy>32</LpSprzedazy>
            <KodKrajuNadaniaTIN>PL</KodKrajuNadaniaTIN>
            <NrKontrahenta>8522258411</NrKontrahenta>
            <NazwaKontrahenta>Pomeranian Timber S.A.</NazwaKontrahenta>
            <DowodSprzedazy>FS 33/07/2023/MAG</DowodSprzedazy>
            <DataWystawienia>2023-07-13</DataWystawienia>
            <DataSprzedazy>2023-07-12</DataSprzedazy>
            <K_19>4400.00</K_19>
            <K_20>1012.0</K_20>
        </SprzedazWiersz>
        <SprzedazWiersz>
            <LpSprzedazy>33</LpSprzedazy>
            <KodKrajuNadaniaTIN>PL</KodKrajuNadaniaTIN>
            <NrKontrahenta>8512812113</NrKontrahenta>
            <NazwaKontrahenta>VIP STUDIO MEBLI WŁOSKICH Tomasz Piotrowski</NazwaKontrahenta>
            <DowodSprzedazy>FS 31/07/2023/MAG</DowodSprzedazy>
            <DataWystawienia>2023-07-13</DataWystawienia>
            <DataSprzedazy>2023-07-13</DataSprzedazy>
            <K_19>800.00</K_19>
            <K_20>184.0</K_20>
        </SprzedazWiersz>
        <SprzedazWiersz>
            <LpSprzedazy>34</LpSprzedazy>
            <KodKrajuNadaniaTIN>PL</KodKrajuNadaniaTIN>
            <NrKontrahenta>8510004202</NrKontrahenta>
            <NazwaKontrahenta>Apex Sp. z o.o.</NazwaKontrahenta>
            <DowodSprzedazy>FS 32/07/2023/MAG</DowodSprzedazy>
            <DataWystawienia>2023-07-13</DataWystawienia>
            <DataSprzedazy>2023-07-13</DataSprzedazy>
            <K_19>927.20</K_19>
            <K_20>213.26</K_20>
        </SprzedazWiersz>
        <SprzedazWiersz>
            <LpSprzedazy>35</LpSprzedazy>
            <KodKrajuNadaniaTIN>PL</KodKrajuNadaniaTIN>
            <NrKontrahenta>6690407968</NrKontrahenta>
            <NazwaKontrahenta>Zakład usług pralniczych </NazwaKontrahenta>
            <DowodSprzedazy>FS 34/07/2023/MAG</DowodSprzedazy>
            <DataWystawienia>2023-07-13</DataWystawienia>
            <DataSprzedazy>2023-07-14</DataSprzedazy>
            <K_19>3520.00</K_19>
            <K_20>809.6</K_20>
        </SprzedazWiersz>
        <SprzedazWiersz>
            <LpSprzedazy>36</LpSprzedazy>
            <KodKrajuNadaniaTIN>PL</KodKrajuNadaniaTIN>
            <NrKontrahenta>8521045104</NrKontrahenta>
            <NazwaKontrahenta>Królikowski Stanisław</NazwaKontrahenta>
            <DowodSprzedazy>FS 35/07/2023/MAG</DowodSprzedazy>
            <DataWystawienia>2023-07-17</DataWystawienia>
            <DataSprzedazy>2023-07-17</DataSprzedazy>
            <K_19>1260.00</K_19>
            <K_20>289.8</K_20>
        </SprzedazWiersz>
        <SprzedazWiersz>
            <LpSprzedazy>37</LpSprzedazy>
            <KodKrajuNadaniaTIN>PL</KodKrajuNadaniaTIN>
            <NrKontrahenta>8510109444</NrKontrahenta>
            <NazwaKontrahenta>SZCZECIŃSKA ENERGETYKA CIEPLNA sp. z o.o.</NazwaKontrahenta>
            <DowodSprzedazy>FS 36/07/2023/MAG</DowodSprzedazy>
            <DataWystawienia>2023-07-17</DataWystawienia>
            <DataSprzedazy>2023-07-17</DataSprzedazy>
            <K_19>1292.00</K_19>
            <K_20>297.16</K_20>
        </SprzedazWiersz>
        <SprzedazWiersz>
            <LpSprzedazy>38</LpSprzedazy>
            <KodKrajuNadaniaTIN>PL</KodKrajuNadaniaTIN>
            <NrKontrahenta>8513155315</NrKontrahenta>
            <NazwaKontrahenta>Jakol yacht kolenda, manikowska sp.</NazwaKontrahenta>
            <DowodSprzedazy>FS 37/07/2023/MAG</DowodSprzedazy>
            <DataWystawienia>2023-07-17</DataWystawienia>
            <DataSprzedazy>2023-07-17</DataSprzedazy>
            <K_19>702.52</K_19>
            <K_20>161.58</K_20>
        </SprzedazWiersz>
        <SprzedazWiersz>
            <LpSprzedazy>39</LpSprzedazy>
            <KodKrajuNadaniaTIN>PL</KodKrajuNadaniaTIN>
            <NrKontrahenta>8511153973</NrKontrahenta>
            <NazwaKontrahenta>TRANSMAL Adam Malita</NazwaKontrahenta>
            <DowodSprzedazy>FS 39/07/2023/MAG</DowodSprzedazy>
            <DataWystawienia>2023-07-19</DataWystawienia>
            <DataSprzedazy>2023-07-19</DataSprzedazy>
            <K_19>745.76</K_19>
            <K_20>171.52</K_20>
        </SprzedazWiersz>
        <SprzedazWiersz>
            <LpSprzedazy>40</LpSprzedazy>
            <KodKrajuNadaniaTIN>PL</KodKrajuNadaniaTIN>
            <NrKontrahenta>8510004202</NrKontrahenta>
            <NazwaKontrahenta>Apex Sp. z o.o.</NazwaKontrahenta>
            <DowodSprzedazy>FS 41/07/2023/MAG</DowodSprzedazy>
            <DataWystawienia>2023-07-19</DataWystawienia>
            <DataSprzedazy>2023-07-19</DataSprzedazy>
            <K_19>1340.00</K_19>
            <K_20>308.2</K_20>
        </SprzedazWiersz>
        <SprzedazWiersz>
            <LpSprzedazy>41</LpSprzedazy>
            <KodKrajuNadaniaTIN>PL</KodKrajuNadaniaTIN>
            <NrKontrahenta>8521045104</NrKontrahenta>
            <NazwaKontrahenta>Królikowski Stanisław</NazwaKontrahenta>
            <DowodSprzedazy>FS 61/07/2023/MAG</DowodSprzedazy>
            <DataWystawienia>2023-07-31</DataWystawienia>
            <DataSprzedazy>2023-07-19</DataSprzedazy>
            <K_19>205.80</K_19>
            <K_20>47.33</K_20>
        </SprzedazWiersz>
        <SprzedazWiersz>
            <LpSprzedazy>42</LpSprzedazy>
            <KodKrajuNadaniaTIN>PL</KodKrajuNadaniaTIN>
            <NrKontrahenta>8580003053</NrKontrahenta>
            <NazwaKontrahenta>Gryfskand Sp. z o.o.</NazwaKontrahenta>
            <DowodSprzedazy>FS 40/07/2023/MAG</DowodSprzedazy>
            <DataWystawienia>2023-07-19</DataWystawienia>
            <DataSprzedazy>2023-07-20</DataSprzedazy>
            <K_19>1550.00</K_19>
            <K_20>356.5</K_20>
        </SprzedazWiersz>
        <SprzedazWiersz>
            <LpSprzedazy>43</LpSprzedazy>
            <KodKrajuNadaniaTIN>PL</KodKrajuNadaniaTIN>
            <NrKontrahenta>8522226374</NrKontrahenta>
            <NazwaKontrahenta>"KRÓL" Paweł Król</NazwaKontrahenta>
            <DowodSprzedazy>FS 42/07/2023/MAG</DowodSprzedazy>
            <DataWystawienia>2023-07-19</DataWystawienia>
            <DataSprzedazy>2023-07-20</DataSprzedazy>
            <K_19>370.67</K_19>
            <K_20>85.25</K_20>
        </SprzedazWiersz>
        <SprzedazWiersz>
            <LpSprzedazy>44</LpSprzedazy>
            <KodKrajuNadaniaTIN>PL</KodKrajuNadaniaTIN>
            <NrKontrahenta>8511862416</NrKontrahenta>
            <NazwaKontrahenta>R-M. Mieszalnia lakierów samochodowych i przemysłowych Joanna Antoniewicz</NazwaKontrahenta>
            <DowodSprzedazy>FS 43/07/2023/MAG</DowodSprzedazy>
            <DataWystawienia>2023-07-20</DataWystawienia>
            <DataSprzedazy>2023-07-20</DataSprzedazy>
            <K_19>775.80</K_19>
            <K_20>178.43</K_20>
        </SprzedazWiersz>
        <SprzedazWiersz>
            <LpSprzedazy>45</LpSprzedazy>
            <KodKrajuNadaniaTIN>PL</KodKrajuNadaniaTIN>
            <NrKontrahenta>8511426632</NrKontrahenta>
            <NazwaKontrahenta>AKU COMPOSITES Sp. z o.o.</NazwaKontrahenta>
            <DowodSprzedazy>FS 44/07/2023/MAG</DowodSprzedazy>
            <DataWystawienia>2023-07-20</DataWystawienia>
            <DataSprzedazy>2023-07-20</DataSprzedazy>
            <K_19>4140.00</K_19>
            <K_20>952.2</K_20>
        </SprzedazWiersz>
        <SprzedazWiersz>
            <LpSprzedazy>46</LpSprzedazy>
            <KodKrajuNadaniaTIN>PL</KodKrajuNadaniaTIN>
            <NrKontrahenta>8520002305</NrKontrahenta>
            <NazwaKontrahenta>"MOTO-SKLEP AUTO-BLACHY"  ELŻBIETA MAJCHER, Jarosław Majcher</NazwaKontrahenta>
            <DowodSprzedazy>FS 45/07/2023/MAG</DowodSprzedazy>
            <DataWystawienia>2023-07-20</DataWystawienia>
            <DataSprzedazy>2023-07-20</DataSprzedazy>
            <K_19>123.58</K_19>
            <K_20>28.42</K_20>
        </SprzedazWiersz>
        <SprzedazWiersz>
            <LpSprzedazy>47</LpSprzedazy>
            <KodKrajuNadaniaTIN>PL</KodKrajuNadaniaTIN>
            <NrKontrahenta>8521045104</NrKontrahenta>
            <NazwaKontrahenta>Królikowski Stanisław</NazwaKontrahenta>
            <DowodSprzedazy>FS 47/07/2023/MAG</DowodSprzedazy>
            <DataWystawienia>2023-07-20</DataWystawienia>
            <DataSprzedazy>2023-07-20</DataSprzedazy>
            <K_19>2704.50</K_19>
            <K_20>622.04</K_20>
        </SprzedazWiersz>
        <SprzedazWiersz>
            <LpSprzedazy>48</LpSprzedazy>
            <KodKrajuNadaniaTIN>PL</KodKrajuNadaniaTIN>
            <NrKontrahenta>9551188547</NrKontrahenta>
            <NazwaKontrahenta>DJ Tuning Dariusz Jamniuk</NazwaKontrahenta>
            <DowodSprzedazy>FS 48/07/2023/MAG</DowodSprzedazy>
            <DataWystawienia>2023-07-20</DataWystawienia>
            <DataSprzedazy>2023-07-20</DataSprzedazy>
            <K_19>132.00</K_19>
            <K_20>30.36</K_20>
        </SprzedazWiersz>
        <SprzedazWiersz>
            <LpSprzedazy>49</LpSprzedazy>
            <KodKrajuNadaniaTIN>PL</KodKrajuNadaniaTIN>
            <NrKontrahenta>8522677651</NrKontrahenta>
            <NazwaKontrahenta>"ELEKTRONET" sp. z o.o.</NazwaKontrahenta>
            <DowodSprzedazy>FS 1/07/2023/MAG-FAKTURY</DowodSprzedazy>
            <DataWystawienia>2023-07-21</DataWystawienia>
            <DataSprzedazy>2023-07-21</DataSprzedazy>
            <K_19>3445.56</K_19>
            <K_20>792.48</K_20>
        </SprzedazWiersz>
        <SprzedazWiersz>
            <LpSprzedazy>50</LpSprzedazy>
            <KodKrajuNadaniaTIN>PL</KodKrajuNadaniaTIN>
            <NrKontrahenta>7761627087</NrKontrahenta>
            <NazwaKontrahenta>"HOLLYWOOD TEXTILE SERVICE" sp. z o.o.</NazwaKontrahenta>
            <DowodSprzedazy>FS 46/07/2023/MAG</DowodSprzedazy>
            <DataWystawienia>2023-07-20</DataWystawienia>
            <DataSprzedazy>2023-07-21</DataSprzedazy>
            <K_19>3100.00</K_19>
            <K_20>713.0</K_20>
        </SprzedazWiersz>
        <SprzedazWiersz>
            <LpSprzedazy>51</LpSprzedazy>
            <KodKrajuNadaniaTIN>PL</KodKrajuNadaniaTIN>
            <NrKontrahenta>8513255695</NrKontrahenta>
            <NazwaKontrahenta>HOSPES sp. z o.o.</NazwaKontrahenta>
            <DowodSprzedazy>FS 49/07/2023/MAG</DowodSprzedazy>
            <DataWystawienia>2023-07-21</DataWystawienia>
            <DataSprzedazy>2023-07-21</DataSprzedazy>
            <K_19>170.00</K_19>
            <K_20>39.1</K_20>
        </SprzedazWiersz>
        <SprzedazWiersz>
            <LpSprzedazy>52</LpSprzedazy>
            <KodKrajuNadaniaTIN>PL</KodKrajuNadaniaTIN>
            <NrKontrahenta>8590000926</NrKontrahenta>
            <NazwaKontrahenta>naft Turyst sp.j.</NazwaKontrahenta>
            <DowodSprzedazy>FS 50/07/2023/MAG</DowodSprzedazy>
            <DataWystawienia>2023-07-21</DataWystawienia>
            <DataSprzedazy>2023-07-21</DataSprzedazy>
            <K_19>1254.00</K_19>
            <K_20>288.42</K_20>
        </SprzedazWiersz>
        <SprzedazWiersz>
            <LpSprzedazy>53</LpSprzedazy>
            <KodKrajuNadaniaTIN>PL</KodKrajuNadaniaTIN>
            <NrKontrahenta>8521045104</NrKontrahenta>
            <NazwaKontrahenta>Królikowski Stanisław</NazwaKontrahenta>
            <DowodSprzedazy>FS 51/07/2023/MAG</DowodSprzedazy>
            <DataWystawienia>2023-07-24</DataWystawienia>
            <DataSprzedazy>2023-07-24</DataSprzedazy>
            <K_19>1443.08</K_19>
            <K_20>331.91</K_20>
        </SprzedazWiersz>
        <SprzedazWiersz>
            <LpSprzedazy>54</LpSprzedazy>
            <KodKrajuNadaniaTIN>PL</KodKrajuNadaniaTIN>
            <NrKontrahenta>8513135525</NrKontrahenta>
            <NazwaKontrahenta>Angelika Wasikowska Hyper Plastik Kompozyty</NazwaKontrahenta>
            <DowodSprzedazy>FS 52/07/2023/MAG</DowodSprzedazy>
            <DataWystawienia>2023-07-24</DataWystawienia>
            <DataSprzedazy>2023-07-24</DataSprzedazy>
            <K_19>390.24</K_19>
            <K_20>89.76</K_20>
        </SprzedazWiersz>
        <SprzedazWiersz>
            <LpSprzedazy>55</LpSprzedazy>
            <KodKrajuNadaniaTIN>PL</KodKrajuNadaniaTIN>
            <NrKontrahenta>8512041354</NrKontrahenta>
            <NazwaKontrahenta>Sel Wojciech Markiewicz</NazwaKontrahenta>
            <DowodSprzedazy>FS 53/07/2023/MAG</DowodSprzedazy>
            <DataWystawienia>2023-07-24</DataWystawienia>
            <DataSprzedazy>2023-07-25</DataSprzedazy>
            <K_19>682.93</K_19>
            <K_20>157.07</K_20>
        </SprzedazWiersz>
        <SprzedazWiersz>
            <LpSprzedazy>56</LpSprzedazy>
            <KodKrajuNadaniaTIN>PL</KodKrajuNadaniaTIN>
            <NrKontrahenta>8513155315</NrKontrahenta>
            <NazwaKontrahenta>Jakol yacht kolenda, manikowska sp.</NazwaKontrahenta>
            <DowodSprzedazy>FS 54/07/2023/MAG</DowodSprzedazy>
            <DataWystawienia>2023-07-25</DataWystawienia>
            <DataSprzedazy>2023-07-25</DataSprzedazy>
            <K_19>708.00</K_19>
            <K_20>162.84</K_20>
        </SprzedazWiersz>
        <SprzedazWiersz>
            <LpSprzedazy>57</LpSprzedazy>
            <KodKrajuNadaniaTIN>PL</KodKrajuNadaniaTIN>
            <NrKontrahenta>7671607218</NrKontrahenta>
            <NazwaKontrahenta>NODO Meble Maciej Kozłowski</NazwaKontrahenta>
            <DowodSprzedazy>FS 55/07/2023/MAG</DowodSprzedazy>
            <DataWystawienia>2023-07-25</DataWystawienia>
            <DataSprzedazy>2023-07-25</DataSprzedazy>
            <K_19>408.00</K_19>
            <K_20>93.84</K_20>
        </SprzedazWiersz>
        <SprzedazWiersz>
            <LpSprzedazy>58</LpSprzedazy>
            <KodKrajuNadaniaTIN>PL</KodKrajuNadaniaTIN>
            <NrKontrahenta>8510109444</NrKontrahenta>
            <NazwaKontrahenta>SZCZECIŃSKA ENERGETYKA CIEPLNA sp. z o.o.</NazwaKontrahenta>
            <DowodSprzedazy>FS 56/07/2023/MAG</DowodSprzedazy>
            <DataWystawienia>2023-07-28</DataWystawienia>
            <DataSprzedazy>2023-07-28</DataSprzedazy>
            <K_19>45560.00</K_19>
            <K_20>10478.8</K_20>
        </SprzedazWiersz>
        <SprzedazWiersz>
            <LpSprzedazy>59</LpSprzedazy>
            <KodKrajuNadaniaTIN>PL</KodKrajuNadaniaTIN>
            <NrKontrahenta>6690407968</NrKontrahenta>
            <NazwaKontrahenta>Zakład usług pralniczych </NazwaKontrahenta>
            <DowodSprzedazy>FS 60/07/2023/MAG</DowodSprzedazy>
            <DataWystawienia>2023-07-31</DataWystawienia>
            <DataSprzedazy>2023-07-28</DataSprzedazy>
            <K_19>3670.00</K_19>
            <K_20>844.1</K_20>
        </SprzedazWiersz>
        <SprzedazWiersz>
            <LpSprzedazy>60</LpSprzedazy>
            <KodKrajuNadaniaTIN>PL</KodKrajuNadaniaTIN>
            <NrKontrahenta>8513183056</NrKontrahenta>
            <NazwaKontrahenta>PEBE sp. z o.o.</NazwaKontrahenta>
            <DowodSprzedazy>07/2023</DowodSprzedazy>
            <DataWystawienia>2023-07-31</DataWystawienia>
            <DataSprzedazy>2023-07-31</DataSprzedazy>
            <TypDokumentu>RO</TypDokumentu>
            <K_19>244.71</K_19>
            <K_20>56.29</K_20>
        </SprzedazWiersz>
        <SprzedazWiersz>
            <LpSprzedazy>61</LpSprzedazy>
            <KodKrajuNadaniaTIN>PL</KodKrajuNadaniaTIN>
            <NrKontrahenta>9552298485</NrKontrahenta>
            <NazwaKontrahenta>DARSHIP Jan Chrobociński</NazwaKontrahenta>
            <DowodSprzedazy>FS 57/07/2023/MAG</DowodSprzedazy>
            <DataWystawienia>2023-07-31</DataWystawienia>
            <DataSprzedazy>2023-07-31</DataSprzedazy>
            <K_19>252.60</K_19>
            <K_20>58.1</K_20>
        </SprzedazWiersz>
        <SprzedazWiersz>
            <LpSprzedazy>62</LpSprzedazy>
            <KodKrajuNadaniaTIN>PL</KodKrajuNadaniaTIN>
            <NrKontrahenta>8511426632</NrKontrahenta>
            <NazwaKontrahenta>AKU COMPOSITES Sp. z o.o.</NazwaKontrahenta>
            <DowodSprzedazy>FS 58/07/2023/MAG</DowodSprzedazy>
            <DataWystawienia>2023-07-31</DataWystawienia>
            <DataSprzedazy>2023-07-31</DataSprzedazy>
            <K_19>4080.00</K_19>
            <K_20>938.4</K_20>
        </SprzedazWiersz>
        <SprzedazWiersz>
            <LpSprzedazy>63</LpSprzedazy>
            <KodKrajuNadaniaTIN>PL</KodKrajuNadaniaTIN>
            <NrKontrahenta>8943126836</NrKontrahenta>
            <NazwaKontrahenta>PM-KOLOR MAREK PRZERWANEK, PAWEŁ MACIEJOWSKI Spółka Jawna</NazwaKontrahenta>
            <DowodSprzedazy>FS 59/07/2023/MAG</DowodSprzedazy>
            <DataWystawienia>2023-07-31</DataWystawienia>
            <DataSprzedazy>2023-07-31</DataSprzedazy>
            <K_19>1555.85</K_19>
            <K_20>357.85</K_20>
        </SprzedazWiersz>
        <SprzedazWiersz>
            <LpSprzedazy>64</LpSprzedazy>
            <KodKrajuNadaniaTIN>PL</KodKrajuNadaniaTIN>
            <NrKontrahenta>8510109444</NrKontrahenta>
            <NazwaKontrahenta>SZCZECIŃSKA ENERGETYKA CIEPLNA sp. z o.o.</NazwaKontrahenta>
            <DowodSprzedazy>FS 62/07/2023/MAG</DowodSprzedazy>
            <DataWystawienia>2023-07-31</DataWystawienia>
            <DataSprzedazy>2023-07-31</DataSprzedazy>
            <K_19>78418.80</K_19>
            <K_20>18036.32</K_20>
        </SprzedazWiersz>
        <SprzedazWiersz>
            <LpSprzedazy>65</LpSprzedazy>
            <KodKrajuNadaniaTIN>PL</KodKrajuNadaniaTIN>
            <NrKontrahenta>8510200736</NrKontrahenta>
            <NazwaKontrahenta>Dekordom Paweł Chmiel</NazwaKontrahenta>
            <DowodSprzedazy>FS 63/07/2023/MAG</DowodSprzedazy>
            <DataWystawienia>2023-07-31</DataWystawienia>
            <DataSprzedazy>2023-07-31</DataSprzedazy>
            <K_19>2132.93</K_19>
            <K_20>490.57</K_20>
        </SprzedazWiersz>
        <SprzedazCtrl>
            <LiczbaWierszySprzedazy>65</LiczbaWierszySprzedazy>
            <PodatekNalezny>50408.84</PodatekNalezny>
        </SprzedazCtrl>
        <ZakupWiersz>
            <LpZakupu>1</LpZakupu>
            <KodKrajuNadaniaTIN>PL</KodKrajuNadaniaTIN>
            <NrDostawcy>5270104717</NrDostawcy>
            <NazwaDostawcy>GEODIS Road Network Sp. z o.o.</NazwaDostawcy>
            <DowodZakupu>FSZ/23LTLD/01088</DowodZakupu>
            <DataZakupu>2023-06-27</DataZakupu>
            <DataWplywu>2023-07-31</DataWplywu>
            <K_42>241.39</K_42>
            <K_43>55.52</K_43>
        </ZakupWiersz>
        <ZakupWiersz>
            <LpZakupu>2</LpZakupu>
            <KodKrajuNadaniaTIN>PL</KodKrajuNadaniaTIN>
            <NrDostawcy>7010331788</NrDostawcy>
            <NazwaDostawcy>POLISH FORWARDING COMPANY sp. z o.o.</NazwaDostawcy>
            <DowodZakupu>001590/F02/2023</DowodZakupu>
            <DataZakupu>2023-06-30</DataZakupu>
            <DataWplywu>2023-07-31</DataWplywu>
            <K_42>2718.65</K_42>
            <K_43>625.29</K_43>
        </ZakupWiersz>
        <ZakupWiersz>
            <LpZakupu>3</LpZakupu>
            <KodKrajuNadaniaTIN>PL</KodKrajuNadaniaTIN>
            <NrDostawcy>6692252926</NrDostawcy>
            <NazwaDostawcy>Sobczak Kacper </NazwaDostawcy>
            <DowodZakupu>151/23</DowodZakupu>
            <DataZakupu>2023-07-03</DataZakupu>
            <DataWplywu>2023-07-31</DataWplywu>
            <DokumentZakupu>MK</DokumentZakupu>
            <K_42>1300.00</K_42>
            <K_43>299.0</K_43>
        </ZakupWiersz>
        <ZakupWiersz>
            <LpZakupu>4</LpZakupu>
            <KodKrajuNadaniaTIN>PL</KodKrajuNadaniaTIN>
            <NrDostawcy>5270011878</NrDostawcy>
            <NazwaDostawcy>ANWIM S.A.</NazwaDostawcy>
            <DowodZakupu>2700398294</DowodZakupu>
            <DataZakupu>2023-07-03</DataZakupu>
            <DataWplywu>2023-07-31</DataWplywu>
            <K_42>964.12</K_42>
            <K_43>110.88</K_43>
        </ZakupWiersz>
        <ZakupWiersz>
            <LpZakupu>5</LpZakupu>
            <KodKrajuNadaniaTIN>PL</KodKrajuNadaniaTIN>
            <NrDostawcy>5831023182</NrDostawcy>
            <NazwaDostawcy>MOL POLSKA sp. z o.o.</NazwaDostawcy>
            <DowodZakupu>FLBG/112421/2023</DowodZakupu>
            <DataZakupu>2023-07-03</DataZakupu>
            <DataWplywu>2023-07-31</DataWplywu>
            <K_42>92.28</K_42>
            <K_43>10.61</K_43>
        </ZakupWiersz>
        <ZakupWiersz>
            <LpZakupu>6</LpZakupu>
            <KodKrajuNadaniaTIN>PL</KodKrajuNadaniaTIN>
            <NrDostawcy>8991002121</NrDostawcy>
            <NazwaDostawcy>VIDEOJET TECHNOLOGIES sp. z o.o.</NazwaDostawcy>
            <DowodZakupu>FVS/2023/07/0069</DowodZakupu>
            <DataZakupu>2023-07-04</DataZakupu>
            <DataWplywu>2023-07-31</DataWplywu>
            <K_40>12800.00</K_40>
            <K_41>2944.0</K_41>
        </ZakupWiersz>
        <ZakupWiersz>
            <LpZakupu>7</LpZakupu>
            <KodKrajuNadaniaTIN>PL</KodKrajuNadaniaTIN>
            <NrDostawcy>5270011878</NrDostawcy>
            <NazwaDostawcy>ANWIM S.A.</NazwaDostawcy>
            <DowodZakupu>FV/1/411/9/04/07/2023</DowodZakupu>
            <DataZakupu>2023-07-04</DataZakupu>
            <DataWplywu>2023-07-04</DataWplywu>
            <K_42>227.64</K_42>
            <K_43>26.18</K_43>
        </ZakupWiersz>
        <ZakupWiersz>
            <LpZakupu>8</LpZakupu>
            <KodKrajuNadaniaTIN>PL</KodKrajuNadaniaTIN>
            <NrDostawcy>8511011285</NrDostawcy>
            <NazwaDostawcy>Stok emballering poland sp. z o.o.</NazwaDostawcy>
            <DowodZakupu>1658/01/2023/FVS</DowodZakupu>
            <DataZakupu>2023-07-04</DataZakupu>
            <DataWplywu>2023-07-31</DataWplywu>
            <K_42>332.00</K_42>
            <K_43>76.36</K_43>
        </ZakupWiersz>
        <ZakupWiersz>
            <LpZakupu>9</LpZakupu>
            <KodKrajuNadaniaTIN>PL</KodKrajuNadaniaTIN>
            <NrDostawcy>8511005008</NrDostawcy>
            <NazwaDostawcy>" TAXMAN " BIURO RACHUNKOWE Grzegorz Grzelczyk</NazwaDostawcy>
            <DowodZakupu>7/202305/PEBE05</DowodZakupu>
            <DataZakupu>2023-07-04</DataZakupu>
            <DataWplywu>2023-07-31</DataWplywu>
            <K_42>1794.00</K_42>
            <K_43>412.62</K_43>
        </ZakupWiersz>
        <ZakupWiersz>
            <LpZakupu>10</LpZakupu>
            <KodKrajuNadaniaTIN>PL</KodKrajuNadaniaTIN>
            <NrDostawcy>6312268448</NrDostawcy>
            <NazwaDostawcy>Przedsiębiorstwo Przemysłowo Handlowe STANLAB Sp.J P. Mączka, J.Krawczyk</NazwaDostawcy>
            <DowodZakupu>23G01138</DowodZakupu>
            <DataZakupu>2023-07-04</DataZakupu>
            <DataWplywu>2023-07-31</DataWplywu>
            <K_42>1260.00</K_42>
            <K_43>289.8</K_43>
        </ZakupWiersz>
        <ZakupWiersz>
            <LpZakupu>11</LpZakupu>
            <KodKrajuNadaniaTIN>PL</KodKrajuNadaniaTIN>
            <NrDostawcy>8521021262</NrDostawcy>
            <NazwaDostawcy>SUNFLOWER DERMICOS Gabriela Karp</NazwaDostawcy>
            <DowodZakupu>288/MAG/2023</DowodZakupu>
            <DataZakupu>2023-07-05</DataZakupu>
            <DataWplywu>2023-07-31</DataWplywu>
            <K_42>4568.91</K_42>
            <K_43>1050.85</K_43>
        </ZakupWiersz>
        <ZakupWiersz>
            <LpZakupu>12</LpZakupu>
            <KodKrajuNadaniaTIN>PL</KodKrajuNadaniaTIN>
            <NrDostawcy>8521021262</NrDostawcy>
            <NazwaDostawcy>SUNFLOWER DERMICOS Gabriela Karp</NazwaDostawcy>
            <DowodZakupu>289/MAG/2023</DowodZakupu>
            <DataZakupu>2023-07-05</DataZakupu>
            <DataWplywu>2023-07-31</DataWplywu>
            <K_42>143.74</K_42>
            <K_43>33.06</K_43>
        </ZakupWiersz>
        <ZakupWiersz>
            <LpZakupu>13</LpZakupu>
            <KodKrajuNadaniaTIN>PL</KodKrajuNadaniaTIN>
            <NrDostawcy>8511131919</NrDostawcy>
            <NazwaDostawcy>SPECCHEM FIRMA KONSULTINGOWA Krzysztof Kapczyński</NazwaDostawcy>
            <DowodZakupu>05/07/2023</DowodZakupu>
            <DataZakupu>2023-07-05</DataZakupu>
            <DataWplywu>2023-07-31</DataWplywu>
            <K_42>550.00</K_42>
            <K_43>126.5</K_43>
        </ZakupWiersz>
        <ZakupWiersz>
            <LpZakupu>14</LpZakupu>
            <KodKrajuNadaniaTIN>PL</KodKrajuNadaniaTIN>
            <NrDostawcy>8510307486</NrDostawcy>
            <NazwaDostawcy>PRZEDSIĘBIORSTWO UŻYTECZNOŚCI PUBLICZNEJ TRANS-NET S.A.</NazwaDostawcy>
            <DowodZakupu>0243/KO/06/2023</DowodZakupu>
            <DataZakupu>2023-07-05</DataZakupu>
            <DataWplywu>2023-07-31</DataWplywu>
            <K_42>111.49</K_42>
            <K_43>8.92</K_43>
        </ZakupWiersz>
        <ZakupWiersz>
            <LpZakupu>15</LpZakupu>
            <KodKrajuNadaniaTIN>PL</KodKrajuNadaniaTIN>
            <NrDostawcy>7791011327</NrDostawcy>
            <NazwaDostawcy>JERONIMO MARTINS POLSKA S.A.</NazwaDostawcy>
            <DowodZakupu>4157F00657/0723</DowodZakupu>
            <DataZakupu>2023-07-05</DataZakupu>
            <DataWplywu>2023-07-31</DataWplywu>
            <K_42>55.88</K_42>
            <K_43>10.28</K_43>
        </ZakupWiersz>
        <ZakupWiersz>
            <LpZakupu>16</LpZakupu>
            <KodKrajuNadaniaTIN>PL</KodKrajuNadaniaTIN>
            <NrDostawcy>8561849748</NrDostawcy>
            <NazwaDostawcy>Agroskład Nowakowski Spółka Jawna</NazwaDostawcy>
            <DowodZakupu>sor/27/07/23</DowodZakupu>
            <DataZakupu>2023-07-06</DataZakupu>
            <DataWplywu>2023-07-06</DataWplywu>
            <K_42>177.78</K_42>
            <K_43>14.22</K_43>
        </ZakupWiersz>
        <ZakupWiersz>
            <LpZakupu>17</LpZakupu>
            <KodKrajuNadaniaTIN>PL</KodKrajuNadaniaTIN>
            <NrDostawcy>8561849748</NrDostawcy>
            <NazwaDostawcy>Agroskład Nowakowski Spółka Jawna</NazwaDostawcy>
            <DowodZakupu>SKL/36/07/23</DowodZakupu>
            <DataZakupu>2023-07-06</DataZakupu>
            <DataWplywu>2023-07-31</DataWplywu>
            <K_42>114.63</K_42>
            <K_43>9.17</K_43>
        </ZakupWiersz>
        <ZakupWiersz>
            <LpZakupu>18</LpZakupu>
            <KodKrajuNadaniaTIN>PL</KodKrajuNadaniaTIN>
            <NrDostawcy>9552383759</NrDostawcy>
            <NazwaDostawcy>Respol Polska Sp. z o.o.</NazwaDostawcy>
            <DowodZakupu>184/07/2023/MAG</DowodZakupu>
            <DataZakupu>2023-07-06</DataZakupu>
            <DataWplywu>2023-07-31</DataWplywu>
            <K_42>274.95</K_42>
            <K_43>63.24</K_43>
        </ZakupWiersz>
        <ZakupWiersz>
            <LpZakupu>19</LpZakupu>
            <KodKrajuNadaniaTIN>PL</KodKrajuNadaniaTIN>
            <NrDostawcy>7811897358</NrDostawcy>
            <NazwaDostawcy>LIDL sp. z o.o. sp.k.</NazwaDostawcy>
            <DowodZakupu>1646/00115/060723/82</DowodZakupu>
            <DataZakupu>2023-07-06</DataZakupu>
            <DataWplywu>2023-07-31</DataWplywu>
            <K_42>149.47</K_42>
            <K_43>34.38</K_43>
        </ZakupWiersz>
        <ZakupWiersz>
            <LpZakupu>20</LpZakupu>
            <KodKrajuNadaniaTIN>PL</KodKrajuNadaniaTIN>
            <NrDostawcy>5261009190</NrDostawcy>
            <NazwaDostawcy>SHELL POLSKA sp. z o.o.</NazwaDostawcy>
            <DowodZakupu>7179K1/4115/23</DowodZakupu>
            <DataZakupu>2023-07-06</DataZakupu>
            <DataWplywu>2023-07-31</DataWplywu>
            <K_42>49.64</K_42>
            <K_43>5.71</K_43>
        </ZakupWiersz>
        <ZakupWiersz>
            <LpZakupu>21</LpZakupu>
            <KodKrajuNadaniaTIN>PL</KodKrajuNadaniaTIN>
            <NrDostawcy>5250007313</NrDostawcy>
            <NazwaDostawcy>"POCZTA POLSKA S.A."</NazwaDostawcy>
            <DowodZakupu>F00566_P0723TZ</DowodZakupu>
            <DataZakupu>2023-07-07</DataZakupu>
            <DataWplywu>2023-07-31</DataWplywu>
            <K_42>1791.38</K_42>
            <K_43>412.02</K_43>
        </ZakupWiersz>
        <ZakupWiersz>
            <LpZakupu>22</LpZakupu>
            <KodKrajuNadaniaTIN>PL</KodKrajuNadaniaTIN>
            <NrDostawcy>6312268448</NrDostawcy>
            <NazwaDostawcy>Przedsiębiorstwo Przemysłowo Handlowe STANLAB Sp.J P. Mączka, J.Krawczyk</NazwaDostawcy>
            <DowodZakupu>23G01156</DowodZakupu>
            <DataZakupu>2023-07-10</DataZakupu>
            <DataWplywu>2023-07-31</DataWplywu>
            <K_42>3300.00</K_42>
            <K_43>759.0</K_43>
        </ZakupWiersz>
        <ZakupWiersz>
            <LpZakupu>23</LpZakupu>
            <KodKrajuNadaniaTIN>PL</KodKrajuNadaniaTIN>
            <NrDostawcy>1231077374</NrDostawcy>
            <NazwaDostawcy>ESOLL Sp. z o.o.</NazwaDostawcy>
            <DowodZakupu>104/MG/07/2023</DowodZakupu>
            <DataZakupu>2023-07-10</DataZakupu>
            <DataWplywu>2023-07-31</DataWplywu>
            <K_42>8800.00</K_42>
            <K_43>2024.0</K_43>
        </ZakupWiersz>
        <ZakupWiersz>
            <LpZakupu>24</LpZakupu>
            <KodKrajuNadaniaTIN>PL</KodKrajuNadaniaTIN>
            <NrDostawcy>5560800684</NrDostawcy>
            <NazwaDostawcy>INOWROCŁAWSKIE KOPALNIE SOLI "SOLINO" S.A.</NazwaDostawcy>
            <DowodZakupu>1611011859</DowodZakupu>
            <DataZakupu>2023-07-10</DataZakupu>
            <DataWplywu>2023-07-31</DataWplywu>
            <K_42>28800.00</K_42>
            <K_43>6624.0</K_43>
        </ZakupWiersz>
        <ZakupWiersz>
            <LpZakupu>25</LpZakupu>
            <KodKrajuNadaniaTIN>PL</KodKrajuNadaniaTIN>
            <NrDostawcy>1130089950</NrDostawcy>
            <NazwaDostawcy>"LEROY-MERLIN POLSKA" sp. z o.o.</NazwaDostawcy>
            <DowodZakupu>031-047-000047 2311 </DowodZakupu>
            <DataZakupu>2023-07-10</DataZakupu>
            <DataWplywu>2023-07-31</DataWplywu>
            <K_42>210.18</K_42>
            <K_43>48.34</K_43>
        </ZakupWiersz>
        <ZakupWiersz>
            <LpZakupu>26</LpZakupu>
            <KodKrajuNadaniaTIN>PL</KodKrajuNadaniaTIN>
            <NrDostawcy>5261009190</NrDostawcy>
            <NazwaDostawcy>SHELL POLSKA sp. z o.o.</NazwaDostawcy>
            <DowodZakupu>7282K1/4115/23</DowodZakupu>
            <DataZakupu>2023-07-10</DataZakupu>
            <DataWplywu>2023-07-31</DataWplywu>
            <K_42>89.26</K_42>
            <K_43>10.27</K_43>
        </ZakupWiersz>
        <ZakupWiersz>
            <LpZakupu>27</LpZakupu>
            <KodKrajuNadaniaTIN>PL</KodKrajuNadaniaTIN>
            <NrDostawcy>9442272102</NrDostawcy>
            <NazwaDostawcy>VALANT s.c. Grzegorz Kotarba, Mateusz Kotarba</NazwaDostawcy>
            <DowodZakupu>FS/41/07/2023</DowodZakupu>
            <DataZakupu>2023-07-11</DataZakupu>
            <DataWplywu>2023-07-31</DataWplywu>
            <K_42>224.10</K_42>
            <K_43>51.54</K_43>
        </ZakupWiersz>
        <ZakupWiersz>
            <LpZakupu>28</LpZakupu>
            <KodKrajuNadaniaTIN>PL</KodKrajuNadaniaTIN>
            <NrDostawcy>7540336144</NrDostawcy>
            <NazwaDostawcy>ZAKŁADY WAPIENNICZE LHOIST S.A.</NazwaDostawcy>
            <DowodZakupu>1123009426</DowodZakupu>
            <DataZakupu>2023-07-11</DataZakupu>
            <DataWplywu>2023-07-31</DataWplywu>
            <K_42>3200.00</K_42>
            <K_43>736.0</K_43>
        </ZakupWiersz>
        <ZakupWiersz>
            <LpZakupu>29</LpZakupu>
            <KodKrajuNadaniaTIN>PL</KodKrajuNadaniaTIN>
            <NrDostawcy>8511131919</NrDostawcy>
            <NazwaDostawcy>SPECCHEM FIRMA KONSULTINGOWA Krzysztof Kapczyński</NazwaDostawcy>
            <DowodZakupu>07/07/2023</DowodZakupu>
            <DataZakupu>2023-07-11</DataZakupu>
            <DataWplywu>2023-07-31</DataWplywu>
            <K_42>550.00</K_42>
            <K_43>126.5</K_43>
        </ZakupWiersz>
        <ZakupWiersz>
            <LpZakupu>30</LpZakupu>
            <KodKrajuNadaniaTIN>PL</KodKrajuNadaniaTIN>
            <NrDostawcy>9552264345</NrDostawcy>
            <NazwaDostawcy>Polmotor Sp. z o.o.</NazwaDostawcy>
            <DowodZakupu>570</DowodZakupu>
            <DataZakupu>2023-07-11</DataZakupu>
            <DataWplywu>2023-07-31</DataWplywu>
            <K_42>1626.02</K_42>
            <K_43>373.98</K_43>
        </ZakupWiersz>
        <ZakupWiersz>
            <LpZakupu>31</LpZakupu>
            <KodKrajuNadaniaTIN>PL</KodKrajuNadaniaTIN>
            <NrDostawcy>8542291475</NrDostawcy>
            <NazwaDostawcy>METALIK Sp. z o.o.</NazwaDostawcy>
            <DowodZakupu>459/MAG/07/2023</DowodZakupu>
            <DataZakupu>2023-07-12</DataZakupu>
            <DataWplywu>2023-07-31</DataWplywu>
            <K_42>14.55</K_42>
            <K_43>3.35</K_43>
        </ZakupWiersz>
        <ZakupWiersz>
            <LpZakupu>32</LpZakupu>
            <KodKrajuNadaniaTIN>PL</KodKrajuNadaniaTIN>
            <NrDostawcy>8540022972</NrDostawcy>
            <NazwaDostawcy>Teksik Handel, Usługi Henryk Dąbrowski</NazwaDostawcy>
            <DowodZakupu>8875/2023</DowodZakupu>
            <DataZakupu>2023-07-12</DataZakupu>
            <DataWplywu>2023-07-31</DataWplywu>
            <K_42>16.26</K_42>
            <K_43>3.74</K_43>
        </ZakupWiersz>
        <ZakupWiersz>
            <LpZakupu>33</LpZakupu>
            <KodKrajuNadaniaTIN>PL</KodKrajuNadaniaTIN>
            <NrDostawcy>8540022972</NrDostawcy>
            <NazwaDostawcy>Teksik Handel, Usługi Henryk Dąbrowski</NazwaDostawcy>
            <DowodZakupu>8880/2023</DowodZakupu>
            <DataZakupu>2023-07-12</DataZakupu>
            <DataWplywu>2023-07-31</DataWplywu>
            <K_42>9.76</K_42>
            <K_43>2.24</K_43>
        </ZakupWiersz>
        <ZakupWiersz>
            <LpZakupu>34</LpZakupu>
            <KodKrajuNadaniaTIN>PL</KodKrajuNadaniaTIN>
            <NrDostawcy>8542349938</NrDostawcy>
            <NazwaDostawcy>Lachowicz s.c. </NazwaDostawcy>
            <DowodZakupu>FAS/477/2023</DowodZakupu>
            <DataZakupu>2023-07-12</DataZakupu>
            <DataWplywu>2023-07-31</DataWplywu>
            <K_42>113.01</K_42>
            <K_43>12.99</K_43>
        </ZakupWiersz>
        <ZakupWiersz>
            <LpZakupu>35</LpZakupu>
            <KodKrajuNadaniaTIN>PL</KodKrajuNadaniaTIN>
            <NrDostawcy>5261040567</NrDostawcy>
            <NazwaDostawcy>T mobile Polska SA</NazwaDostawcy>
            <DowodZakupu>510028560723</DowodZakupu>
            <DataZakupu>2023-07-13</DataZakupu>
            <DataWplywu>2023-07-31</DataWplywu>
            <K_42>284.64</K_42>
            <K_43>65.47</K_43>
        </ZakupWiersz>
        <ZakupWiersz>
            <LpZakupu>36</LpZakupu>
            <KodKrajuNadaniaTIN>PL</KodKrajuNadaniaTIN>
            <NrDostawcy>7791011327</NrDostawcy>
            <NazwaDostawcy>JERONIMO MARTINS POLSKA S.A.</NazwaDostawcy>
            <DowodZakupu>5228230713179104</DowodZakupu>
            <DataZakupu>2023-07-13</DataZakupu>
            <DataWplywu>2023-07-31</DataWplywu>
            <K_42>89.21</K_42>
            <K_43>20.52</K_43>
        </ZakupWiersz>
        <ZakupWiersz>
            <LpZakupu>37</LpZakupu>
            <KodKrajuNadaniaTIN>PL</KodKrajuNadaniaTIN>
            <NrDostawcy>5941473874</NrDostawcy>
            <NazwaDostawcy>"EURO" KIELA Spółka Jawna</NazwaDostawcy>
            <DowodZakupu>6753K2/7516/23</DowodZakupu>
            <DataZakupu>2023-07-13</DataZakupu>
            <DataWplywu>2023-07-31</DataWplywu>
            <K_42>81.29</K_42>
            <K_43>9.35</K_43>
        </ZakupWiersz>
        <ZakupWiersz>
            <LpZakupu>38</LpZakupu>
            <KodKrajuNadaniaTIN>PL</KodKrajuNadaniaTIN>
            <NrDostawcy>7010331788</NrDostawcy>
            <NazwaDostawcy>POLISH FORWARDING COMPANY sp. z o.o.</NazwaDostawcy>
            <DowodZakupu>003136/F01/2023</DowodZakupu>
            <DataZakupu>2023-07-14</DataZakupu>
            <DataWplywu>2023-07-31</DataWplywu>
            <K_42>1800.00</K_42>
            <K_43>414.0</K_43>
        </ZakupWiersz>
        <ZakupWiersz>
            <LpZakupu>39</LpZakupu>
            <KodKrajuNadaniaTIN>PL</KodKrajuNadaniaTIN>
            <NrDostawcy>8970012657</NrDostawcy>
            <NazwaDostawcy>EUROPEJSKI FUNDUSZ LEASINGOWY SA</NazwaDostawcy>
            <DowodZakupu>2693712307</DowodZakupu>
            <DataZakupu>2023-07-14</DataZakupu>
            <DataWplywu>2023-07-31</DataWplywu>
            <K_42>2183.71</K_42>
            <K_43>251.12</K_43>
        </ZakupWiersz>
        <ZakupWiersz>
            <LpZakupu>40</LpZakupu>
            <KodKrajuNadaniaTIN>PL</KodKrajuNadaniaTIN>
            <NrDostawcy>7740001454</NrDostawcy>
            <NazwaDostawcy>POLSKI KONCERN NAFTOWY ORLEN S.A.</NazwaDostawcy>
            <DowodZakupu>20244K1/0669/23</DowodZakupu>
            <DataZakupu>2023-07-15</DataZakupu>
            <DataWplywu>2023-07-31</DataWplywu>
            <K_42>248.46</K_42>
            <K_43>28.57</K_43>
        </ZakupWiersz>
        <ZakupWiersz>
            <LpZakupu>41</LpZakupu>
            <KodKrajuNadaniaTIN>PL</KodKrajuNadaniaTIN>
            <NrDostawcy>8970012657</NrDostawcy>
            <NazwaDostawcy>EUROPEJSKI FUNDUSZ LEASINGOWY SA</NazwaDostawcy>
            <DowodZakupu>1014672307</DowodZakupu>
            <DataZakupu>2023-07-17</DataZakupu>
            <DataWplywu>2023-07-31</DataWplywu>
            <K_42>49050.00</K_42>
            <K_43>11281.5</K_43>
        </ZakupWiersz>
        <ZakupWiersz>
            <LpZakupu>42</LpZakupu>
            <KodKrajuNadaniaTIN>PL</KodKrajuNadaniaTIN>
            <NrDostawcy>8510004202</NrDostawcy>
            <NazwaDostawcy>Apex Sp. z o.o.</NazwaDostawcy>
            <DowodZakupu>3514/0/2023</DowodZakupu>
            <DataZakupu>2023-07-17</DataZakupu>
            <DataWplywu>2023-07-31</DataWplywu>
            <K_42>522.50</K_42>
            <K_43>120.18</K_43>
        </ZakupWiersz>
        <ZakupWiersz>
            <LpZakupu>43</LpZakupu>
            <KodKrajuNadaniaTIN>PL</KodKrajuNadaniaTIN>
            <NrDostawcy>5861928278</NrDostawcy>
            <NazwaDostawcy>Silny &amp; Salomon Sp. z o.o.</NazwaDostawcy>
            <DowodZakupu>1422/T/2023</DowodZakupu>
            <DataZakupu>2023-07-17</DataZakupu>
            <DataWplywu>2023-07-31</DataWplywu>
            <K_42>1472.00</K_42>
            <K_43>338.56</K_43>
        </ZakupWiersz>
        <ZakupWiersz>
            <LpZakupu>44</LpZakupu>
            <KodKrajuNadaniaTIN>PL</KodKrajuNadaniaTIN>
            <NrDostawcy>5941473874</NrDostawcy>
            <NazwaDostawcy>"EURO" KIELA Spółka Jawna</NazwaDostawcy>
            <DowodZakupu>6918K2/7516/23</DowodZakupu>
            <DataZakupu>2023-07-17</DataZakupu>
            <DataWplywu>2023-07-31</DataWplywu>
            <K_42>190.15</K_42>
            <K_43>21.86</K_43>
        </ZakupWiersz>
        <ZakupWiersz>
            <LpZakupu>45</LpZakupu>
            <KodKrajuNadaniaTIN>PL</KodKrajuNadaniaTIN>
            <NrDostawcy>7822182433</NrDostawcy>
            <NazwaDostawcy>Autostrada Eksploatacja SA</NazwaDostawcy>
            <DowodZakupu>3470626</DowodZakupu>
            <DataZakupu>2023-07-17</DataZakupu>
            <DataWplywu>2023-07-31</DataWplywu>
            <K_42>22.76</K_42>
            <K_43>2.62</K_43>
        </ZakupWiersz>
        <ZakupWiersz>
            <LpZakupu>46</LpZakupu>
            <KodKrajuNadaniaTIN>PL</KodKrajuNadaniaTIN>
            <NrDostawcy>7822182433</NrDostawcy>
            <NazwaDostawcy>Autostrada Eksploatacja SA</NazwaDostawcy>
            <DowodZakupu>2733121</DowodZakupu>
            <DataZakupu>2023-07-17</DataZakupu>
            <DataWplywu>2023-07-31</DataWplywu>
            <K_42>22.76</K_42>
            <K_43>2.62</K_43>
        </ZakupWiersz>
        <ZakupWiersz>
            <LpZakupu>47</LpZakupu>
            <KodKrajuNadaniaTIN>PL</KodKrajuNadaniaTIN>
            <NrDostawcy>7822182433</NrDostawcy>
            <NazwaDostawcy>Autostrada Eksploatacja SA</NazwaDostawcy>
            <DowodZakupu>205464</DowodZakupu>
            <DataZakupu>2023-07-17</DataZakupu>
            <DataWplywu>2023-07-31</DataWplywu>
            <K_42>29.27</K_42>
            <K_43>3.37</K_43>
        </ZakupWiersz>
        <ZakupWiersz>
            <LpZakupu>48</LpZakupu>
            <KodKrajuNadaniaTIN>PL</KodKrajuNadaniaTIN>
            <NrDostawcy>5270104717</NrDostawcy>
            <NazwaDostawcy>GEODIS Road Network Sp. z o.o.</NazwaDostawcy>
            <DowodZakupu>FSZ/23LTLD/01277</DowodZakupu>
            <DataZakupu>2023-07-18</DataZakupu>
            <DataWplywu>2023-07-31</DataWplywu>
            <K_42>411.60</K_42>
            <K_43>94.67</K_43>
        </ZakupWiersz>
        <ZakupWiersz>
            <LpZakupu>49</LpZakupu>
            <KodKrajuNadaniaTIN>PL</KodKrajuNadaniaTIN>
            <NrDostawcy>8511005008</NrDostawcy>
            <NazwaDostawcy>" TAXMAN " BIURO RACHUNKOWE Grzegorz Grzelczyk</NazwaDostawcy>
            <DowodZakupu>8/2023/PEBE05</DowodZakupu>
            <DataZakupu>2023-07-18</DataZakupu>
            <DataWplywu>2023-07-31</DataWplywu>
            <K_42>1794.00</K_42>
            <K_43>412.62</K_43>
        </ZakupWiersz>
        <ZakupWiersz>
            <LpZakupu>50</LpZakupu>
            <KodKrajuNadaniaTIN>PL</KodKrajuNadaniaTIN>
            <NrDostawcy>7292224045</NrDostawcy>
            <NazwaDostawcy>OQEMA sp. z o.o.</NazwaDostawcy>
            <DowodZakupu>95133373</DowodZakupu>
            <DataZakupu>2023-07-19</DataZakupu>
            <DataWplywu>2023-07-31</DataWplywu>
            <K_42>14100.00</K_42>
            <K_43>3243.0</K_43>
        </ZakupWiersz>
        <ZakupWiersz>
            <LpZakupu>51</LpZakupu>
            <KodKrajuNadaniaTIN>PL</KodKrajuNadaniaTIN>
            <NrDostawcy>7820069129</NrDostawcy>
            <NazwaDostawcy>BEMO MOTORS Sp. z o.o.</NazwaDostawcy>
            <DowodZakupu>FV/UP/1193/23/UT</DowodZakupu>
            <DataZakupu>2023-07-19</DataZakupu>
            <DataWplywu>2023-07-31</DataWplywu>
            <K_42>1510.98</K_42>
            <K_43>173.76</K_43>
        </ZakupWiersz>
        <ZakupWiersz>
            <LpZakupu>52</LpZakupu>
            <KodKrajuNadaniaTIN>PL</KodKrajuNadaniaTIN>
            <NrDostawcy>5941473874</NrDostawcy>
            <NazwaDostawcy>"EURO" KIELA Spółka Jawna</NazwaDostawcy>
            <DowodZakupu>5713K3/7516/23</DowodZakupu>
            <DataZakupu>2023-07-19</DataZakupu>
            <DataWplywu>2023-07-31</DataWplywu>
            <K_42>52.76</K_42>
            <K_43>6.07</K_43>
        </ZakupWiersz>
        <ZakupWiersz>
            <LpZakupu>53</LpZakupu>
            <KodKrajuNadaniaTIN>PL</KodKrajuNadaniaTIN>
            <NrDostawcy>6312268448</NrDostawcy>
            <NazwaDostawcy>Przedsiębiorstwo Przemysłowo Handlowe STANLAB Sp.J P. Mączka, J.Krawczyk</NazwaDostawcy>
            <DowodZakupu>23G01241</DowodZakupu>
            <DataZakupu>2023-07-20</DataZakupu>
            <DataWplywu>2023-07-31</DataWplywu>
            <K_42>6300.00</K_42>
            <K_43>1449.0</K_43>
        </ZakupWiersz>
        <ZakupWiersz>
            <LpZakupu>54</LpZakupu>
            <KodKrajuNadaniaTIN>PL</KodKrajuNadaniaTIN>
            <NrDostawcy>6423178990</NrDostawcy>
            <NazwaDostawcy>GLI-THERM sp. z o.o.</NazwaDostawcy>
            <DowodZakupu>FA/249/07/2023</DowodZakupu>
            <DataZakupu>2023-07-20</DataZakupu>
            <DataWplywu>2023-07-31</DataWplywu>
            <K_42>2144.00</K_42>
            <K_43>493.12</K_43>
        </ZakupWiersz>
        <ZakupWiersz>
            <LpZakupu>55</LpZakupu>
            <KodKrajuNadaniaTIN>PL</KodKrajuNadaniaTIN>
            <NrDostawcy>8520900725</NrDostawcy>
            <NazwaDostawcy>MAT PRZEDSIĘBIORSTWO HANDLOWE Michał Szymkowiak</NazwaDostawcy>
            <DowodZakupu>FA/4175/2023</DowodZakupu>
            <DataZakupu>2023-07-20</DataZakupu>
            <DataWplywu>2023-07-31</DataWplywu>
            <K_42>9.44</K_42>
            <K_43>2.17</K_43>
        </ZakupWiersz>
        <ZakupWiersz>
            <LpZakupu>56</LpZakupu>
            <KodKrajuNadaniaTIN>PL</KodKrajuNadaniaTIN>
            <NrDostawcy>7740001454</NrDostawcy>
            <NazwaDostawcy>POLSKI KONCERN NAFTOWY ORLEN S.A.</NazwaDostawcy>
            <DowodZakupu>6596K3/0217/23</DowodZakupu>
            <DataZakupu>2023-07-20</DataZakupu>
            <DataWplywu>2023-07-31</DataWplywu>
            <K_42>82.03</K_42>
            <K_43>9.44</K_43>
        </ZakupWiersz>
        <ZakupWiersz>
            <LpZakupu>57</LpZakupu>
            <KodKrajuNadaniaTIN>PL</KodKrajuNadaniaTIN>
            <NrDostawcy>5270011878</NrDostawcy>
            <NazwaDostawcy>ANWIM S.A.</NazwaDostawcy>
            <DowodZakupu>FV/2/490/8/21/07/2023</DowodZakupu>
            <DataZakupu>2023-07-21</DataZakupu>
            <DataWplywu>2023-07-21</DataWplywu>
            <K_42>195.12</K_42>
            <K_43>22.44</K_43>
        </ZakupWiersz>
        <ZakupWiersz>
            <LpZakupu>58</LpZakupu>
            <KodKrajuNadaniaTIN>PL</KodKrajuNadaniaTIN>
            <NrDostawcy>5482662072</NrDostawcy>
            <NazwaDostawcy>IBC SERVICE sp. z o.o. sp.k.</NazwaDostawcy>
            <DowodZakupu>0085/7/2023/FVS</DowodZakupu>
            <DataZakupu>2023-07-21</DataZakupu>
            <DataWplywu>2023-07-31</DataWplywu>
            <K_42>1200.00</K_42>
            <K_43>276.0</K_43>
        </ZakupWiersz>
        <ZakupWiersz>
            <LpZakupu>59</LpZakupu>
            <KodKrajuNadaniaTIN>PL</KodKrajuNadaniaTIN>
            <NrDostawcy>6312268448</NrDostawcy>
            <NazwaDostawcy>Przedsiębiorstwo Przemysłowo Handlowe STANLAB Sp.J P. Mączka, J.Krawczyk</NazwaDostawcy>
            <DowodZakupu>23G01257</DowodZakupu>
            <DataZakupu>2023-07-21</DataZakupu>
            <DataWplywu>2023-07-31</DataWplywu>
            <K_42>4250.00</K_42>
            <K_43>977.5</K_43>
        </ZakupWiersz>
        <ZakupWiersz>
            <LpZakupu>60</LpZakupu>
            <KodKrajuNadaniaTIN>PL</KodKrajuNadaniaTIN>
            <NrDostawcy>8512040030</NrDostawcy>
            <NazwaDostawcy>NILPOL M. Gręda</NazwaDostawcy>
            <DowodZakupu>951/MG/07/2023</DowodZakupu>
            <DataZakupu>2023-07-21</DataZakupu>
            <DataWplywu>2023-07-31</DataWplywu>
            <K_42>284.39</K_42>
            <K_43>65.41</K_43>
        </ZakupWiersz>
        <ZakupWiersz>
            <LpZakupu>61</LpZakupu>
            <KodKrajuNadaniaTIN>PL</KodKrajuNadaniaTIN>
            <NrDostawcy>5482662072</NrDostawcy>
            <NazwaDostawcy>IBC SERVICE sp. z o.o. sp.k.</NazwaDostawcy>
            <DowodZakupu>0078/7/2023/FVS</DowodZakupu>
            <DataZakupu>2023-07-21</DataZakupu>
            <DataWplywu>2023-07-31</DataWplywu>
            <K_42>21170.00</K_42>
            <K_43>4869.1</K_43>
        </ZakupWiersz>
        <ZakupWiersz>
            <LpZakupu>62</LpZakupu>
            <KodKrajuNadaniaTIN>PL</KodKrajuNadaniaTIN>
            <NrDostawcy>8970012657</NrDostawcy>
            <NazwaDostawcy>EUROPEJSKI FUNDUSZ LEASINGOWY SA</NazwaDostawcy>
            <DowodZakupu>3015562307</DowodZakupu>
            <DataZakupu>2023-07-21</DataZakupu>
            <DataWplywu>2023-07-31</DataWplywu>
            <K_42>3265.56</K_42>
            <K_43>375.54</K_43>
        </ZakupWiersz>
        <ZakupWiersz>
            <LpZakupu>63</LpZakupu>
            <KodKrajuNadaniaTIN>PL</KodKrajuNadaniaTIN>
            <NrDostawcy>8970012657</NrDostawcy>
            <NazwaDostawcy>EUROPEJSKI FUNDUSZ LEASINGOWY SA</NazwaDostawcy>
            <DowodZakupu>3136392307</DowodZakupu>
            <DataZakupu>2023-07-24</DataZakupu>
            <DataWplywu>2023-07-31</DataWplywu>
            <K_42>2178.31</K_42>
            <K_43>250.5</K_43>
        </ZakupWiersz>
        <ZakupWiersz>
            <LpZakupu>64</LpZakupu>
            <KodKrajuNadaniaTIN>PL</KodKrajuNadaniaTIN>
            <NrDostawcy>8970012657</NrDostawcy>
            <NazwaDostawcy>EUROPEJSKI FUNDUSZ LEASINGOWY SA</NazwaDostawcy>
            <DowodZakupu>3136392307</DowodZakupu>
            <DataZakupu>2023-07-24</DataZakupu>
            <DataWplywu>2023-07-31</DataWplywu>
            <K_42>178.50</K_42>
            <K_43>20.53</K_43>
        </ZakupWiersz>
        <ZakupWiersz>
            <LpZakupu>65</LpZakupu>
            <KodKrajuNadaniaTIN>PL</KodKrajuNadaniaTIN>
            <NrDostawcy>7740001454</NrDostawcy>
            <NazwaDostawcy>POLSKI KONCERN NAFTOWY ORLEN S.A.</NazwaDostawcy>
            <DowodZakupu>8606K1/4638/23</DowodZakupu>
            <DataZakupu>2023-07-24</DataZakupu>
            <DataWplywu>2023-07-31</DataWplywu>
            <K_42>79.44</K_42>
            <K_43>9.13</K_43>
        </ZakupWiersz>
        <ZakupWiersz>
            <LpZakupu>66</LpZakupu>
            <KodKrajuNadaniaTIN>PL</KodKrajuNadaniaTIN>
            <NrDostawcy>5250007313</NrDostawcy>
            <NazwaDostawcy>"POCZTA POLSKA S.A."</NazwaDostawcy>
            <DowodZakupu>F00158O072300259942U</DowodZakupu>
            <DataZakupu>2023-07-25</DataZakupu>
            <DataWplywu>2023-07-25</DataWplywu>
            <K_42>6.80</K_42>
            <K_43>0.0</K_43>
        </ZakupWiersz>
        <ZakupWiersz>
            <LpZakupu>67</LpZakupu>
            <KodKrajuNadaniaTIN>PL</KodKrajuNadaniaTIN>
            <NrDostawcy>5990300033</NrDostawcy>
            <NazwaDostawcy>PRZEDSIĘBIORSTWO PRODUKCYJNO-HANDLOWE "TIMBEX" sp. z o.o.</NazwaDostawcy>
            <DowodZakupu>FS-497/07/2023/MAG23</DowodZakupu>
            <DataZakupu>2023-07-25</DataZakupu>
            <DataWplywu>2023-07-25</DataWplywu>
            <K_42>42.00</K_42>
            <K_43>9.66</K_43>
        </ZakupWiersz>
        <ZakupWiersz>
            <LpZakupu>68</LpZakupu>
            <KodKrajuNadaniaTIN>PL</KodKrajuNadaniaTIN>
            <NrDostawcy>7771000013</NrDostawcy>
            <NazwaDostawcy>HANSA FLEX sP. Z O.O.</NazwaDostawcy>
            <DowodZakupu>1420640160</DowodZakupu>
            <DataZakupu>2023-07-25</DataZakupu>
            <DataWplywu>2023-07-31</DataWplywu>
            <K_42>872.74</K_42>
            <K_43>200.73</K_43>
        </ZakupWiersz>
        <ZakupWiersz>
            <LpZakupu>69</LpZakupu>
            <KodKrajuNadaniaTIN>PL</KodKrajuNadaniaTIN>
            <NrDostawcy>7811897358</NrDostawcy>
            <NazwaDostawcy>LIDL sp. z o.o. sp.k.</NazwaDostawcy>
            <DowodZakupu>2109/00432/250723/86</DowodZakupu>
            <DataZakupu>2023-07-25</DataZakupu>
            <DataWplywu>2023-07-31</DataWplywu>
            <K_42>25.27</K_42>
            <K_43>5.81</K_43>
        </ZakupWiersz>
        <ZakupWiersz>
            <LpZakupu>70</LpZakupu>
            <KodKrajuNadaniaTIN>PL</KodKrajuNadaniaTIN>
            <NrDostawcy>9170000015</NrDostawcy>
            <NazwaDostawcy>PCC Rokita S.A.</NazwaDostawcy>
            <DowodZakupu>1014072559</DowodZakupu>
            <DataZakupu>2023-07-25</DataZakupu>
            <DataWplywu>2023-07-31</DataWplywu>
            <K_42>40200.00</K_42>
            <K_43>9246.0</K_43>
        </ZakupWiersz>
        <ZakupWiersz>
            <LpZakupu>71</LpZakupu>
            <KodKrajuNadaniaTIN>PL</KodKrajuNadaniaTIN>
            <NrDostawcy>9671377802</NrDostawcy>
            <NazwaDostawcy>BLUE SYSTEM sp. z o.o.</NazwaDostawcy>
            <DowodZakupu>FBS/143/07/2023</DowodZakupu>
            <DataZakupu>2023-07-26</DataZakupu>
            <DataWplywu>2023-07-31</DataWplywu>
            <K_42>4313.66</K_42>
            <K_43>992.15</K_43>
        </ZakupWiersz>
        <ZakupWiersz>
            <LpZakupu>72</LpZakupu>
            <KodKrajuNadaniaTIN>PL</KodKrajuNadaniaTIN>
            <NrDostawcy>8510004202</NrDostawcy>
            <NazwaDostawcy>Apex Sp. z o.o.</NazwaDostawcy>
            <DowodZakupu>3694/0/2023</DowodZakupu>
            <DataZakupu>2023-07-26</DataZakupu>
            <DataWplywu>2023-07-31</DataWplywu>
            <K_42>220.00</K_42>
            <K_43>50.6</K_43>
        </ZakupWiersz>
        <ZakupWiersz>
            <LpZakupu>73</LpZakupu>
            <KodKrajuNadaniaTIN>PL</KodKrajuNadaniaTIN>
            <NrDostawcy>8513241606</NrDostawcy>
            <NazwaDostawcy>RAMSTAL INVEST sp. z o.o.</NazwaDostawcy>
            <DowodZakupu>141/2023</DowodZakupu>
            <DataZakupu>2023-07-26</DataZakupu>
            <DataWplywu>2023-07-31</DataWplywu>
            <K_42>1200.00</K_42>
            <K_43>276.0</K_43>
        </ZakupWiersz>
        <ZakupWiersz>
            <LpZakupu>74</LpZakupu>
            <KodKrajuNadaniaTIN>PL</KodKrajuNadaniaTIN>
            <NrDostawcy>5210531410</NrDostawcy>
            <NazwaDostawcy>SOLVACHEM sp. z o.o.</NazwaDostawcy>
            <DowodZakupu>0003/23/FVV-PB D</DowodZakupu>
            <DataZakupu>2023-07-26</DataZakupu>
            <DataWplywu>2023-07-31</DataWplywu>
            <K_42>13800.65</K_42>
            <K_43>3174.15</K_43>
        </ZakupWiersz>
        <ZakupWiersz>
            <LpZakupu>75</LpZakupu>
            <KodKrajuNadaniaTIN>PL</KodKrajuNadaniaTIN>
            <NrDostawcy>5260250995</NrDostawcy>
            <NazwaDostawcy>ORANGE POLSKA S.A.</NazwaDostawcy>
            <DowodZakupu>F0052496677/007/23</DowodZakupu>
            <DataZakupu>2023-07-26</DataZakupu>
            <DataWplywu>2023-07-31</DataWplywu>
            <K_42>123.41</K_42>
            <K_43>28.38</K_43>
        </ZakupWiersz>
        <ZakupWiersz>
            <LpZakupu>76</LpZakupu>
            <KodKrajuNadaniaTIN>PL</KodKrajuNadaniaTIN>
            <NrDostawcy>7740001454</NrDostawcy>
            <NazwaDostawcy>POLSKI KONCERN NAFTOWY ORLEN S.A.</NazwaDostawcy>
            <DowodZakupu>9543K2/0217/23</DowodZakupu>
            <DataZakupu>2023-07-26</DataZakupu>
            <DataWplywu>2023-07-31</DataWplywu>
            <K_42>82.23</K_42>
            <K_43>9.46</K_43>
        </ZakupWiersz>
        <ZakupWiersz>
            <LpZakupu>77</LpZakupu>
            <KodKrajuNadaniaTIN>PL</KodKrajuNadaniaTIN>
            <NrDostawcy>7780040905</NrDostawcy>
            <NazwaDostawcy>Promag S.a.</NazwaDostawcy>
            <DowodZakupu>SG2023073501</DowodZakupu>
            <DataZakupu>2023-07-27</DataZakupu>
            <DataWplywu>2023-07-31</DataWplywu>
            <K_42>1757.94</K_42>
            <K_43>404.33</K_43>
        </ZakupWiersz>
        <ZakupWiersz>
            <LpZakupu>78</LpZakupu>
            <KodKrajuNadaniaTIN>PL</KodKrajuNadaniaTIN>
            <NrDostawcy>7010331788</NrDostawcy>
            <NazwaDostawcy>POLISH FORWARDING COMPANY sp. z o.o.</NazwaDostawcy>
            <DowodZakupu>003391/F01/2023</DowodZakupu>
            <DataZakupu>2023-07-27</DataZakupu>
            <DataWplywu>2023-07-31</DataWplywu>
            <K_42>3200.00</K_42>
            <K_43>736.0</K_43>
        </ZakupWiersz>
        <ZakupWiersz>
            <LpZakupu>79</LpZakupu>
            <KodKrajuNadaniaTIN>PL</KodKrajuNadaniaTIN>
            <NrDostawcy>7491515495</NrDostawcy>
            <NazwaDostawcy>BRENTAG POLSKA SP. Z O.O.</NazwaDostawcy>
            <DowodZakupu>A061148640</DowodZakupu>
            <DataZakupu>2023-07-27</DataZakupu>
            <DataWplywu>2023-07-31</DataWplywu>
            <K_42>13552.00</K_42>
            <K_43>3116.96</K_43>
        </ZakupWiersz>
        <ZakupWiersz>
            <LpZakupu>80</LpZakupu>
            <KodKrajuNadaniaTIN>PL</KodKrajuNadaniaTIN>
            <NrDostawcy>5990300033</NrDostawcy>
            <NazwaDostawcy>PRZEDSIĘBIORSTWO PRODUKCYJNO-HANDLOWE "TIMBEX" sp. z o.o.</NazwaDostawcy>
            <DowodZakupu>FS-583/07/2023/MAG23</DowodZakupu>
            <DataZakupu>2023-07-28</DataZakupu>
            <DataWplywu>2023-07-28</DataWplywu>
            <K_42>122.98</K_42>
            <K_43>28.29</K_43>
        </ZakupWiersz>
        <ZakupWiersz>
            <LpZakupu>81</LpZakupu>
            <KodKrajuNadaniaTIN>PL</KodKrajuNadaniaTIN>
            <NrDostawcy>5270011878</NrDostawcy>
            <NazwaDostawcy>ANWIM S.A.</NazwaDostawcy>
            <DowodZakupu>FV/2/490/5/28/07/2023</DowodZakupu>
            <DataZakupu>2023-07-28</DataZakupu>
            <DataWplywu>2023-07-28</DataWplywu>
            <K_42>170.73</K_42>
            <K_43>19.64</K_43>
        </ZakupWiersz>
        <ZakupWiersz>
            <LpZakupu>82</LpZakupu>
            <KodKrajuNadaniaTIN>PL</KodKrajuNadaniaTIN>
            <NrDostawcy>9581414161</NrDostawcy>
            <NazwaDostawcy>OWOCNI.PL - Mariusz Słowik</NazwaDostawcy>
            <DowodZakupu>1283/2023</DowodZakupu>
            <DataZakupu>2023-07-28</DataZakupu>
            <DataWplywu>2023-07-31</DataWplywu>
            <K_42>1900.00</K_42>
            <K_43>437.0</K_43>
        </ZakupWiersz>
        <ZakupWiersz>
            <LpZakupu>83</LpZakupu>
            <KodKrajuNadaniaTIN>PL</KodKrajuNadaniaTIN>
            <NrDostawcy>8880004938</NrDostawcy>
            <NazwaDostawcy>Anwil S.A.</NazwaDostawcy>
            <DowodZakupu>473480761</DowodZakupu>
            <DataZakupu>2023-07-28</DataZakupu>
            <DataWplywu>2023-07-31</DataWplywu>
            <K_42>23701.50</K_42>
            <K_43>5451.35</K_43>
        </ZakupWiersz>
        <ZakupWiersz>
            <LpZakupu>84</LpZakupu>
            <KodKrajuNadaniaTIN>PL</KodKrajuNadaniaTIN>
            <NrDostawcy>1132568413</NrDostawcy>
            <NazwaDostawcy>BRICOMAN POLSKA sp. z o.o.</NazwaDostawcy>
            <DowodZakupu>2023/007/54438</DowodZakupu>
            <DataZakupu>2023-07-28</DataZakupu>
            <DataWplywu>2023-07-31</DataWplywu>
            <K_42>165.04</K_42>
            <K_43>37.96</K_43>
        </ZakupWiersz>
        <ZakupWiersz>
            <LpZakupu>85</LpZakupu>
            <KodKrajuNadaniaTIN>PL</KodKrajuNadaniaTIN>
            <NrDostawcy>7811011998</NrDostawcy>
            <NazwaDostawcy>Transgourmet Polska Sp. z o.o.</NazwaDostawcy>
            <DowodZakupu>133209224371</DowodZakupu>
            <DataZakupu>2023-07-28</DataZakupu>
            <DataWplywu>2023-07-31</DataWplywu>
            <K_42>9.04</K_42>
            <K_43>2.08</K_43>
        </ZakupWiersz>
        <ZakupWiersz>
            <LpZakupu>86</LpZakupu>
            <KodKrajuNadaniaTIN>PL</KodKrajuNadaniaTIN>
            <NrDostawcy>8970012657</NrDostawcy>
            <NazwaDostawcy>EUROPEJSKI FUNDUSZ LEASINGOWY SA</NazwaDostawcy>
            <DowodZakupu>3373252307</DowodZakupu>
            <DataZakupu>2023-07-29</DataZakupu>
            <DataWplywu>2023-07-31</DataWplywu>
            <K_42>1855.67</K_42>
            <K_43>426.8</K_43>
        </ZakupWiersz>
        <ZakupWiersz>
            <LpZakupu>87</LpZakupu>
            <KodKrajuNadaniaTIN>PL</KodKrajuNadaniaTIN>
            <NrDostawcy>5941473874</NrDostawcy>
            <NazwaDostawcy>"EURO" KIELA Spółka Jawna</NazwaDostawcy>
            <DowodZakupu>7351K2/7516/23</DowodZakupu>
            <DataZakupu>2023-07-29</DataZakupu>
            <DataWplywu>2023-07-31</DataWplywu>
            <K_42>217.74</K_42>
            <K_43>25.04</K_43>
        </ZakupWiersz>
        <ZakupWiersz>
            <LpZakupu>88</LpZakupu>
            <KodKrajuNadaniaTIN>PL</KodKrajuNadaniaTIN>
            <NrDostawcy>8513134359</NrDostawcy>
            <NazwaDostawcy>B10 Sp. z o.o.</NazwaDostawcy>
            <DowodZakupu>23/07-FVS/0052</DowodZakupu>
            <DataZakupu>2023-07-31</DataZakupu>
            <DataWplywu>2023-07-31</DataWplywu>
            <K_42>3200.00</K_42>
            <K_43>736.0</K_43>
        </ZakupWiersz>
        <ZakupWiersz>
            <LpZakupu>89</LpZakupu>
            <KodKrajuNadaniaTIN>PL</KodKrajuNadaniaTIN>
            <NrDostawcy>9552308829</NrDostawcy>
            <NazwaDostawcy>FIRMA HANDLOWO - USŁUGOWA ELDA sp. z o.o. sp.k.</NazwaDostawcy>
            <DowodZakupu>790/MAG/07/2023</DowodZakupu>
            <DataZakupu>2023-07-31</DataZakupu>
            <DataWplywu>2023-07-31</DataWplywu>
            <K_42>23.31</K_42>
            <K_43>5.36</K_43>
        </ZakupWiersz>
        <ZakupWiersz>
            <LpZakupu>90</LpZakupu>
            <KodKrajuNadaniaTIN>PL</KodKrajuNadaniaTIN>
            <NrDostawcy>5270104717</NrDostawcy>
            <NazwaDostawcy>GEODIS Road Network Sp. z o.o.</NazwaDostawcy>
            <DowodZakupu>FSZ/23LTLD/01310</DowodZakupu>
            <DataZakupu>2023-07-31</DataZakupu>
            <DataWplywu>2023-07-31</DataWplywu>
            <K_42>532.30</K_42>
            <K_43>122.43</K_43>
        </ZakupWiersz>
        <ZakupWiersz>
            <LpZakupu>91</LpZakupu>
            <KodKrajuNadaniaTIN>PL</KodKrajuNadaniaTIN>
            <NrDostawcy>7791011327</NrDostawcy>
            <NazwaDostawcy>JERONIMO MARTINS POLSKA S.A.</NazwaDostawcy>
            <DowodZakupu>4157230731327614</DowodZakupu>
            <DataZakupu>2023-07-31</DataZakupu>
            <DataWplywu>2023-07-31</DataWplywu>
            <K_42>97.54</K_42>
            <K_43>22.44</K_43>
        </ZakupWiersz>
        <ZakupWiersz>
            <LpZakupu>92</LpZakupu>
            <KodKrajuNadaniaTIN>PL</KodKrajuNadaniaTIN>
            <NrDostawcy>5212324081</NrDostawcy>
            <NazwaDostawcy>ELDORADO COMPUTERS SPÓŁKA JAWNA Rafał Grabowski</NazwaDostawcy>
            <DowodZakupu>4882/23</DowodZakupu>
            <DataZakupu>2023-07-31</DataZakupu>
            <DataWplywu>2023-07-31</DataWplywu>
            <K_42>2113.01</K_42>
            <K_43>485.99</K_43>
        </ZakupWiersz>
        <ZakupWiersz>
            <LpZakupu>93</LpZakupu>
            <KodKrajuNadaniaTIN>PL</KodKrajuNadaniaTIN>
            <NrDostawcy>5941473874</NrDostawcy>
            <NazwaDostawcy>"EURO" KIELA Spółka Jawna</NazwaDostawcy>
            <DowodZakupu>7423K2/7516/23</DowodZakupu>
            <DataZakupu>2023-07-31</DataZakupu>
            <DataWplywu>2023-07-31</DataWplywu>
            <K_42>27.48</K_42>
            <K_43>6.32</K_43>
        </ZakupWiersz>
        <ZakupWiersz>
            <LpZakupu>94</LpZakupu>
            <KodKrajuNadaniaTIN>PL</KodKrajuNadaniaTIN>
            <NrDostawcy>9170000015</NrDostawcy>
            <NazwaDostawcy>PCC Rokita S.A.</NazwaDostawcy>
            <DowodZakupu>1017002906</DowodZakupu>
            <DataZakupu>2023-07-31</DataZakupu>
            <DataWplywu>2023-07-31</DataWplywu>
            <K_42>-127.30</K_42>
            <K_43>-29.28</K_43>
        </ZakupWiersz>
        <ZakupCtrl>
            <LiczbaWierszyZakupow>94</LiczbaWierszyZakupow>
            <PodatekNaliczony>68731.95</PodatekNaliczony>
        </ZakupCtrl>
    </Ewidencja>
</JPK>
