<?xml version="1.0" encoding="UTF-8" standalone="yes"?>
<JPK xmlns="http://crd.gov.pl/wzor/2021/12/27/11148/" xmlns:ns2="http://crd.gov.pl/xml/schematy/dziedzinowe/mf/2021/06/08/eD/DefinicjeTypy/" xmlns:ns3="http://crd.gov.pl/wzor/2021/12/27/11149/">
    <Naglowek>
        <KodFormularza kodSystemowy="JPK_V7M (2)" wersjaSchemy="1-0E">JPK_VAT</KodFormularza>
        <WariantFormularza>2</WariantFormularza>
        <DataWytworzeniaJPK>2023-09-13T06:01:26.776Z</DataWytworzeniaJPK>
        <NazwaSystemu>Taxman</NazwaSystemu>
        <CelZlozenia poz="P_7">2</CelZlozenia>
        <KodUrzedu>3216</KodUrzedu>
        <Rok>2023</Rok>
        <Miesiac>7</Miesiac>
    </Naglowek>
    <Podmiot1 rola="Podatnik">
        <OsobaNiefizyczna>
            <NIP>8522677786</NIP>
            <PelnaNazwa>SZYSZKO LOGISTICS SPÓŁKA Z OGRANICZONĄ ODPOWIEDZIALNOŚCIĄ</PelnaNazwa>
            <Email>zanetagrzegorczyk1@gmail.com</Email>
            <Telefon>532434443</Telefon>
        </OsobaNiefizyczna>
    </Podmiot1>
    <Deklaracja>
        <Naglowek>
            <KodFormularzaDekl kodSystemowy="VAT-7 (22)" kodPodatku="VAT" rodzajZobowiazania="Z" wersjaSchemy="1-0E">VAT-7</KodFormularzaDekl>
            <WariantFormularzaDekl>22</WariantFormularzaDekl>
        </Naglowek>
        <PozycjeSzczegolowe>
            <P_11>64405</P_11>
            <P_12>64405</P_12>
            <P_19>127805</P_19>
            <P_20>25796</P_20>
            <P_29>6972</P_29>
            <P_30>253</P_30>
            <P_35>0</P_35>
            <P_37>199182</P_37>
            <P_38>26049</P_38>
            <P_39>920</P_39>
            <P_40>0</P_40>
            <P_41>0</P_41>
            <P_42>138672</P_42>
            <P_43>26216</P_43>
            <P_48>27136</P_48>
            <P_49>0</P_49>
            <P_51>0</P_51>
            <P_52>0</P_52>
            <P_53>1087</P_53>
            <P_62>1087</P_62>
        </PozycjeSzczegolowe>
        <Pouczenia>1</Pouczenia>
    </Deklaracja>
    <Ewidencja>
        <SprzedazWiersz>
            <LpSprzedazy>1</LpSprzedazy>
            <KodKrajuNadaniaTIN>NL</KodKrajuNadaniaTIN>
            <NrKontrahenta>801426972B01</NrKontrahenta>
            <NazwaKontrahenta>DAF Trucks N.V.</NazwaKontrahenta>
            <DowodSprzedazy>QP029428</DowodSprzedazy>
            <DataWystawienia>2023-07-31</DataWystawienia>
            <DataSprzedazy>2023-07-03</DataSprzedazy>
            <K_29>717.86</K_29>
            <K_30>165.11</K_30>
        </SprzedazWiersz>
        <SprzedazWiersz>
            <LpSprzedazy>2</LpSprzedazy>
            <KodKrajuNadaniaTIN>AT</KodKrajuNadaniaTIN>
            <NrKontrahenta>U55795401</NrKontrahenta>
            <NazwaKontrahenta>Lutz Assekuranz Versicherungsvermittlung Ges.m.b.H.</NazwaKontrahenta>
            <DowodSprzedazy>6729474/1072137/77</DowodSprzedazy>
            <DataWystawienia>2023-07-31</DataWystawienia>
            <DataSprzedazy>2023-07-03</DataSprzedazy>
            <K_29>5874.40</K_29>
            <K_30>0.0</K_30>
        </SprzedazWiersz>
        <SprzedazWiersz>
            <LpSprzedazy>3</LpSprzedazy>
            <KodKrajuNadaniaTIN>PL</KodKrajuNadaniaTIN>
            <NrKontrahenta>7822806773</NrKontrahenta>
            <NazwaKontrahenta>INTRAWER sp. z o.o.</NazwaKontrahenta>
            <DowodSprzedazy>FVS/4/07/2023</DowodSprzedazy>
            <DataWystawienia>2023-07-31</DataWystawienia>
            <DataSprzedazy>2023-07-03</DataSprzedazy>
            <GTU_13>1</GTU_13>
            <K_19>2469.92</K_19>
            <K_20>568.08</K_20>
        </SprzedazWiersz>
        <SprzedazWiersz>
            <LpSprzedazy>4</LpSprzedazy>
            <KodKrajuNadaniaTIN>PL</KodKrajuNadaniaTIN>
            <NrKontrahenta>8561811616</NrKontrahenta>
            <NazwaKontrahenta>Galan Logistics Sp. z o.o.</NazwaKontrahenta>
            <DowodSprzedazy>FVS/23/07/2023</DowodSprzedazy>
            <DataWystawienia>2023-07-31</DataWystawienia>
            <DataSprzedazy>2023-07-03</DataSprzedazy>
            <GTU_13>1</GTU_13>
            <K_19>4606.06</K_19>
            <K_20>1059.39</K_20>
        </SprzedazWiersz>
        <SprzedazWiersz>
            <LpSprzedazy>5</LpSprzedazy>
            <KodKrajuNadaniaTIN>PL</KodKrajuNadaniaTIN>
            <NrKontrahenta>8561811616</NrKontrahenta>
            <NazwaKontrahenta>Galan Logistics Sp. z o.o.</NazwaKontrahenta>
            <DowodSprzedazy>FVS/24/07/2023</DowodSprzedazy>
            <DataWystawienia>2023-07-31</DataWystawienia>
            <DataSprzedazy>2023-07-03</DataSprzedazy>
            <GTU_13>1</GTU_13>
            <K_19>890.06</K_19>
            <K_20>204.71</K_20>
        </SprzedazWiersz>
        <SprzedazWiersz>
            <LpSprzedazy>6</LpSprzedazy>
            <KodKrajuNadaniaTIN>PL</KodKrajuNadaniaTIN>
            <NrKontrahenta>8561811616</NrKontrahenta>
            <NazwaKontrahenta>Galan Logistics Sp. z o.o.</NazwaKontrahenta>
            <DowodSprzedazy>FVS/25/07/2023</DowodSprzedazy>
            <DataWystawienia>2023-07-31</DataWystawienia>
            <DataSprzedazy>2023-07-03</DataSprzedazy>
            <GTU_13>1</GTU_13>
            <K_19>1335.09</K_19>
            <K_20>307.07</K_20>
        </SprzedazWiersz>
        <SprzedazWiersz>
            <LpSprzedazy>7</LpSprzedazy>
            <KodKrajuNadaniaTIN>PL</KodKrajuNadaniaTIN>
            <NrKontrahenta>7822806773</NrKontrahenta>
            <NazwaKontrahenta>INTRAWER sp. z o.o.</NazwaKontrahenta>
            <DowodSprzedazy>FVS/5/07/2023</DowodSprzedazy>
            <DataWystawienia>2023-07-31</DataWystawienia>
            <DataSprzedazy>2023-07-04</DataSprzedazy>
            <GTU_13>1</GTU_13>
            <K_19>2459.82</K_19>
            <K_20>565.76</K_20>
        </SprzedazWiersz>
        <SprzedazWiersz>
            <LpSprzedazy>8</LpSprzedazy>
            <KodKrajuNadaniaTIN>PL</KodKrajuNadaniaTIN>
            <NrKontrahenta>7822806773</NrKontrahenta>
            <NazwaKontrahenta>INTRAWER sp. z o.o.</NazwaKontrahenta>
            <DowodSprzedazy>FVS/6/07/2023</DowodSprzedazy>
            <DataWystawienia>2023-07-31</DataWystawienia>
            <DataSprzedazy>2023-07-04</DataSprzedazy>
            <GTU_13>1</GTU_13>
            <K_19>2459.82</K_19>
            <K_20>565.76</K_20>
        </SprzedazWiersz>
        <SprzedazWiersz>
            <LpSprzedazy>9</LpSprzedazy>
            <KodKrajuNadaniaTIN>PL</KodKrajuNadaniaTIN>
            <NrKontrahenta>8781284403</NrKontrahenta>
            <NazwaKontrahenta>MIĘDZYNARODOWY TRANSPORT DROGOWY "HERMES" Zbigniew Liszaj</NazwaKontrahenta>
            <DowodSprzedazy>FVS/7/07/2023</DowodSprzedazy>
            <DataWystawienia>2023-07-31</DataWystawienia>
            <DataSprzedazy>2023-07-04</DataSprzedazy>
            <GTU_13>1</GTU_13>
            <K_19>3545.68</K_19>
            <K_20>815.51</K_20>
        </SprzedazWiersz>
        <SprzedazWiersz>
            <LpSprzedazy>10</LpSprzedazy>
            <KodKrajuNadaniaTIN>PL</KodKrajuNadaniaTIN>
            <NrKontrahenta>7712852200</NrKontrahenta>
            <NazwaKontrahenta>Grupa Transportowa Spółka z ograniczoną odpowiedzialnoś</NazwaKontrahenta>
            <DowodSprzedazy>FVS/9/07/2023</DowodSprzedazy>
            <DataWystawienia>2023-07-31</DataWystawienia>
            <DataSprzedazy>2023-07-04</DataSprzedazy>
            <GTU_13>1</GTU_13>
            <K_19>1994.45</K_19>
            <K_20>458.72</K_20>
        </SprzedazWiersz>
        <SprzedazWiersz>
            <LpSprzedazy>11</LpSprzedazy>
            <KodKrajuNadaniaTIN>DE</KodKrajuNadaniaTIN>
            <NrKontrahenta>815201846</NrKontrahenta>
            <NazwaKontrahenta>Horman GmbH Spedition</NazwaKontrahenta>
            <DowodSprzedazy>FVS/8/07/2023</DowodSprzedazy>
            <DataWystawienia>2023-07-31</DataWystawienia>
            <DataSprzedazy>2023-07-04</DataSprzedazy>
            <GTU_13>1</GTU_13>
            <K_11>1905.80</K_11>
            <K_12>1905.80</K_12>
        </SprzedazWiersz>
        <SprzedazWiersz>
            <LpSprzedazy>12</LpSprzedazy>
            <KodKrajuNadaniaTIN>PL</KodKrajuNadaniaTIN>
            <NrKontrahenta>5213951377</NrKontrahenta>
            <NazwaKontrahenta>RHENUS FREIGHT LOGISTICS sp. z o.o.</NazwaKontrahenta>
            <DowodSprzedazy>FVS/11/07/2023</DowodSprzedazy>
            <DataWystawienia>2023-07-31</DataWystawienia>
            <DataSprzedazy>2023-07-05</DataSprzedazy>
            <GTU_13>1</GTU_13>
            <K_19>2213.65</K_19>
            <K_20>509.14</K_20>
        </SprzedazWiersz>
        <SprzedazWiersz>
            <LpSprzedazy>13</LpSprzedazy>
            <KodKrajuNadaniaTIN>PL</KodKrajuNadaniaTIN>
            <NrKontrahenta>1132938778</NrKontrahenta>
            <NazwaKontrahenta>ZUMALTA sp. z o.o.</NazwaKontrahenta>
            <DowodSprzedazy>FVS/12/07/2023</DowodSprzedazy>
            <DataWystawienia>2023-07-31</DataWystawienia>
            <DataSprzedazy>2023-07-05</DataSprzedazy>
            <GTU_13>1</GTU_13>
            <K_19>1992.28</K_19>
            <K_20>458.23</K_20>
        </SprzedazWiersz>
        <SprzedazWiersz>
            <LpSprzedazy>14</LpSprzedazy>
            <KodKrajuNadaniaTIN>PL</KodKrajuNadaniaTIN>
            <NrKontrahenta>8561811616</NrKontrahenta>
            <NazwaKontrahenta>Galan Logistics Sp. z o.o.</NazwaKontrahenta>
            <DowodSprzedazy>FVS/26/07/2023</DowodSprzedazy>
            <DataWystawienia>2023-07-31</DataWystawienia>
            <DataSprzedazy>2023-07-05</DataSprzedazy>
            <GTU_13>1</GTU_13>
            <K_19>4626.53</K_19>
            <K_20>1064.1</K_20>
        </SprzedazWiersz>
        <SprzedazWiersz>
            <LpSprzedazy>15</LpSprzedazy>
            <KodKrajuNadaniaTIN>DE</KodKrajuNadaniaTIN>
            <NrKontrahenta>306209301</NrKontrahenta>
            <NazwaKontrahenta>Oelrich Logistics GmbH</NazwaKontrahenta>
            <DowodSprzedazy>FVS/10/07/2023</DowodSprzedazy>
            <DataWystawienia>2023-07-31</DataWystawienia>
            <DataSprzedazy>2023-07-05</DataSprzedazy>
            <GTU_13>1</GTU_13>
            <K_11>2125.10</K_11>
            <K_12>2125.10</K_12>
        </SprzedazWiersz>
        <SprzedazWiersz>
            <LpSprzedazy>16</LpSprzedazy>
            <KodKrajuNadaniaTIN>DE</KodKrajuNadaniaTIN>
            <NrKontrahenta>141622948</NrKontrahenta>
            <NazwaKontrahenta>Leipziger Logistik und Lagerhaus GmbH </NazwaKontrahenta>
            <DowodSprzedazy>FVS/13/07/2023</DowodSprzedazy>
            <DataWystawienia>2023-07-31</DataWystawienia>
            <DataSprzedazy>2023-07-05</DataSprzedazy>
            <GTU_13>1</GTU_13>
            <K_11>1992.28</K_11>
            <K_12>1992.28</K_12>
        </SprzedazWiersz>
        <SprzedazWiersz>
            <LpSprzedazy>17</LpSprzedazy>
            <KodKrajuNadaniaTIN>DE</KodKrajuNadaniaTIN>
            <NrKontrahenta>115892761</NrKontrahenta>
            <NazwaKontrahenta>Vaiana Service</NazwaKontrahenta>
            <DowodSprzedazy>FVS/16/07/2023</DowodSprzedazy>
            <DataWystawienia>2023-07-31</DataWystawienia>
            <DataSprzedazy>2023-07-05</DataSprzedazy>
            <GTU_13>1</GTU_13>
            <K_11>2656.38</K_11>
            <K_12>2656.38</K_12>
        </SprzedazWiersz>
        <SprzedazWiersz>
            <LpSprzedazy>18</LpSprzedazy>
            <KodKrajuNadaniaTIN>PL</KodKrajuNadaniaTIN>
            <NrKontrahenta>9581660606</NrKontrahenta>
            <NazwaKontrahenta>PENTAGON FREIGHT SERVICES sp. z o.o.</NazwaKontrahenta>
            <DowodSprzedazy>FVS/20/07/2023</DowodSprzedazy>
            <DataWystawienia>2023-07-31</DataWystawienia>
            <DataSprzedazy>2023-07-06</DataSprzedazy>
            <GTU_13>1</GTU_13>
            <K_19>1557.43</K_19>
            <K_20>358.21</K_20>
        </SprzedazWiersz>
        <SprzedazWiersz>
            <LpSprzedazy>19</LpSprzedazy>
            <KodKrajuNadaniaTIN>DE</KodKrajuNadaniaTIN>
            <NrKontrahenta>139001260</NrKontrahenta>
            <NazwaKontrahenta>CON-PRO Industrie-Service GmbH &amp; Co. KG</NazwaKontrahenta>
            <DowodSprzedazy>FVS/15/07/2023</DowodSprzedazy>
            <DataWystawienia>2023-07-31</DataWystawienia>
            <DataSprzedazy>2023-07-06</DataSprzedazy>
            <GTU_13>1</GTU_13>
            <K_11>3559.84</K_11>
            <K_12>3559.84</K_12>
        </SprzedazWiersz>
        <SprzedazWiersz>
            <LpSprzedazy>20</LpSprzedazy>
            <KodKrajuNadaniaTIN>DE</KodKrajuNadaniaTIN>
            <NrKontrahenta>188735361</NrKontrahenta>
            <NazwaKontrahenta>JAPO Konzert-und Veranstalungs GmbH</NazwaKontrahenta>
            <DowodSprzedazy>FVS/18/07/2023</DowodSprzedazy>
            <DataWystawienia>2023-07-31</DataWystawienia>
            <DataSprzedazy>2023-07-06</DataSprzedazy>
            <GTU_13>1</GTU_13>
            <K_11>2091.41</K_11>
            <K_12>2091.41</K_12>
        </SprzedazWiersz>
        <SprzedazWiersz>
            <LpSprzedazy>21</LpSprzedazy>
            <KodKrajuNadaniaTIN>DE</KodKrajuNadaniaTIN>
            <NrKontrahenta>253626856</NrKontrahenta>
            <NazwaKontrahenta>Weik Transporte </NazwaKontrahenta>
            <DowodSprzedazy>FVS/19/07/2023</DowodSprzedazy>
            <DataWystawienia>2023-07-31</DataWystawienia>
            <DataSprzedazy>2023-07-06</DataSprzedazy>
            <GTU_13>1</GTU_13>
            <K_11>2447.39</K_11>
            <K_12>2447.39</K_12>
        </SprzedazWiersz>
        <SprzedazWiersz>
            <LpSprzedazy>22</LpSprzedazy>
            <KodKrajuNadaniaTIN>PL</KodKrajuNadaniaTIN>
            <NrKontrahenta>5941603756</NrKontrahenta>
            <NazwaKontrahenta>ECOSAURE sp. z o.o.</NazwaKontrahenta>
            <DowodSprzedazy>FVS/14/07/2023</DowodSprzedazy>
            <DataWystawienia>2023-07-31</DataWystawienia>
            <DataSprzedazy>2023-07-07</DataSprzedazy>
            <GTU_13>1</GTU_13>
            <K_19>8950.80</K_19>
            <K_20>2058.68</K_20>
        </SprzedazWiersz>
        <SprzedazWiersz>
            <LpSprzedazy>23</LpSprzedazy>
            <KodKrajuNadaniaTIN>PL</KodKrajuNadaniaTIN>
            <NrKontrahenta>9581660606</NrKontrahenta>
            <NazwaKontrahenta>PENTAGON FREIGHT SERVICES sp. z o.o.</NazwaKontrahenta>
            <DowodSprzedazy>FVS/21/07/2023</DowodSprzedazy>
            <DataWystawienia>2023-07-31</DataWystawienia>
            <DataSprzedazy>2023-07-07</DataSprzedazy>
            <GTU_13>1</GTU_13>
            <K_19>1566.39</K_19>
            <K_20>360.27</K_20>
        </SprzedazWiersz>
        <SprzedazWiersz>
            <LpSprzedazy>24</LpSprzedazy>
            <KodKrajuNadaniaTIN>PL</KodKrajuNadaniaTIN>
            <NrKontrahenta>9581660606</NrKontrahenta>
            <NazwaKontrahenta>PENTAGON FREIGHT SERVICES sp. z o.o.</NazwaKontrahenta>
            <DowodSprzedazy>FVS/22/07/2023</DowodSprzedazy>
            <DataWystawienia>2023-07-31</DataWystawienia>
            <DataSprzedazy>2023-07-07</DataSprzedazy>
            <GTU_13>1</GTU_13>
            <K_19>1566.39</K_19>
            <K_20>360.27</K_20>
        </SprzedazWiersz>
        <SprzedazWiersz>
            <LpSprzedazy>25</LpSprzedazy>
            <KodKrajuNadaniaTIN>DE</KodKrajuNadaniaTIN>
            <NrKontrahenta>350996259</NrKontrahenta>
            <NazwaKontrahenta>VOSS International Logistik GmbH</NazwaKontrahenta>
            <DowodSprzedazy>FVS/17/07/2023</DowodSprzedazy>
            <DataWystawienia>2023-07-31</DataWystawienia>
            <DataSprzedazy>2023-07-07</DataSprzedazy>
            <GTU_13>1</GTU_13>
            <K_11>1342.62</K_11>
            <K_12>1342.62</K_12>
        </SprzedazWiersz>
        <SprzedazWiersz>
            <LpSprzedazy>26</LpSprzedazy>
            <KodKrajuNadaniaTIN>PL</KodKrajuNadaniaTIN>
            <NrKontrahenta>8513248293</NrKontrahenta>
            <NazwaKontrahenta>MM LOGISTICS sp. z o.o.</NazwaKontrahenta>
            <DowodSprzedazy>FVS/43/07/2023</DowodSprzedazy>
            <DataWystawienia>2023-07-31</DataWystawienia>
            <DataSprzedazy>2023-07-08</DataSprzedazy>
            <GTU_13>1</GTU_13>
            <K_19>1792.12</K_19>
            <K_20>0.0</K_20>
        </SprzedazWiersz>
        <SprzedazWiersz>
            <LpSprzedazy>27</LpSprzedazy>
            <KodKrajuNadaniaTIN>PL</KodKrajuNadaniaTIN>
            <NrKontrahenta>8561811616</NrKontrahenta>
            <NazwaKontrahenta>Galan Logistics Sp. z o.o.</NazwaKontrahenta>
            <DowodSprzedazy>FVS/38/07/2023</DowodSprzedazy>
            <DataWystawienia>2023-07-31</DataWystawienia>
            <DataSprzedazy>2023-07-10</DataSprzedazy>
            <GTU_13>1</GTU_13>
            <K_19>1187.28</K_19>
            <K_20>273.07</K_20>
        </SprzedazWiersz>
        <SprzedazWiersz>
            <LpSprzedazy>28</LpSprzedazy>
            <KodKrajuNadaniaTIN>PL</KodKrajuNadaniaTIN>
            <NrKontrahenta>8561811616</NrKontrahenta>
            <NazwaKontrahenta>Galan Logistics Sp. z o.o.</NazwaKontrahenta>
            <DowodSprzedazy>FVS/39/07/2023</DowodSprzedazy>
            <DataWystawienia>2023-07-31</DataWystawienia>
            <DataSprzedazy>2023-07-10</DataSprzedazy>
            <GTU_13>1</GTU_13>
            <K_19>1344.09</K_19>
            <K_20>309.14</K_20>
        </SprzedazWiersz>
        <SprzedazWiersz>
            <LpSprzedazy>29</LpSprzedazy>
            <KodKrajuNadaniaTIN>PL</KodKrajuNadaniaTIN>
            <NrKontrahenta>8513248293</NrKontrahenta>
            <NazwaKontrahenta>MM LOGISTICS sp. z o.o.</NazwaKontrahenta>
            <DowodSprzedazy>FVS/45/07/2023</DowodSprzedazy>
            <DataWystawienia>2023-07-31</DataWystawienia>
            <DataSprzedazy>2023-07-10</DataSprzedazy>
            <GTU_13>1</GTU_13>
            <K_19>2240.15</K_19>
            <K_20>0.0</K_20>
        </SprzedazWiersz>
        <SprzedazWiersz>
            <LpSprzedazy>30</LpSprzedazy>
            <KodKrajuNadaniaTIN>PL</KodKrajuNadaniaTIN>
            <NrKontrahenta>8513248293</NrKontrahenta>
            <NazwaKontrahenta>MM LOGISTICS sp. z o.o.</NazwaKontrahenta>
            <DowodSprzedazy>FVS/46/07/2023</DowodSprzedazy>
            <DataWystawienia>2023-07-31</DataWystawienia>
            <DataSprzedazy>2023-07-10</DataSprzedazy>
            <GTU_13>1</GTU_13>
            <K_19>6496.43</K_19>
            <K_20>0.0</K_20>
        </SprzedazWiersz>
        <SprzedazWiersz>
            <LpSprzedazy>31</LpSprzedazy>
            <KodKrajuNadaniaTIN>PL</KodKrajuNadaniaTIN>
            <NrKontrahenta>8513248293</NrKontrahenta>
            <NazwaKontrahenta>MM LOGISTICS sp. z o.o.</NazwaKontrahenta>
            <DowodSprzedazy>FVS/47/07/2023</DowodSprzedazy>
            <DataWystawienia>2023-07-31</DataWystawienia>
            <DataSprzedazy>2023-07-10</DataSprzedazy>
            <GTU_13>1</GTU_13>
            <K_19>448.03</K_19>
            <K_20>0.0</K_20>
        </SprzedazWiersz>
        <SprzedazWiersz>
            <LpSprzedazy>32</LpSprzedazy>
            <KodKrajuNadaniaTIN>PL</KodKrajuNadaniaTIN>
            <NrKontrahenta>8561811616</NrKontrahenta>
            <NazwaKontrahenta>Galan Logistics Sp. z o.o.</NazwaKontrahenta>
            <DowodSprzedazy>FVS/37/07/2023</DowodSprzedazy>
            <DataWystawienia>2023-07-31</DataWystawienia>
            <DataSprzedazy>2023-07-10</DataSprzedazy>
            <GTU_13>1</GTU_13>
            <K_19>4032.27</K_19>
            <K_20>927.42</K_20>
        </SprzedazWiersz>
        <SprzedazWiersz>
            <LpSprzedazy>33</LpSprzedazy>
            <KodKrajuNadaniaTIN>PL</KodKrajuNadaniaTIN>
            <NrKontrahenta>9552521552</NrKontrahenta>
            <NazwaKontrahenta>ALEXANDER GLOBAL LOGISTICS POLAND sp. z o.o.</NazwaKontrahenta>
            <DowodSprzedazy>FVS/27/07/2023</DowodSprzedazy>
            <DataWystawienia>2023-07-31</DataWystawienia>
            <DataSprzedazy>2023-07-11</DataSprzedazy>
            <GTU_13>1</GTU_13>
            <K_19>2004.89</K_19>
            <K_20>461.12</K_20>
        </SprzedazWiersz>
        <SprzedazWiersz>
            <LpSprzedazy>34</LpSprzedazy>
            <KodKrajuNadaniaTIN>PL</KodKrajuNadaniaTIN>
            <NrKontrahenta>9552521552</NrKontrahenta>
            <NazwaKontrahenta>ALEXANDER GLOBAL LOGISTICS POLAND sp. z o.o.</NazwaKontrahenta>
            <DowodSprzedazy>FVS/28/07/2023</DowodSprzedazy>
            <DataWystawienia>2023-07-31</DataWystawienia>
            <DataSprzedazy>2023-07-11</DataSprzedazy>
            <GTU_13>1</GTU_13>
            <K_19>2004.89</K_19>
            <K_20>461.12</K_20>
        </SprzedazWiersz>
        <SprzedazWiersz>
            <LpSprzedazy>35</LpSprzedazy>
            <KodKrajuNadaniaTIN>DE</KodKrajuNadaniaTIN>
            <NrKontrahenta>252717296</NrKontrahenta>
            <NazwaKontrahenta>Schwank Spedition GmbH</NazwaKontrahenta>
            <DowodSprzedazy>FVS/29/07/2023</DowodSprzedazy>
            <DataWystawienia>2023-07-31</DataWystawienia>
            <DataSprzedazy>2023-07-11</DataSprzedazy>
            <GTU_13>1</GTU_13>
            <K_11>1782.12</K_11>
            <K_12>1782.12</K_12>
        </SprzedazWiersz>
        <SprzedazWiersz>
            <LpSprzedazy>36</LpSprzedazy>
            <KodKrajuNadaniaTIN>DE</KodKrajuNadaniaTIN>
            <NrKontrahenta>811156427</NrKontrahenta>
            <NazwaKontrahenta>BTK GmbH</NazwaKontrahenta>
            <DowodSprzedazy>FVS/30/07/2023</DowodSprzedazy>
            <DataWystawienia>2023-07-31</DataWystawienia>
            <DataSprzedazy>2023-07-11</DataSprzedazy>
            <GTU_13>1</GTU_13>
            <K_11>2227.65</K_11>
            <K_12>2227.65</K_12>
        </SprzedazWiersz>
        <SprzedazWiersz>
            <LpSprzedazy>37</LpSprzedazy>
            <KodKrajuNadaniaTIN>PL</KodKrajuNadaniaTIN>
            <NrKontrahenta>8561811616</NrKontrahenta>
            <NazwaKontrahenta>Galan Logistics Sp. z o.o.</NazwaKontrahenta>
            <DowodSprzedazy>FVS/40/07/2023</DowodSprzedazy>
            <DataWystawienia>2023-07-31</DataWystawienia>
            <DataSprzedazy>2023-07-12</DataSprzedazy>
            <GTU_13>1</GTU_13>
            <K_19>4642.52</K_19>
            <K_20>1067.78</K_20>
        </SprzedazWiersz>
        <SprzedazWiersz>
            <LpSprzedazy>38</LpSprzedazy>
            <KodKrajuNadaniaTIN>DE</KodKrajuNadaniaTIN>
            <NrKontrahenta>115892761</NrKontrahenta>
            <NazwaKontrahenta>Vaiana Service</NazwaKontrahenta>
            <DowodSprzedazy>FVS/31/07/2023</DowodSprzedazy>
            <DataWystawienia>2023-07-31</DataWystawienia>
            <DataSprzedazy>2023-07-12</DataSprzedazy>
            <GTU_13>1</GTU_13>
            <K_11>2132.45</K_11>
            <K_12>2132.45</K_12>
        </SprzedazWiersz>
        <SprzedazWiersz>
            <LpSprzedazy>39</LpSprzedazy>
            <KodKrajuNadaniaTIN>PL</KodKrajuNadaniaTIN>
            <NrKontrahenta>8561811616</NrKontrahenta>
            <NazwaKontrahenta>Galan Logistics Sp. z o.o.</NazwaKontrahenta>
            <DowodSprzedazy>FVS/41/07/2023</DowodSprzedazy>
            <DataWystawienia>2023-07-31</DataWystawienia>
            <DataSprzedazy>2023-07-13</DataSprzedazy>
            <GTU_13>1</GTU_13>
            <K_19>889.42</K_19>
            <K_20>204.57</K_20>
        </SprzedazWiersz>
        <SprzedazWiersz>
            <LpSprzedazy>40</LpSprzedazy>
            <KodKrajuNadaniaTIN>PL</KodKrajuNadaniaTIN>
            <NrKontrahenta>8561811616</NrKontrahenta>
            <NazwaKontrahenta>Galan Logistics Sp. z o.o.</NazwaKontrahenta>
            <DowodSprzedazy>FVS/42/07/2023</DowodSprzedazy>
            <DataWystawienia>2023-07-31</DataWystawienia>
            <DataSprzedazy>2023-07-13</DataSprzedazy>
            <GTU_13>1</GTU_13>
            <K_19>1823.31</K_19>
            <K_20>419.36</K_20>
        </SprzedazWiersz>
        <SprzedazWiersz>
            <LpSprzedazy>41</LpSprzedazy>
            <KodKrajuNadaniaTIN>PL</KodKrajuNadaniaTIN>
            <NrKontrahenta>8513248293</NrKontrahenta>
            <NazwaKontrahenta>MM LOGISTICS sp. z o.o.</NazwaKontrahenta>
            <DowodSprzedazy>FVS/44/07/2023</DowodSprzedazy>
            <DataWystawienia>2023-07-31</DataWystawienia>
            <DataSprzedazy>2023-07-13</DataSprzedazy>
            <GTU_13>1</GTU_13>
            <K_19>4669.45</K_19>
            <K_20>0.0</K_20>
        </SprzedazWiersz>
        <SprzedazWiersz>
            <LpSprzedazy>42</LpSprzedazy>
            <KodKrajuNadaniaTIN>DE</KodKrajuNadaniaTIN>
            <NrKontrahenta>246711824</NrKontrahenta>
            <NazwaKontrahenta>Doerffler &amp; Schuetz Transport + logistik GmbH </NazwaKontrahenta>
            <DowodSprzedazy>FVS/32/07/2023</DowodSprzedazy>
            <DataWystawienia>2023-07-31</DataWystawienia>
            <DataSprzedazy>2023-07-13</DataSprzedazy>
            <GTU_13>1</GTU_13>
            <K_11>2312.49</K_11>
            <K_12>2312.49</K_12>
        </SprzedazWiersz>
        <SprzedazWiersz>
            <LpSprzedazy>43</LpSprzedazy>
            <KodKrajuNadaniaTIN>DE</KodKrajuNadaniaTIN>
            <NrKontrahenta>813999654</NrKontrahenta>
            <NazwaKontrahenta>RusCargo Transport &amp; Logistik Internationale Speditions GmbH</NazwaKontrahenta>
            <DowodSprzedazy>GU2307082</DowodSprzedazy>
            <DataWystawienia>2023-07-31</DataWystawienia>
            <DataSprzedazy>2023-07-13</DataSprzedazy>
            <GTU_13>1</GTU_13>
            <K_11>2223.55</K_11>
            <K_12>2223.55</K_12>
        </SprzedazWiersz>
        <SprzedazWiersz>
            <LpSprzedazy>44</LpSprzedazy>
            <KodKrajuNadaniaTIN>PL</KodKrajuNadaniaTIN>
            <NrKontrahenta>9581660606</NrKontrahenta>
            <NazwaKontrahenta>PENTAGON FREIGHT SERVICES sp. z o.o.</NazwaKontrahenta>
            <DowodSprzedazy>FVS/35/07/2023</DowodSprzedazy>
            <DataWystawienia>2023-07-31</DataWystawienia>
            <DataSprzedazy>2023-07-14</DataSprzedazy>
            <GTU_13>1</GTU_13>
            <K_19>1551.76</K_19>
            <K_20>356.9</K_20>
        </SprzedazWiersz>
        <SprzedazWiersz>
            <LpSprzedazy>45</LpSprzedazy>
            <KodKrajuNadaniaTIN>PL</KodKrajuNadaniaTIN>
            <NrKontrahenta>9581660606</NrKontrahenta>
            <NazwaKontrahenta>PENTAGON FREIGHT SERVICES sp. z o.o.</NazwaKontrahenta>
            <DowodSprzedazy>FVS/36/07/2023</DowodSprzedazy>
            <DataWystawienia>2023-07-31</DataWystawienia>
            <DataSprzedazy>2023-07-14</DataSprzedazy>
            <GTU_13>1</GTU_13>
            <K_19>1551.76</K_19>
            <K_20>356.9</K_20>
        </SprzedazWiersz>
        <SprzedazWiersz>
            <LpSprzedazy>46</LpSprzedazy>
            <KodKrajuNadaniaTIN>DE</KodKrajuNadaniaTIN>
            <NrKontrahenta>813999654</NrKontrahenta>
            <NazwaKontrahenta>RusCargo Transport &amp; Logistik Internationale Speditions GmbH</NazwaKontrahenta>
            <DowodSprzedazy>FVS/33/07/2023</DowodSprzedazy>
            <DataWystawienia>2023-07-31</DataWystawienia>
            <DataSprzedazy>2023-07-14</DataSprzedazy>
            <GTU_13>1</GTU_13>
            <K_11>2216.80</K_11>
            <K_12>2216.80</K_12>
        </SprzedazWiersz>
        <SprzedazWiersz>
            <LpSprzedazy>47</LpSprzedazy>
            <KodKrajuNadaniaTIN>DE</KodKrajuNadaniaTIN>
            <NrKontrahenta>319475763</NrKontrahenta>
            <NazwaKontrahenta>Hanitzsch GmbH&amp; Co. KG</NazwaKontrahenta>
            <DowodSprzedazy>FVS/34/07/2023</DowodSprzedazy>
            <DataWystawienia>2023-07-31</DataWystawienia>
            <DataSprzedazy>2023-07-14</DataSprzedazy>
            <GTU_13>1</GTU_13>
            <K_11>886.72</K_11>
            <K_12>886.72</K_12>
        </SprzedazWiersz>
        <SprzedazWiersz>
            <LpSprzedazy>48</LpSprzedazy>
            <KodKrajuNadaniaTIN>PL</KodKrajuNadaniaTIN>
            <NrKontrahenta>5262907815</NrKontrahenta>
            <NazwaKontrahenta>Amazon EU s.a.r.l.</NazwaKontrahenta>
            <DowodSprzedazy>#AZNG8239BAF6562941639CA20529044CEBEA</DowodSprzedazy>
            <DataWystawienia>2023-07-31</DataWystawienia>
            <DataSprzedazy>2023-07-15</DataSprzedazy>
            <GTU_13>1</GTU_13>
            <K_19>6047.74</K_19>
            <K_20>1390.98</K_20>
        </SprzedazWiersz>
        <SprzedazWiersz>
            <LpSprzedazy>49</LpSprzedazy>
            <KodKrajuNadaniaTIN>PL</KodKrajuNadaniaTIN>
            <NrKontrahenta>9552521552</NrKontrahenta>
            <NazwaKontrahenta>ALEXANDER GLOBAL LOGISTICS POLAND sp. z o.o.</NazwaKontrahenta>
            <DowodSprzedazy>FVS/48/07/2023</DowodSprzedazy>
            <DataWystawienia>2023-07-31</DataWystawienia>
            <DataSprzedazy>2023-07-17</DataSprzedazy>
            <GTU_13>1</GTU_13>
            <K_19>2001.87</K_19>
            <K_20>460.43</K_20>
        </SprzedazWiersz>
        <SprzedazWiersz>
            <LpSprzedazy>50</LpSprzedazy>
            <KodKrajuNadaniaTIN>PL</KodKrajuNadaniaTIN>
            <NrKontrahenta>189439213</NrKontrahenta>
            <NazwaKontrahenta>TimoCom GmbH</NazwaKontrahenta>
            <DowodSprzedazy>223245608</DowodSprzedazy>
            <DataWystawienia>2023-07-31</DataWystawienia>
            <DataSprzedazy>2023-07-18</DataSprzedazy>
            <K_29>380.20</K_29>
            <K_30>87.44</K_30>
        </SprzedazWiersz>
        <SprzedazWiersz>
            <LpSprzedazy>51</LpSprzedazy>
            <KodKrajuNadaniaTIN>DE</KodKrajuNadaniaTIN>
            <NrKontrahenta>252717296</NrKontrahenta>
            <NazwaKontrahenta>Schwank Spedition GmbH</NazwaKontrahenta>
            <DowodSprzedazy>FVS/49/07/2023</DowodSprzedazy>
            <DataWystawienia>2023-07-31</DataWystawienia>
            <DataSprzedazy>2023-07-18</DataSprzedazy>
            <GTU_13>1</GTU_13>
            <K_11>1780.80</K_11>
            <K_12>1780.80</K_12>
        </SprzedazWiersz>
        <SprzedazWiersz>
            <LpSprzedazy>52</LpSprzedazy>
            <KodKrajuNadaniaTIN>DE</KodKrajuNadaniaTIN>
            <NrKontrahenta>115972683</NrKontrahenta>
            <NazwaKontrahenta>Nowatzki Logistik GmbH</NazwaKontrahenta>
            <DowodSprzedazy>662301055</DowodSprzedazy>
            <DataWystawienia>2023-07-31</DataWystawienia>
            <DataSprzedazy>2023-07-18</DataSprzedazy>
            <GTU_13>1</GTU_13>
            <K_11>1647.24</K_11>
            <K_12>1647.24</K_12>
        </SprzedazWiersz>
        <SprzedazWiersz>
            <LpSprzedazy>53</LpSprzedazy>
            <KodKrajuNadaniaTIN>PL</KodKrajuNadaniaTIN>
            <NrKontrahenta>9552521552</NrKontrahenta>
            <NazwaKontrahenta>ALEXANDER GLOBAL LOGISTICS POLAND sp. z o.o.</NazwaKontrahenta>
            <DowodSprzedazy>FVS/50/07/2023</DowodSprzedazy>
            <DataWystawienia>2023-07-31</DataWystawienia>
            <DataSprzedazy>2023-07-19</DataSprzedazy>
            <GTU_13>1</GTU_13>
            <K_19>1994.89</K_19>
            <K_20>458.83</K_20>
        </SprzedazWiersz>
        <SprzedazWiersz>
            <LpSprzedazy>54</LpSprzedazy>
            <KodKrajuNadaniaTIN>PL</KodKrajuNadaniaTIN>
            <NrKontrahenta>5223029032</NrKontrahenta>
            <NazwaKontrahenta>EMERLOG sp. z o.o.</NazwaKontrahenta>
            <DowodSprzedazy>FVS/51/07/2023</DowodSprzedazy>
            <DataWystawienia>2023-07-31</DataWystawienia>
            <DataSprzedazy>2023-07-19</DataSprzedazy>
            <GTU_13>1</GTU_13>
            <K_19>2216.55</K_19>
            <K_20>509.81</K_20>
        </SprzedazWiersz>
        <SprzedazWiersz>
            <LpSprzedazy>55</LpSprzedazy>
            <KodKrajuNadaniaTIN>PL</KodKrajuNadaniaTIN>
            <NrKontrahenta>5262907815</NrKontrahenta>
            <NazwaKontrahenta>Amazon EU s.a.r.l.</NazwaKontrahenta>
            <DowodSprzedazy>#AZNG0CAC54AB3ADE47719D343F5931FF7A61</DowodSprzedazy>
            <DataWystawienia>2023-07-31</DataWystawienia>
            <DataSprzedazy>2023-07-19</DataSprzedazy>
            <GTU_13>1</GTU_13>
            <K_19>1555.26</K_19>
            <K_20>357.71</K_20>
        </SprzedazWiersz>
        <SprzedazWiersz>
            <LpSprzedazy>56</LpSprzedazy>
            <KodKrajuNadaniaTIN>DE</KodKrajuNadaniaTIN>
            <NrKontrahenta>252717296</NrKontrahenta>
            <NazwaKontrahenta>Schwank Spedition GmbH</NazwaKontrahenta>
            <DowodSprzedazy>FVS/52/07/2023</DowodSprzedazy>
            <DataWystawienia>2023-07-31</DataWystawienia>
            <DataSprzedazy>2023-07-19</DataSprzedazy>
            <GTU_13>1</GTU_13>
            <K_11>1773.24</K_11>
            <K_12>1773.24</K_12>
        </SprzedazWiersz>
        <SprzedazWiersz>
            <LpSprzedazy>57</LpSprzedazy>
            <KodKrajuNadaniaTIN>DE</KodKrajuNadaniaTIN>
            <NrKontrahenta>120682142</NrKontrahenta>
            <NazwaKontrahenta>Neufra Speditions GmbH </NazwaKontrahenta>
            <DowodSprzedazy>1907903</DowodSprzedazy>
            <DataWystawienia>2023-07-31</DataWystawienia>
            <DataSprzedazy>2023-07-19</DataSprzedazy>
            <GTU_13>1</GTU_13>
            <K_11>1950.56</K_11>
            <K_12>1950.56</K_12>
        </SprzedazWiersz>
        <SprzedazWiersz>
            <LpSprzedazy>58</LpSprzedazy>
            <KodKrajuNadaniaTIN>PL</KodKrajuNadaniaTIN>
            <NrKontrahenta>6443551363</NrKontrahenta>
            <NazwaKontrahenta>BEEFREE LOGISTICS sp. z o.o.</NazwaKontrahenta>
            <DowodSprzedazy>FVS/56/07/2023</DowodSprzedazy>
            <DataWystawienia>2023-07-31</DataWystawienia>
            <DataSprzedazy>2023-07-20</DataSprzedazy>
            <GTU_13>1</GTU_13>
            <K_19>1557.22</K_19>
            <K_20>358.16</K_20>
        </SprzedazWiersz>
        <SprzedazWiersz>
            <LpSprzedazy>59</LpSprzedazy>
            <KodKrajuNadaniaTIN>DE</KodKrajuNadaniaTIN>
            <NrKontrahenta>326007713</NrKontrahenta>
            <NazwaKontrahenta>BuLLogistics GmbH &amp; Co. KG</NazwaKontrahenta>
            <DowodSprzedazy>FVS/53/07/2023</DowodSprzedazy>
            <DataWystawienia>2023-07-31</DataWystawienia>
            <DataSprzedazy>2023-07-20</DataSprzedazy>
            <GTU_13>1</GTU_13>
            <K_11>2002.14</K_11>
            <K_12>2002.14</K_12>
        </SprzedazWiersz>
        <SprzedazWiersz>
            <LpSprzedazy>60</LpSprzedazy>
            <KodKrajuNadaniaTIN>DE</KodKrajuNadaniaTIN>
            <NrKontrahenta>212634184</NrKontrahenta>
            <NazwaKontrahenta>Kosse &amp; Söhne Transport GmbH</NazwaKontrahenta>
            <DowodSprzedazy>FVS/54/07/2023</DowodSprzedazy>
            <DataWystawienia>2023-07-31</DataWystawienia>
            <DataSprzedazy>2023-07-20</DataSprzedazy>
            <GTU_13>1</GTU_13>
            <K_11>1334.76</K_11>
            <K_12>1334.76</K_12>
        </SprzedazWiersz>
        <SprzedazWiersz>
            <LpSprzedazy>61</LpSprzedazy>
            <KodKrajuNadaniaTIN>DE</KodKrajuNadaniaTIN>
            <NrKontrahenta>140207590</NrKontrahenta>
            <NazwaKontrahenta>Hasse Transport GmbH</NazwaKontrahenta>
            <DowodSprzedazy>FVS/55/07/2023</DowodSprzedazy>
            <DataWystawienia>2023-07-31</DataWystawienia>
            <DataSprzedazy>2023-07-20</DataSprzedazy>
            <GTU_13>1</GTU_13>
            <K_11>2402.57</K_11>
            <K_12>2402.57</K_12>
        </SprzedazWiersz>
        <SprzedazWiersz>
            <LpSprzedazy>62</LpSprzedazy>
            <KodKrajuNadaniaTIN>DE</KodKrajuNadaniaTIN>
            <NrKontrahenta>120682142</NrKontrahenta>
            <NazwaKontrahenta>Neufra Speditions GmbH </NazwaKontrahenta>
            <DowodSprzedazy>FVS/61/07/2023</DowodSprzedazy>
            <DataWystawienia>2023-07-31</DataWystawienia>
            <DataSprzedazy>2023-07-20</DataSprzedazy>
            <GTU_13>1</GTU_13>
            <K_11>1957.65</K_11>
            <K_12>1957.65</K_12>
        </SprzedazWiersz>
        <SprzedazWiersz>
            <LpSprzedazy>63</LpSprzedazy>
            <KodKrajuNadaniaTIN>DE</KodKrajuNadaniaTIN>
            <NrKontrahenta>813129517</NrKontrahenta>
            <NazwaKontrahenta>Voigt Transporte GmbH</NazwaKontrahenta>
            <DowodSprzedazy>AG23-0339</DowodSprzedazy>
            <DataWystawienia>2023-07-31</DataWystawienia>
            <DataSprzedazy>2023-07-20</DataSprzedazy>
            <GTU_13>1</GTU_13>
            <K_11>1976.51</K_11>
            <K_12>1976.51</K_12>
        </SprzedazWiersz>
        <SprzedazWiersz>
            <LpSprzedazy>64</LpSprzedazy>
            <KodKrajuNadaniaTIN>PL</KodKrajuNadaniaTIN>
            <NrKontrahenta>9581660606</NrKontrahenta>
            <NazwaKontrahenta>PENTAGON FREIGHT SERVICES sp. z o.o.</NazwaKontrahenta>
            <DowodSprzedazy>FVS/57/07/2023</DowodSprzedazy>
            <DataWystawienia>2023-07-31</DataWystawienia>
            <DataSprzedazy>2023-07-21</DataSprzedazy>
            <GTU_13>1</GTU_13>
            <K_19>1557.88</K_19>
            <K_20>358.31</K_20>
        </SprzedazWiersz>
        <SprzedazWiersz>
            <LpSprzedazy>65</LpSprzedazy>
            <KodKrajuNadaniaTIN>PL</KodKrajuNadaniaTIN>
            <NrKontrahenta>9581660606</NrKontrahenta>
            <NazwaKontrahenta>PENTAGON FREIGHT SERVICES sp. z o.o.</NazwaKontrahenta>
            <DowodSprzedazy>FVS/58/07/2023</DowodSprzedazy>
            <DataWystawienia>2023-07-31</DataWystawienia>
            <DataSprzedazy>2023-07-21</DataSprzedazy>
            <GTU_13>1</GTU_13>
            <K_19>1557.88</K_19>
            <K_20>358.31</K_20>
        </SprzedazWiersz>
        <SprzedazWiersz>
            <LpSprzedazy>66</LpSprzedazy>
            <KodKrajuNadaniaTIN>PL</KodKrajuNadaniaTIN>
            <NrKontrahenta>9581660606</NrKontrahenta>
            <NazwaKontrahenta>PENTAGON FREIGHT SERVICES sp. z o.o.</NazwaKontrahenta>
            <DowodSprzedazy>FVS/59/07/2023</DowodSprzedazy>
            <DataWystawienia>2023-07-31</DataWystawienia>
            <DataSprzedazy>2023-07-21</DataSprzedazy>
            <GTU_13>1</GTU_13>
            <K_19>1557.88</K_19>
            <K_20>358.31</K_20>
        </SprzedazWiersz>
        <SprzedazWiersz>
            <LpSprzedazy>67</LpSprzedazy>
            <KodKrajuNadaniaTIN>PL</KodKrajuNadaniaTIN>
            <NrKontrahenta>9581660606</NrKontrahenta>
            <NazwaKontrahenta>PENTAGON FREIGHT SERVICES sp. z o.o.</NazwaKontrahenta>
            <DowodSprzedazy>FVS/60/07/2023</DowodSprzedazy>
            <DataWystawienia>2023-07-31</DataWystawienia>
            <DataSprzedazy>2023-07-21</DataSprzedazy>
            <GTU_13>1</GTU_13>
            <K_19>1557.88</K_19>
            <K_20>358.31</K_20>
        </SprzedazWiersz>
        <SprzedazWiersz>
            <LpSprzedazy>68</LpSprzedazy>
            <KodKrajuNadaniaTIN>PL</KodKrajuNadaniaTIN>
            <NrKontrahenta>8522672493</NrKontrahenta>
            <NazwaKontrahenta>CAVERAL ROAD sp. z o.o.</NazwaKontrahenta>
            <DowodSprzedazy>FVS/62/07/2023</DowodSprzedazy>
            <DataWystawienia>2023-07-31</DataWystawienia>
            <DataSprzedazy>2023-07-25</DataSprzedazy>
            <GTU_13>1</GTU_13>
            <K_19>4006.53</K_19>
            <K_20>921.5</K_20>
        </SprzedazWiersz>
        <SprzedazWiersz>
            <LpSprzedazy>69</LpSprzedazy>
            <KodKrajuNadaniaTIN>PL</KodKrajuNadaniaTIN>
            <NrKontrahenta>8522617229</NrKontrahenta>
            <NazwaKontrahenta>CAVERAL CARGO  sp. z o.o.</NazwaKontrahenta>
            <DowodSprzedazy>FVS/63/07/2023</DowodSprzedazy>
            <DataWystawienia>2023-07-31</DataWystawienia>
            <DataSprzedazy>2023-07-25</DataSprzedazy>
            <GTU_13>1</GTU_13>
            <K_19>3561.36</K_19>
            <K_20>819.11</K_20>
        </SprzedazWiersz>
        <SprzedazWiersz>
            <LpSprzedazy>70</LpSprzedazy>
            <KodKrajuNadaniaTIN>PL</KodKrajuNadaniaTIN>
            <NrKontrahenta>5223029032</NrKontrahenta>
            <NazwaKontrahenta>EMERLOG sp. z o.o.</NazwaKontrahenta>
            <DowodSprzedazy>FVS/64/07/2023</DowodSprzedazy>
            <DataWystawienia>2023-07-31</DataWystawienia>
            <DataSprzedazy>2023-07-25</DataSprzedazy>
            <GTU_13>1</GTU_13>
            <K_19>2003.26</K_19>
            <K_20>460.75</K_20>
        </SprzedazWiersz>
        <SprzedazWiersz>
            <LpSprzedazy>71</LpSprzedazy>
            <KodKrajuNadaniaTIN>PL</KodKrajuNadaniaTIN>
            <NrKontrahenta>8513106535</NrKontrahenta>
            <NazwaKontrahenta>Profi-Sped Sp. z o.o.</NazwaKontrahenta>
            <DowodSprzedazy>FVS/65/07/2023</DowodSprzedazy>
            <DataWystawienia>2023-07-31</DataWystawienia>
            <DataSprzedazy>2023-07-25</DataSprzedazy>
            <GTU_13>1</GTU_13>
            <K_19>1800.00</K_19>
            <K_20>414.0</K_20>
        </SprzedazWiersz>
        <SprzedazWiersz>
            <LpSprzedazy>72</LpSprzedazy>
            <KodKrajuNadaniaTIN>PL</KodKrajuNadaniaTIN>
            <NrKontrahenta>5252712381</NrKontrahenta>
            <NazwaKontrahenta>ENEPSO sp. z o.o.</NazwaKontrahenta>
            <DowodSprzedazy>FVS/66/07/2023</DowodSprzedazy>
            <DataWystawienia>2023-07-31</DataWystawienia>
            <DataSprzedazy>2023-07-25</DataSprzedazy>
            <GTU_13>1</GTU_13>
            <K_19>1647.13</K_19>
            <K_20>378.84</K_20>
        </SprzedazWiersz>
        <SprzedazWiersz>
            <LpSprzedazy>73</LpSprzedazy>
            <KodKrajuNadaniaTIN>PL</KodKrajuNadaniaTIN>
            <NrKontrahenta>8542431976</NrKontrahenta>
            <NazwaKontrahenta>TD ELKEY sp. z o.o.</NazwaKontrahenta>
            <DowodSprzedazy>FVS/67/07/2023</DowodSprzedazy>
            <DataWystawienia>2023-07-31</DataWystawienia>
            <DataSprzedazy>2023-07-26</DataSprzedazy>
            <GTU_13>1</GTU_13>
            <K_19>2660.88</K_19>
            <K_20>612.0</K_20>
        </SprzedazWiersz>
        <SprzedazWiersz>
            <LpSprzedazy>74</LpSprzedazy>
            <KodKrajuNadaniaTIN>DE</KodKrajuNadaniaTIN>
            <NrKontrahenta>199540742</NrKontrahenta>
            <NazwaKontrahenta>Sachsenland Transport&amp;Logistik GmbH</NazwaKontrahenta>
            <DowodSprzedazy>FVS/68/07/2023</DowodSprzedazy>
            <DataWystawienia>2023-07-31</DataWystawienia>
            <DataSprzedazy>2023-07-26</DataSprzedazy>
            <GTU_13>1</GTU_13>
            <K_11>2439.14</K_11>
            <K_12>2439.14</K_12>
        </SprzedazWiersz>
        <SprzedazWiersz>
            <LpSprzedazy>75</LpSprzedazy>
            <KodKrajuNadaniaTIN>DE</KodKrajuNadaniaTIN>
            <NrKontrahenta>292846748</NrKontrahenta>
            <NazwaKontrahenta>K&amp;M Euro Logistics GmbH &amp; Co. KG</NazwaKontrahenta>
            <DowodSprzedazy>FVS/69/07/2023</DowodSprzedazy>
            <DataWystawienia>2023-07-31</DataWystawienia>
            <DataSprzedazy>2023-07-26</DataSprzedazy>
            <GTU_13>1</GTU_13>
            <K_11>1906.96</K_11>
            <K_12>1906.96</K_12>
        </SprzedazWiersz>
        <SprzedazWiersz>
            <LpSprzedazy>76</LpSprzedazy>
            <KodKrajuNadaniaTIN>DE</KodKrajuNadaniaTIN>
            <NrKontrahenta>141622948</NrKontrahenta>
            <NazwaKontrahenta>Leipziger Logistik und Lagerhaus GmbH </NazwaKontrahenta>
            <DowodSprzedazy>FVS/70/07/2023</DowodSprzedazy>
            <DataWystawienia>2023-07-31</DataWystawienia>
            <DataSprzedazy>2023-07-26</DataSprzedazy>
            <GTU_13>1</GTU_13>
            <K_11>1685.22</K_11>
            <K_12>1685.22</K_12>
        </SprzedazWiersz>
        <SprzedazWiersz>
            <LpSprzedazy>77</LpSprzedazy>
            <KodKrajuNadaniaTIN>DE</KodKrajuNadaniaTIN>
            <NrKontrahenta>811155045</NrKontrahenta>
            <NazwaKontrahenta>Rheinkraft International GmbH</NazwaKontrahenta>
            <DowodSprzedazy>FVS/71/07/2023</DowodSprzedazy>
            <DataWystawienia>2023-07-31</DataWystawienia>
            <DataSprzedazy>2023-07-27</DataSprzedazy>
            <GTU_13>1</GTU_13>
            <K_11>2212.40</K_11>
            <K_12>2212.40</K_12>
        </SprzedazWiersz>
        <SprzedazWiersz>
            <LpSprzedazy>78</LpSprzedazy>
            <KodKrajuNadaniaTIN>DE</KodKrajuNadaniaTIN>
            <NrKontrahenta>251273055</NrKontrahenta>
            <NazwaKontrahenta>GRUBER Logistics GmbH</NazwaKontrahenta>
            <DowodSprzedazy>FVS/72/07/2023</DowodSprzedazy>
            <DataWystawienia>2023-07-31</DataWystawienia>
            <DataSprzedazy>2023-07-27</DataSprzedazy>
            <GTU_13>1</GTU_13>
            <K_11>2300.90</K_11>
            <K_12>2300.90</K_12>
        </SprzedazWiersz>
        <SprzedazWiersz>
            <LpSprzedazy>79</LpSprzedazy>
            <KodKrajuNadaniaTIN>DE</KodKrajuNadaniaTIN>
            <NrKontrahenta>198665988</NrKontrahenta>
            <NazwaKontrahenta>Pabst Transport GmbH &amp; Co. KG</NazwaKontrahenta>
            <DowodSprzedazy>FVS/73/07/2023</DowodSprzedazy>
            <DataWystawienia>2023-07-31</DataWystawienia>
            <DataSprzedazy>2023-07-27</DataSprzedazy>
            <GTU_13>1</GTU_13>
            <K_11>1238.94</K_11>
            <K_12>1238.94</K_12>
        </SprzedazWiersz>
        <SprzedazWiersz>
            <LpSprzedazy>80</LpSprzedazy>
            <KodKrajuNadaniaTIN>DE</KodKrajuNadaniaTIN>
            <NrKontrahenta>298209664</NrKontrahenta>
            <NazwaKontrahenta>Ronny kirbach spedition GmbH </NazwaKontrahenta>
            <DowodSprzedazy>FVS/74/07/2023</DowodSprzedazy>
            <DataWystawienia>2023-07-31</DataWystawienia>
            <DataSprzedazy>2023-07-27</DataSprzedazy>
            <GTU_13>1</GTU_13>
            <K_11>1194.70</K_11>
            <K_12>1194.70</K_12>
        </SprzedazWiersz>
        <SprzedazWiersz>
            <LpSprzedazy>81</LpSprzedazy>
            <KodKrajuNadaniaTIN>DE</KodKrajuNadaniaTIN>
            <NrKontrahenta>117649841</NrKontrahenta>
            <NazwaKontrahenta>NOSTA Logistics GmbH</NazwaKontrahenta>
            <DowodSprzedazy>FVS/75/07/2023</DowodSprzedazy>
            <DataWystawienia>2023-07-31</DataWystawienia>
            <DataSprzedazy>2023-07-27</DataSprzedazy>
            <GTU_13>1</GTU_13>
            <K_11>1106.20</K_11>
            <K_12>1106.20</K_12>
        </SprzedazWiersz>
        <SprzedazWiersz>
            <LpSprzedazy>82</LpSprzedazy>
            <KodKrajuNadaniaTIN>DE</KodKrajuNadaniaTIN>
            <NrKontrahenta>141622948</NrKontrahenta>
            <NazwaKontrahenta>Leipziger Logistik und Lagerhaus GmbH </NazwaKontrahenta>
            <DowodSprzedazy>FVS/76/07/2023</DowodSprzedazy>
            <DataWystawienia>2023-07-31</DataWystawienia>
            <DataSprzedazy>2023-07-27</DataSprzedazy>
            <GTU_13>1</GTU_13>
            <K_11>1592.93</K_11>
            <K_12>1592.93</K_12>
        </SprzedazWiersz>
        <SprzedazWiersz>
            <LpSprzedazy>83</LpSprzedazy>
            <KodKrajuNadaniaTIN>PL</KodKrajuNadaniaTIN>
            <NrKontrahenta>9581660606</NrKontrahenta>
            <NazwaKontrahenta>PENTAGON FREIGHT SERVICES sp. z o.o.</NazwaKontrahenta>
            <DowodSprzedazy>FVS/77/07/2023</DowodSprzedazy>
            <DataWystawienia>2023-07-31</DataWystawienia>
            <DataSprzedazy>2023-07-28</DataSprzedazy>
            <GTU_13>1</GTU_13>
            <K_19>1547.84</K_19>
            <K_20>356.0</K_20>
        </SprzedazWiersz>
        <SprzedazWiersz>
            <LpSprzedazy>84</LpSprzedazy>
            <KodKrajuNadaniaTIN>PL</KodKrajuNadaniaTIN>
            <NrKontrahenta>9581660606</NrKontrahenta>
            <NazwaKontrahenta>PENTAGON FREIGHT SERVICES sp. z o.o.</NazwaKontrahenta>
            <DowodSprzedazy>FVS/78/07/2023</DowodSprzedazy>
            <DataWystawienia>2023-07-31</DataWystawienia>
            <DataSprzedazy>2023-07-28</DataSprzedazy>
            <GTU_13>1</GTU_13>
            <K_19>1547.84</K_19>
            <K_20>356.0</K_20>
        </SprzedazWiersz>
        <SprzedazWiersz>
            <LpSprzedazy>85</LpSprzedazy>
            <KodKrajuNadaniaTIN>PL</KodKrajuNadaniaTIN>
            <NrKontrahenta>9581660606</NrKontrahenta>
            <NazwaKontrahenta>PENTAGON FREIGHT SERVICES sp. z o.o.</NazwaKontrahenta>
            <DowodSprzedazy>FVS/79/07/2023</DowodSprzedazy>
            <DataWystawienia>2023-07-31</DataWystawienia>
            <DataSprzedazy>2023-07-28</DataSprzedazy>
            <GTU_13>1</GTU_13>
            <K_19>1547.84</K_19>
            <K_20>356.0</K_20>
        </SprzedazWiersz>
        <SprzedazWiersz>
            <LpSprzedazy>86</LpSprzedazy>
            <KodKrajuNadaniaTIN>PL</KodKrajuNadaniaTIN>
            <NrKontrahenta>9581660606</NrKontrahenta>
            <NazwaKontrahenta>PENTAGON FREIGHT SERVICES sp. z o.o.</NazwaKontrahenta>
            <DowodSprzedazy>FVS/80/07/2023</DowodSprzedazy>
            <DataWystawienia>2023-07-31</DataWystawienia>
            <DataSprzedazy>2023-07-28</DataSprzedazy>
            <GTU_13>1</GTU_13>
            <K_19>1547.84</K_19>
            <K_20>356.0</K_20>
        </SprzedazWiersz>
        <SprzedazWiersz>
            <LpSprzedazy>87</LpSprzedazy>
            <KodKrajuNadaniaTIN>PL</KodKrajuNadaniaTIN>
            <NrKontrahenta>5262907815</NrKontrahenta>
            <NazwaKontrahenta>Amazon EU s.a.r.l.</NazwaKontrahenta>
            <DowodSprzedazy># AZNG2E19D15EBDD94A039CEAA4C852D5F1F7</DowodSprzedazy>
            <DataWystawienia>2023-07-31</DataWystawienia>
            <DataSprzedazy>2023-07-29</DataSprzedazy>
            <GTU_13>1</GTU_13>
            <K_19>4531.39</K_19>
            <K_20>1042.21</K_20>
        </SprzedazWiersz>
        <SprzedazWiersz>
            <LpSprzedazy>88</LpSprzedazy>
            <KodKrajuNadaniaTIN>PL</KodKrajuNadaniaTIN>
            <NrKontrahenta>5262907815</NrKontrahenta>
            <NazwaKontrahenta>Amazon EU s.a.r.l.</NazwaKontrahenta>
            <DowodSprzedazy># AZNG7E558B72010E43E19DF8C813D444D522</DowodSprzedazy>
            <DataWystawienia>2023-07-31</DataWystawienia>
            <DataSprzedazy>2023-07-29</DataSprzedazy>
            <GTU_13>1</GTU_13>
            <K_19>885.14</K_19>
            <K_20>203.58</K_20>
        </SprzedazWiersz>
        <SprzedazCtrl>
            <LiczbaWierszySprzedazy>88</LiczbaWierszySprzedazy>
            <PodatekNalezny>26048.98</PodatekNalezny>
        </SprzedazCtrl>
        <ZakupWiersz>
            <LpZakupu>1</LpZakupu>
            <KodKrajuNadaniaTIN>PL</KodKrajuNadaniaTIN>
            <NrDostawcy>8531509350</NrDostawcy>
            <NazwaDostawcy>PGF Zachód Spółka z ograniczoną odpowiedzialnością Spółka komandytowa  Stacja pa</NazwaDostawcy>
            <DowodZakupu>F 5339K3/7579/23</DowodZakupu>
            <DataZakupu>2023-06-09</DataZakupu>
            <DataWplywu>2023-07-31</DataWplywu>
            <K_42>193.37</K_42>
            <K_43>44.47</K_43>
        </ZakupWiersz>
        <ZakupWiersz>
            <LpZakupu>2</LpZakupu>
            <KodKrajuNadaniaTIN>PL</KodKrajuNadaniaTIN>
            <NrDostawcy>8511005008</NrDostawcy>
            <NazwaDostawcy>" TAXMAN " BIURO RACHUNKOWE Grzegorz Grzelczyk</NazwaDostawcy>
            <DowodZakupu>7/20237878/SZYS7878</DowodZakupu>
            <DataZakupu>2023-06-12</DataZakupu>
            <DataWplywu>2023-07-31</DataWplywu>
            <K_42>2400.00</K_42>
            <K_43>552.0</K_43>
        </ZakupWiersz>
        <ZakupWiersz>
            <LpZakupu>3</LpZakupu>
            <KodKrajuNadaniaTIN>PL</KodKrajuNadaniaTIN>
            <NrDostawcy>7451003240</NrDostawcy>
            <NazwaDostawcy>DBK Sp. z o.o.</NazwaDostawcy>
            <DowodZakupu>FVS50/23/06/0404</DowodZakupu>
            <DataZakupu>2023-06-15</DataZakupu>
            <DataWplywu>2023-07-31</DataWplywu>
            <K_42>431.79</K_42>
            <K_43>99.31</K_43>
        </ZakupWiersz>
        <ZakupWiersz>
            <LpZakupu>4</LpZakupu>
            <KodKrajuNadaniaTIN>PL</KodKrajuNadaniaTIN>
            <NrDostawcy>7451003240</NrDostawcy>
            <NazwaDostawcy>DBK Sp. z o.o.</NazwaDostawcy>
            <DowodZakupu>FVS50/23/07/0169</DowodZakupu>
            <DataZakupu>2023-06-22</DataZakupu>
            <DataWplywu>2023-07-31</DataWplywu>
            <K_42>1144.66</K_42>
            <K_43>263.27</K_43>
        </ZakupWiersz>
        <ZakupWiersz>
            <LpZakupu>5</LpZakupu>
            <KodKrajuNadaniaTIN>PL</KodKrajuNadaniaTIN>
            <NrDostawcy>7451003240</NrDostawcy>
            <NazwaDostawcy>DBK Sp. z o.o.</NazwaDostawcy>
            <DowodZakupu>FVS50/23/06/0406</DowodZakupu>
            <DataZakupu>2023-06-22</DataZakupu>
            <DataWplywu>2023-07-31</DataWplywu>
            <K_42>6554.17</K_42>
            <K_43>1507.46</K_43>
        </ZakupWiersz>
        <ZakupWiersz>
            <LpZakupu>6</LpZakupu>
            <KodKrajuNadaniaTIN>PL</KodKrajuNadaniaTIN>
            <NrDostawcy>7671468969</NrDostawcy>
            <NazwaDostawcy>TOMA-TRANS Tomasz Najberg</NazwaDostawcy>
            <DowodZakupu>80/2023</DowodZakupu>
            <DataZakupu>2023-06-29</DataZakupu>
            <DataWplywu>2023-07-31</DataWplywu>
            <K_42>2500.00</K_42>
            <K_43>575.0</K_43>
        </ZakupWiersz>
        <ZakupWiersz>
            <LpZakupu>7</LpZakupu>
            <KodKrajuNadaniaTIN>PL</KodKrajuNadaniaTIN>
            <NrDostawcy>9542778083</NrDostawcy>
            <NazwaDostawcy>ACTION POLAND sp. z o.o.</NazwaDostawcy>
            <DowodZakupu>A29210123181163704342984</DowodZakupu>
            <DataZakupu>2023-06-30</DataZakupu>
            <DataWplywu>2023-07-31</DataWplywu>
            <K_42>30.21</K_42>
            <K_43>6.95</K_43>
        </ZakupWiersz>
        <ZakupWiersz>
            <LpZakupu>8</LpZakupu>
            <KodKrajuNadaniaTIN>PL</KodKrajuNadaniaTIN>
            <NrDostawcy>8511442602</NrDostawcy>
            <NazwaDostawcy>THERMO TECHNICA Krzysztof Jakubiec</NazwaDostawcy>
            <DowodZakupu>Fv/259/23</DowodZakupu>
            <DataZakupu>2023-07-03</DataZakupu>
            <DataWplywu>2023-07-31</DataWplywu>
            <K_42>721.40</K_42>
            <K_43>165.92</K_43>
        </ZakupWiersz>
        <ZakupWiersz>
            <LpZakupu>9</LpZakupu>
            <KodKrajuNadaniaTIN>PL</KodKrajuNadaniaTIN>
            <NrDostawcy>7251735694</NrDostawcy>
            <NazwaDostawcy>PKO LEASING S.A.</NazwaDostawcy>
            <DowodZakupu>LE3210441</DowodZakupu>
            <DataZakupu>2023-07-03</DataZakupu>
            <DataWplywu>2023-07-31</DataWplywu>
            <K_42>6508.96</K_42>
            <K_43>1497.06</K_43>
        </ZakupWiersz>
        <ZakupWiersz>
            <LpZakupu>10</LpZakupu>
            <KodKrajuNadaniaTIN>PL</KodKrajuNadaniaTIN>
            <NrDostawcy>7251735694</NrDostawcy>
            <NazwaDostawcy>PKO LEASING S.A.</NazwaDostawcy>
            <DowodZakupu>LE3212607</DowodZakupu>
            <DataZakupu>2023-07-03</DataZakupu>
            <DataWplywu>2023-07-31</DataWplywu>
            <K_42>5031.60</K_42>
            <K_43>1157.26</K_43>
        </ZakupWiersz>
        <ZakupWiersz>
            <LpZakupu>11</LpZakupu>
            <KodKrajuNadaniaTIN>PL</KodKrajuNadaniaTIN>
            <NrDostawcy>5220002110</NrDostawcy>
            <NazwaDostawcy>ZRZESZENIE MIĘDZYNARODOWYCH PRZEWOŹNIKÓW DROGOWYCH W Polsce</NazwaDostawcy>
            <DowodZakupu>VTC/2023/07/0022</DowodZakupu>
            <DataZakupu>2023-07-03</DataZakupu>
            <DataWplywu>2023-07-31</DataWplywu>
            <K_42>19145.19</K_42>
            <K_43>117.84</K_43>
        </ZakupWiersz>
        <ZakupWiersz>
            <LpZakupu>12</LpZakupu>
            <KodKrajuNadaniaTIN>PL</KodKrajuNadaniaTIN>
            <NrDostawcy>8531509350</NrDostawcy>
            <NazwaDostawcy>PGF Zachód Spółka z ograniczoną odpowiedzialnością Spółka komandytowa  Stacja pa</NazwaDostawcy>
            <DowodZakupu>F 7066K2/7579/23</DowodZakupu>
            <DataZakupu>2023-07-03</DataZakupu>
            <DataWplywu>2023-07-31</DataWplywu>
            <K_42>184.77</K_42>
            <K_43>42.5</K_43>
        </ZakupWiersz>
        <ZakupWiersz>
            <LpZakupu>13</LpZakupu>
            <KodKrajuNadaniaTIN>PL</KodKrajuNadaniaTIN>
            <NrDostawcy>9492107026</NrDostawcy>
            <NazwaDostawcy>X-KOM sp. z o.o.</NazwaDostawcy>
            <DowodZakupu>FVS/xk/000000245767</DowodZakupu>
            <DataZakupu>2023-07-04</DataZakupu>
            <DataWplywu>2023-07-31</DataWplywu>
            <K_42>1462.60</K_42>
            <K_43>336.4</K_43>
        </ZakupWiersz>
        <ZakupWiersz>
            <LpZakupu>14</LpZakupu>
            <KodKrajuNadaniaTIN>PL</KodKrajuNadaniaTIN>
            <NrDostawcy>7671468969</NrDostawcy>
            <NazwaDostawcy>TOMA-TRANS Tomasz Najberg</NazwaDostawcy>
            <DowodZakupu>82/2023</DowodZakupu>
            <DataZakupu>2023-07-04</DataZakupu>
            <DataWplywu>2023-07-31</DataWplywu>
            <K_42>3722.96</K_42>
            <K_43>856.28</K_43>
        </ZakupWiersz>
        <ZakupWiersz>
            <LpZakupu>15</LpZakupu>
            <KodKrajuNadaniaTIN>PL</KodKrajuNadaniaTIN>
            <NrDostawcy>7671468969</NrDostawcy>
            <NazwaDostawcy>TOMA-TRANS Tomasz Najberg</NazwaDostawcy>
            <DowodZakupu>83/2023</DowodZakupu>
            <DataZakupu>2023-07-05</DataZakupu>
            <DataWplywu>2023-07-31</DataWplywu>
            <K_42>2080.83</K_42>
            <K_43>478.59</K_43>
        </ZakupWiersz>
        <ZakupWiersz>
            <LpZakupu>16</LpZakupu>
            <KodKrajuNadaniaTIN>PL</KodKrajuNadaniaTIN>
            <NrDostawcy>7671468969</NrDostawcy>
            <NazwaDostawcy>TOMA-TRANS Tomasz Najberg</NazwaDostawcy>
            <DowodZakupu>84/2023</DowodZakupu>
            <DataZakupu>2023-07-06</DataZakupu>
            <DataWplywu>2023-07-31</DataWplywu>
            <K_42>1646.43</K_42>
            <K_43>378.68</K_43>
        </ZakupWiersz>
        <ZakupWiersz>
            <LpZakupu>17</LpZakupu>
            <KodKrajuNadaniaTIN>PL</KodKrajuNadaniaTIN>
            <NrDostawcy>7671468969</NrDostawcy>
            <NazwaDostawcy>TOMA-TRANS Tomasz Najberg</NazwaDostawcy>
            <DowodZakupu>85/2023</DowodZakupu>
            <DataZakupu>2023-07-06</DataZakupu>
            <DataWplywu>2023-07-31</DataWplywu>
            <K_42>1757.67</K_42>
            <K_43>404.26</K_43>
        </ZakupWiersz>
        <ZakupWiersz>
            <LpZakupu>18</LpZakupu>
            <KodKrajuNadaniaTIN>PL</KodKrajuNadaniaTIN>
            <NrDostawcy>8511005008</NrDostawcy>
            <NazwaDostawcy>" TAXMAN " BIURO RACHUNKOWE Grzegorz Grzelczyk</NazwaDostawcy>
            <DowodZakupu>8/2023/SZYS78</DowodZakupu>
            <DataZakupu>2023-07-06</DataZakupu>
            <DataWplywu>2023-07-31</DataWplywu>
            <K_42>2400.00</K_42>
            <K_43>552.0</K_43>
        </ZakupWiersz>
        <ZakupWiersz>
            <LpZakupu>19</LpZakupu>
            <KodKrajuNadaniaTIN>PL</KodKrajuNadaniaTIN>
            <NrDostawcy>8561811616</NrDostawcy>
            <NazwaDostawcy>Galan Logistics Sp. z o.o.</NazwaDostawcy>
            <DowodZakupu>12266/SP/2023</DowodZakupu>
            <DataZakupu>2023-07-06</DataZakupu>
            <DataWplywu>2023-07-31</DataWplywu>
            <K_42>1392.79</K_42>
            <K_43>320.34</K_43>
        </ZakupWiersz>
        <ZakupWiersz>
            <LpZakupu>20</LpZakupu>
            <KodKrajuNadaniaTIN>PL</KodKrajuNadaniaTIN>
            <NrDostawcy>9370008168</NrDostawcy>
            <NazwaDostawcy>"CARREFOUR POLSKA" sp. z o.o.</NazwaDostawcy>
            <DowodZakupu>FU/109/62/24265/28145319</DowodZakupu>
            <DataZakupu>2023-07-07</DataZakupu>
            <DataWplywu>2023-07-31</DataWplywu>
            <K_42>124.37</K_42>
            <K_43>28.6</K_43>
        </ZakupWiersz>
        <ZakupWiersz>
            <LpZakupu>21</LpZakupu>
            <KodKrajuNadaniaTIN>PL</KodKrajuNadaniaTIN>
            <NrDostawcy>9552056345</NrDostawcy>
            <NazwaDostawcy>Wulgumex Sp. z o.o.</NazwaDostawcy>
            <DowodZakupu>59/07/2023</DowodZakupu>
            <DataZakupu>2023-07-07</DataZakupu>
            <DataWplywu>2023-07-31</DataWplywu>
            <K_42>240.00</K_42>
            <K_43>55.2</K_43>
        </ZakupWiersz>
        <ZakupWiersz>
            <LpZakupu>22</LpZakupu>
            <KodKrajuNadaniaTIN>PL</KodKrajuNadaniaTIN>
            <NrDostawcy>5220002110</NrDostawcy>
            <NazwaDostawcy>ZRZESZENIE MIĘDZYNARODOWYCH PRZEWOŹNIKÓW DROGOWYCH W Polsce</NazwaDostawcy>
            <DowodZakupu>T4E/2023/07/0224</DowodZakupu>
            <DataZakupu>2023-07-07</DataZakupu>
            <DataWplywu>2023-07-31</DataWplywu>
            <K_42>175.33</K_42>
            <K_43>22.13</K_43>
        </ZakupWiersz>
        <ZakupWiersz>
            <LpZakupu>23</LpZakupu>
            <KodKrajuNadaniaTIN>PL</KodKrajuNadaniaTIN>
            <NrDostawcy>7790001083</NrDostawcy>
            <NazwaDostawcy>CIRCLE K POLSKA sp. z o.o.</NazwaDostawcy>
            <DowodZakupu>704099772</DowodZakupu>
            <DataZakupu>2023-07-09</DataZakupu>
            <DataWplywu>2023-07-31</DataWplywu>
            <K_42>9034.90</K_42>
            <K_43>2078.03</K_43>
        </ZakupWiersz>
        <ZakupWiersz>
            <LpZakupu>24</LpZakupu>
            <KodKrajuNadaniaTIN>PL</KodKrajuNadaniaTIN>
            <NrDostawcy>8561811616</NrDostawcy>
            <NazwaDostawcy>Galan Logistics Sp. z o.o.</NazwaDostawcy>
            <DowodZakupu>WA/236/SP/2023/SP</DowodZakupu>
            <DataZakupu>2023-07-10</DataZakupu>
            <DataWplywu>2023-07-31</DataWplywu>
            <K_42>60.72</K_42>
            <K_43>13.97</K_43>
        </ZakupWiersz>
        <ZakupWiersz>
            <LpZakupu>25</LpZakupu>
            <KodKrajuNadaniaTIN>PL</KodKrajuNadaniaTIN>
            <NrDostawcy>6690407164</NrDostawcy>
            <NazwaDostawcy>P.H. STANFEX Sp.j Stanisław Feliks Gołębiewscy</NazwaDostawcy>
            <DowodZakupu>FS/2102/III/2023</DowodZakupu>
            <DataZakupu>2023-07-10</DataZakupu>
            <DataWplywu>2023-07-31</DataWplywu>
            <K_42>419.00</K_42>
            <K_43>96.37</K_43>
        </ZakupWiersz>
        <ZakupWiersz>
            <LpZakupu>26</LpZakupu>
            <KodKrajuNadaniaTIN>PL</KodKrajuNadaniaTIN>
            <NrDostawcy>7671468969</NrDostawcy>
            <NazwaDostawcy>TOMA-TRANS Tomasz Najberg</NazwaDostawcy>
            <DowodZakupu>86/2023</DowodZakupu>
            <DataZakupu>2023-07-11</DataZakupu>
            <DataWplywu>2023-07-31</DataWplywu>
            <K_42>1960.33</K_42>
            <K_43>450.88</K_43>
        </ZakupWiersz>
        <ZakupWiersz>
            <LpZakupu>27</LpZakupu>
            <KodKrajuNadaniaTIN>PL</KodKrajuNadaniaTIN>
            <NrDostawcy>5250007313</NrDostawcy>
            <NazwaDostawcy>"POCZTA POLSKA S.A."</NazwaDostawcy>
            <DowodZakupu>F00149O072300230839U</DowodZakupu>
            <DataZakupu>2023-07-11</DataZakupu>
            <DataWplywu>2023-07-31</DataWplywu>
            <K_42>0.69</K_42>
            <K_43>0.16</K_43>
        </ZakupWiersz>
        <ZakupWiersz>
            <LpZakupu>28</LpZakupu>
            <KodKrajuNadaniaTIN>PL</KodKrajuNadaniaTIN>
            <NrDostawcy>8992847820</NrDostawcy>
            <NazwaDostawcy>KANCELARIA ITD - PIP sp. z o.o.</NazwaDostawcy>
            <DowodZakupu>FA-EW/000042/07/WR</DowodZakupu>
            <DataZakupu>2023-07-12</DataZakupu>
            <DataWplywu>2023-07-31</DataWplywu>
            <K_42>250.00</K_42>
            <K_43>57.5</K_43>
        </ZakupWiersz>
        <ZakupWiersz>
            <LpZakupu>29</LpZakupu>
            <KodKrajuNadaniaTIN>PL</KodKrajuNadaniaTIN>
            <NrDostawcy>8561811616</NrDostawcy>
            <NazwaDostawcy>Galan Logistics Sp. z o.o.</NazwaDostawcy>
            <DowodZakupu>12735/SP/2023</DowodZakupu>
            <DataZakupu>2023-07-12</DataZakupu>
            <DataWplywu>2023-07-31</DataWplywu>
            <K_42>1554.91</K_42>
            <K_43>357.63</K_43>
        </ZakupWiersz>
        <ZakupWiersz>
            <LpZakupu>30</LpZakupu>
            <KodKrajuNadaniaTIN>PL</KodKrajuNadaniaTIN>
            <NrDostawcy>9551033632</NrDostawcy>
            <NazwaDostawcy>Verso s.c. Bogdan Markiewicz, Cezary Weisbrodt</NazwaDostawcy>
            <DowodZakupu>43/7/2023</DowodZakupu>
            <DataZakupu>2023-07-14</DataZakupu>
            <DataWplywu>2023-07-31</DataWplywu>
            <K_42>97.00</K_42>
            <K_43>22.31</K_43>
        </ZakupWiersz>
        <ZakupWiersz>
            <LpZakupu>31</LpZakupu>
            <KodKrajuNadaniaTIN>PL</KodKrajuNadaniaTIN>
            <NrDostawcy>8531509350</NrDostawcy>
            <NazwaDostawcy>PGF Zachód Spółka z ograniczoną odpowiedzialnością Spółka komandytowa  Stacja pa</NazwaDostawcy>
            <DowodZakupu>F 6676K37/7579/23</DowodZakupu>
            <DataZakupu>2023-07-14</DataZakupu>
            <DataWplywu>2023-07-31</DataWplywu>
            <K_42>50.02</K_42>
            <K_43>11.51</K_43>
        </ZakupWiersz>
        <ZakupWiersz>
            <LpZakupu>32</LpZakupu>
            <KodKrajuNadaniaTIN>PL</KodKrajuNadaniaTIN>
            <NrDostawcy>5261040567</NrDostawcy>
            <NazwaDostawcy>T mobile Polska SA</NazwaDostawcy>
            <DowodZakupu>Q71348310723</DowodZakupu>
            <DataZakupu>2023-07-14</DataZakupu>
            <DataWplywu>2023-07-31</DataWplywu>
            <K_42>361.14</K_42>
            <K_43>83.06</K_43>
        </ZakupWiersz>
        <ZakupWiersz>
            <LpZakupu>33</LpZakupu>
            <KodKrajuNadaniaTIN>PL</KodKrajuNadaniaTIN>
            <NrDostawcy>5261040567</NrDostawcy>
            <NazwaDostawcy>T mobile Polska SA</NazwaDostawcy>
            <DowodZakupu>Q71348340723</DowodZakupu>
            <DataZakupu>2023-07-14</DataZakupu>
            <DataWplywu>2023-07-31</DataWplywu>
            <K_42>1003.74</K_42>
            <K_43>230.86</K_43>
        </ZakupWiersz>
        <ZakupWiersz>
            <LpZakupu>34</LpZakupu>
            <KodKrajuNadaniaTIN>PL</KodKrajuNadaniaTIN>
            <NrDostawcy>5261040567</NrDostawcy>
            <NazwaDostawcy>T mobile Polska SA</NazwaDostawcy>
            <DowodZakupu>Q71348400723</DowodZakupu>
            <DataZakupu>2023-07-14</DataZakupu>
            <DataWplywu>2023-07-31</DataWplywu>
            <K_42>1003.74</K_42>
            <K_43>230.86</K_43>
        </ZakupWiersz>
        <ZakupWiersz>
            <LpZakupu>35</LpZakupu>
            <KodKrajuNadaniaTIN>PL</KodKrajuNadaniaTIN>
            <NrDostawcy>7790001083</NrDostawcy>
            <NazwaDostawcy>CIRCLE K POLSKA sp. z o.o.</NazwaDostawcy>
            <DowodZakupu>704107552</DowodZakupu>
            <DataZakupu>2023-07-16</DataZakupu>
            <DataWplywu>2023-07-31</DataWplywu>
            <K_42>16020.00</K_42>
            <K_43>3684.58</K_43>
        </ZakupWiersz>
        <ZakupWiersz>
            <LpZakupu>36</LpZakupu>
            <KodKrajuNadaniaTIN>PL</KodKrajuNadaniaTIN>
            <NrDostawcy>5261040567</NrDostawcy>
            <NazwaDostawcy>T mobile Polska SA</NazwaDostawcy>
            <DowodZakupu>517772670723</DowodZakupu>
            <DataZakupu>2023-07-17</DataZakupu>
            <DataWplywu>2023-07-31</DataWplywu>
            <K_42>78.50</K_42>
            <K_43>18.06</K_43>
        </ZakupWiersz>
        <ZakupWiersz>
            <LpZakupu>37</LpZakupu>
            <KodKrajuNadaniaTIN>PL</KodKrajuNadaniaTIN>
            <NrDostawcy>5261040567</NrDostawcy>
            <NazwaDostawcy>T mobile Polska SA</NazwaDostawcy>
            <DowodZakupu>717772660723</DowodZakupu>
            <DataZakupu>2023-07-17</DataZakupu>
            <DataWplywu>2023-07-31</DataWplywu>
            <K_42>78.50</K_42>
            <K_43>18.06</K_43>
        </ZakupWiersz>
        <ZakupWiersz>
            <LpZakupu>38</LpZakupu>
            <KodKrajuNadaniaTIN>PL</KodKrajuNadaniaTIN>
            <NrDostawcy>5261040567</NrDostawcy>
            <NazwaDostawcy>T mobile Polska SA</NazwaDostawcy>
            <DowodZakupu>517772630723</DowodZakupu>
            <DataZakupu>2023-07-17</DataZakupu>
            <DataWplywu>2023-07-31</DataWplywu>
            <K_42>84.00</K_42>
            <K_43>19.32</K_43>
        </ZakupWiersz>
        <ZakupWiersz>
            <LpZakupu>39</LpZakupu>
            <KodKrajuNadaniaTIN>PL</KodKrajuNadaniaTIN>
            <NrDostawcy>5261040567</NrDostawcy>
            <NazwaDostawcy>T mobile Polska SA</NazwaDostawcy>
            <DowodZakupu>517772620723</DowodZakupu>
            <DataZakupu>2023-07-17</DataZakupu>
            <DataWplywu>2023-07-31</DataWplywu>
            <K_42>83.50</K_42>
            <K_43>19.21</K_43>
        </ZakupWiersz>
        <ZakupWiersz>
            <LpZakupu>40</LpZakupu>
            <KodKrajuNadaniaTIN>PL</KodKrajuNadaniaTIN>
            <NrDostawcy>9512120077</NrDostawcy>
            <NazwaDostawcy>"P4 sp. z o.o."</NazwaDostawcy>
            <DowodZakupu>F/50284323/07/23</DowodZakupu>
            <DataZakupu>2023-07-17</DataZakupu>
            <DataWplywu>2023-07-31</DataWplywu>
            <K_42>83.53</K_42>
            <K_43>19.21</K_43>
        </ZakupWiersz>
        <ZakupWiersz>
            <LpZakupu>41</LpZakupu>
            <KodKrajuNadaniaTIN>PL</KodKrajuNadaniaTIN>
            <NrDostawcy>9512120077</NrDostawcy>
            <NazwaDostawcy>"P4 sp. z o.o."</NazwaDostawcy>
            <DowodZakupu>F/50284215/07/23</DowodZakupu>
            <DataZakupu>2023-07-17</DataZakupu>
            <DataWplywu>2023-07-31</DataWplywu>
            <K_42>133.00</K_42>
            <K_43>30.59</K_43>
        </ZakupWiersz>
        <ZakupWiersz>
            <LpZakupu>42</LpZakupu>
            <KodKrajuNadaniaTIN>PL</KodKrajuNadaniaTIN>
            <NrDostawcy>9512120077</NrDostawcy>
            <NazwaDostawcy>"P4 sp. z o.o."</NazwaDostawcy>
            <DowodZakupu>F/50283304/07/23</DowodZakupu>
            <DataZakupu>2023-07-17</DataZakupu>
            <DataWplywu>2023-07-31</DataWplywu>
            <K_42>80.00</K_42>
            <K_43>18.4</K_43>
        </ZakupWiersz>
        <ZakupWiersz>
            <LpZakupu>43</LpZakupu>
            <KodKrajuNadaniaTIN>PL</KodKrajuNadaniaTIN>
            <NrDostawcy>9512120077</NrDostawcy>
            <NazwaDostawcy>"P4 sp. z o.o."</NazwaDostawcy>
            <DowodZakupu>F/50283303/07/23</DowodZakupu>
            <DataZakupu>2023-07-17</DataZakupu>
            <DataWplywu>2023-07-31</DataWplywu>
            <K_42>81.95</K_42>
            <K_43>18.85</K_43>
        </ZakupWiersz>
        <ZakupWiersz>
            <LpZakupu>44</LpZakupu>
            <KodKrajuNadaniaTIN>PL</KodKrajuNadaniaTIN>
            <NrDostawcy>8542152549</NrDostawcy>
            <NazwaDostawcy>PRZEDSIĘBIORSTWO HANDLOWO-USŁUGOWE "OAZA" sp. z o.o.</NazwaDostawcy>
            <DowodZakupu>I23854D01003948</DowodZakupu>
            <DataZakupu>2023-07-17</DataZakupu>
            <DataWplywu>2023-07-31</DataWplywu>
            <K_42>32.52</K_42>
            <K_43>7.48</K_43>
        </ZakupWiersz>
        <ZakupWiersz>
            <LpZakupu>45</LpZakupu>
            <KodKrajuNadaniaTIN>PL</KodKrajuNadaniaTIN>
            <NrDostawcy>8542152549</NrDostawcy>
            <NazwaDostawcy>PRZEDSIĘBIORSTWO HANDLOWO-USŁUGOWE "OAZA" sp. z o.o.</NazwaDostawcy>
            <DowodZakupu>I23854D02005751</DowodZakupu>
            <DataZakupu>2023-07-17</DataZakupu>
            <DataWplywu>2023-07-31</DataWplywu>
            <K_42>138.21</K_42>
            <K_43>31.79</K_43>
        </ZakupWiersz>
        <ZakupWiersz>
            <LpZakupu>46</LpZakupu>
            <KodKrajuNadaniaTIN>PL</KodKrajuNadaniaTIN>
            <NrDostawcy>5261009959</NrDostawcy>
            <NazwaDostawcy>CASTORAMA POLSKA sp. z o.o.</NazwaDostawcy>
            <DowodZakupu>805902/008305/23</DowodZakupu>
            <DataZakupu>2023-07-17</DataZakupu>
            <DataWplywu>2023-07-31</DataWplywu>
            <K_42>160.98</K_42>
            <K_43>37.02</K_43>
        </ZakupWiersz>
        <ZakupWiersz>
            <LpZakupu>47</LpZakupu>
            <KodKrajuNadaniaTIN>PL</KodKrajuNadaniaTIN>
            <NrDostawcy>8542152549</NrDostawcy>
            <NazwaDostawcy>PRZEDSIĘBIORSTWO HANDLOWO-USŁUGOWE "OAZA" sp. z o.o.</NazwaDostawcy>
            <DowodZakupu>I23854D01003975</DowodZakupu>
            <DataZakupu>2023-07-18</DataZakupu>
            <DataWplywu>2023-07-31</DataWplywu>
            <K_42>101.63</K_42>
            <K_43>23.37</K_43>
        </ZakupWiersz>
        <ZakupWiersz>
            <LpZakupu>48</LpZakupu>
            <KodKrajuNadaniaTIN>PL</KodKrajuNadaniaTIN>
            <NrDostawcy>5981543606</NrDostawcy>
            <NazwaDostawcy>NETPUNKT Katarzyna Borkowska</NazwaDostawcy>
            <DowodZakupu>2023/07/1517</DowodZakupu>
            <DataZakupu>2023-07-18</DataZakupu>
            <DataWplywu>2023-07-31</DataWplywu>
            <K_42>97.56</K_42>
            <K_43>22.44</K_43>
        </ZakupWiersz>
        <ZakupWiersz>
            <LpZakupu>49</LpZakupu>
            <KodKrajuNadaniaTIN>PL</KodKrajuNadaniaTIN>
            <NrDostawcy>7822182433</NrDostawcy>
            <NazwaDostawcy>Autostrada Eksploatacja SA</NazwaDostawcy>
            <DowodZakupu>00177</DowodZakupu>
            <DataZakupu>2023-07-18</DataZakupu>
            <DataWplywu>2023-07-31</DataWplywu>
            <K_42>17.89</K_42>
            <K_43>4.11</K_43>
        </ZakupWiersz>
        <ZakupWiersz>
            <LpZakupu>50</LpZakupu>
            <KodKrajuNadaniaTIN>PL</KodKrajuNadaniaTIN>
            <NrDostawcy>5220002110</NrDostawcy>
            <NazwaDostawcy>ZRZESZENIE MIĘDZYNARODOWYCH PRZEWOŹNIKÓW DROGOWYCH W Polsce</NazwaDostawcy>
            <DowodZakupu>T4E/2023/07/2278</DowodZakupu>
            <DataZakupu>2023-07-20</DataZakupu>
            <DataWplywu>2023-07-31</DataWplywu>
            <K_42>108.89</K_42>
            <K_43>1.53</K_43>
        </ZakupWiersz>
        <ZakupWiersz>
            <LpZakupu>51</LpZakupu>
            <KodKrajuNadaniaTIN>PL</KodKrajuNadaniaTIN>
            <NrDostawcy>6690407164</NrDostawcy>
            <NazwaDostawcy>P.H. STANFEX Sp.j Stanisław Feliks Gołębiewscy</NazwaDostawcy>
            <DowodZakupu>FS/2237/III/2023</DowodZakupu>
            <DataZakupu>2023-07-21</DataZakupu>
            <DataWplywu>2023-07-31</DataWplywu>
            <K_42>232.00</K_42>
            <K_43>53.36</K_43>
        </ZakupWiersz>
        <ZakupWiersz>
            <LpZakupu>52</LpZakupu>
            <KodKrajuNadaniaTIN>PL</KodKrajuNadaniaTIN>
            <NrDostawcy>8542152549</NrDostawcy>
            <NazwaDostawcy>PRZEDSIĘBIORSTWO HANDLOWO-USŁUGOWE "OAZA" sp. z o.o.</NazwaDostawcy>
            <DowodZakupu>I23854D01004070</DowodZakupu>
            <DataZakupu>2023-07-23</DataZakupu>
            <DataWplywu>2023-07-31</DataWplywu>
            <K_42>60.98</K_42>
            <K_43>14.02</K_43>
        </ZakupWiersz>
        <ZakupWiersz>
            <LpZakupu>53</LpZakupu>
            <KodKrajuNadaniaTIN>PL</KodKrajuNadaniaTIN>
            <NrDostawcy>7790001083</NrDostawcy>
            <NazwaDostawcy>CIRCLE K POLSKA sp. z o.o.</NazwaDostawcy>
            <DowodZakupu>704108309</DowodZakupu>
            <DataZakupu>2023-07-23</DataZakupu>
            <DataWplywu>2023-07-31</DataWplywu>
            <K_42>10539.30</K_42>
            <K_43>2424.04</K_43>
        </ZakupWiersz>
        <ZakupWiersz>
            <LpZakupu>54</LpZakupu>
            <KodKrajuNadaniaTIN>PL</KodKrajuNadaniaTIN>
            <NrDostawcy>8542152549</NrDostawcy>
            <NazwaDostawcy>PRZEDSIĘBIORSTWO HANDLOWO-USŁUGOWE "OAZA" sp. z o.o.</NazwaDostawcy>
            <DowodZakupu>I23854D01004082</DowodZakupu>
            <DataZakupu>2023-07-24</DataZakupu>
            <DataWplywu>2023-07-31</DataWplywu>
            <K_42>163.43</K_42>
            <K_43>37.59</K_43>
        </ZakupWiersz>
        <ZakupWiersz>
            <LpZakupu>55</LpZakupu>
            <KodKrajuNadaniaTIN>PL</KodKrajuNadaniaTIN>
            <NrDostawcy>7822182433</NrDostawcy>
            <NazwaDostawcy>Autostrada Eksploatacja SA</NazwaDostawcy>
            <DowodZakupu>00175</DowodZakupu>
            <DataZakupu>2023-07-24</DataZakupu>
            <DataWplywu>2023-07-31</DataWplywu>
            <K_42>81.30</K_42>
            <K_43>18.7</K_43>
        </ZakupWiersz>
        <ZakupWiersz>
            <LpZakupu>56</LpZakupu>
            <KodKrajuNadaniaTIN>PL</KodKrajuNadaniaTIN>
            <NrDostawcy>7822182433</NrDostawcy>
            <NazwaDostawcy>Autostrada Eksploatacja SA</NazwaDostawcy>
            <DowodZakupu>00149</DowodZakupu>
            <DataZakupu>2023-07-24</DataZakupu>
            <DataWplywu>2023-07-31</DataWplywu>
            <K_42>95.93</K_42>
            <K_43>22.07</K_43>
        </ZakupWiersz>
        <ZakupWiersz>
            <LpZakupu>57</LpZakupu>
            <KodKrajuNadaniaTIN>PL</KodKrajuNadaniaTIN>
            <NrDostawcy>7822182433</NrDostawcy>
            <NazwaDostawcy>Autostrada Eksploatacja SA</NazwaDostawcy>
            <DowodZakupu>00284</DowodZakupu>
            <DataZakupu>2023-07-24</DataZakupu>
            <DataWplywu>2023-07-31</DataWplywu>
            <K_42>81.30</K_42>
            <K_43>18.7</K_43>
        </ZakupWiersz>
        <ZakupWiersz>
            <LpZakupu>58</LpZakupu>
            <KodKrajuNadaniaTIN>PL</KodKrajuNadaniaTIN>
            <NrDostawcy>5261040337</NrDostawcy>
            <NazwaDostawcy>ING LEASE (POLSKA) SP. Z O.O.</NazwaDostawcy>
            <DowodZakupu>57373/FC/07/2023</DowodZakupu>
            <DataZakupu>2023-07-25</DataZakupu>
            <DataWplywu>2023-07-31</DataWplywu>
            <K_42>1694.99</K_42>
            <K_43>389.85</K_43>
        </ZakupWiersz>
        <ZakupWiersz>
            <LpZakupu>59</LpZakupu>
            <KodKrajuNadaniaTIN>PL</KodKrajuNadaniaTIN>
            <NrDostawcy>5261040337</NrDostawcy>
            <NazwaDostawcy>ING LEASE (POLSKA) SP. Z O.O.</NazwaDostawcy>
            <DowodZakupu>58441/FC/07/2023</DowodZakupu>
            <DataZakupu>2023-07-25</DataZakupu>
            <DataWplywu>2023-07-31</DataWplywu>
            <K_42>3445.54</K_42>
            <K_43>792.47</K_43>
        </ZakupWiersz>
        <ZakupWiersz>
            <LpZakupu>60</LpZakupu>
            <KodKrajuNadaniaTIN>PL</KodKrajuNadaniaTIN>
            <NrDostawcy>8281389240</NrDostawcy>
            <NazwaDostawcy>TN-MOTO Tomasz Jurkowski</NazwaDostawcy>
            <DowodZakupu>203/07/2023</DowodZakupu>
            <DataZakupu>2023-07-25</DataZakupu>
            <DataWplywu>2023-07-31</DataWplywu>
            <K_42>243.88</K_42>
            <K_43>56.09</K_43>
        </ZakupWiersz>
        <ZakupWiersz>
            <LpZakupu>61</LpZakupu>
            <KodKrajuNadaniaTIN>PL</KodKrajuNadaniaTIN>
            <NrDostawcy>6690012951</NrDostawcy>
            <NazwaDostawcy>MOJSIUK sp.j.</NazwaDostawcy>
            <DowodZakupu>1690/SS-2/2023</DowodZakupu>
            <DataZakupu>2023-07-25</DataZakupu>
            <DataWplywu>2023-07-31</DataWplywu>
            <K_42>9513.85</K_42>
            <K_43>2188.19</K_43>
        </ZakupWiersz>
        <ZakupWiersz>
            <LpZakupu>62</LpZakupu>
            <KodKrajuNadaniaTIN>PL</KodKrajuNadaniaTIN>
            <NrDostawcy>5742036094</NrDostawcy>
            <NazwaDostawcy>OPEN SERVICE IT Oskar Ogłaza</NazwaDostawcy>
            <DowodZakupu>2925/2023</DowodZakupu>
            <DataZakupu>2023-07-27</DataZakupu>
            <DataWplywu>2023-07-31</DataWplywu>
            <K_42>73.15</K_42>
            <K_43>16.83</K_43>
        </ZakupWiersz>
        <ZakupWiersz>
            <LpZakupu>63</LpZakupu>
            <KodKrajuNadaniaTIN>PL</KodKrajuNadaniaTIN>
            <NrDostawcy>8531509350</NrDostawcy>
            <NazwaDostawcy>PGF Zachód Spółka z ograniczoną odpowiedzialnością Spółka komandytowa  Stacja pa</NazwaDostawcy>
            <DowodZakupu>F 8427K1/7579/23</DowodZakupu>
            <DataZakupu>2023-07-28</DataZakupu>
            <DataWplywu>2023-07-31</DataWplywu>
            <K_42>205.50</K_42>
            <K_43>47.27</K_43>
        </ZakupWiersz>
        <ZakupWiersz>
            <LpZakupu>64</LpZakupu>
            <KodKrajuNadaniaTIN>PL</KodKrajuNadaniaTIN>
            <NrDostawcy>7790001083</NrDostawcy>
            <NazwaDostawcy>CIRCLE K POLSKA sp. z o.o.</NazwaDostawcy>
            <DowodZakupu>704109092</DowodZakupu>
            <DataZakupu>2023-07-30</DataZakupu>
            <DataWplywu>2023-07-31</DataWplywu>
            <K_42>11254.61</K_42>
            <K_43>2588.57</K_43>
        </ZakupWiersz>
        <ZakupWiersz>
            <LpZakupu>65</LpZakupu>
            <KodKrajuNadaniaTIN>PL</KodKrajuNadaniaTIN>
            <NrDostawcy>5272260025</NrDostawcy>
            <NazwaDostawcy>"OCHRONA JUWENTUS-BIS" sp. z o.o. sp.k.</NazwaDostawcy>
            <DowodZakupu>Z/36765/07/23</DowodZakupu>
            <DataZakupu>2023-07-31</DataZakupu>
            <DataWplywu>2023-07-31</DataWplywu>
            <K_42>195.00</K_42>
            <K_43>44.85</K_43>
        </ZakupWiersz>
        <ZakupWiersz>
            <LpZakupu>66</LpZakupu>
            <KodKrajuNadaniaTIN>PL</KodKrajuNadaniaTIN>
            <NrDostawcy>7451003240</NrDostawcy>
            <NazwaDostawcy>DBK Sp. z o.o.</NazwaDostawcy>
            <DowodZakupu>FVS50/23/07/0430</DowodZakupu>
            <DataZakupu>2023-07-31</DataZakupu>
            <DataWplywu>2023-07-31</DataWplywu>
            <K_42>793.00</K_42>
            <K_43>182.39</K_43>
        </ZakupWiersz>
        <ZakupWiersz>
            <LpZakupu>67</LpZakupu>
            <KodKrajuNadaniaTIN>NL</KodKrajuNadaniaTIN>
            <NrDostawcy>801426972B01</NrDostawcy>
            <NazwaDostawcy>DAF Trucks N.V.</NazwaDostawcy>
            <DowodZakupu>QP029428</DowodZakupu>
            <DataZakupu>2023-07-03</DataZakupu>
            <DataWplywu>2023-07-31</DataWplywu>
            <K_42>717.86</K_42>
            <K_43>165.11</K_43>
        </ZakupWiersz>
        <ZakupWiersz>
            <LpZakupu>68</LpZakupu>
            <KodKrajuNadaniaTIN>AT</KodKrajuNadaniaTIN>
            <NrDostawcy>U55795401</NrDostawcy>
            <NazwaDostawcy>Lutz Assekuranz Versicherungsvermittlung Ges.m.b.H.</NazwaDostawcy>
            <DowodZakupu>6729474/1072137/77</DowodZakupu>
            <DataZakupu>2023-07-03</DataZakupu>
            <DataWplywu>2023-07-31</DataWplywu>
            <K_42>5874.40</K_42>
            <K_43>0.0</K_43>
        </ZakupWiersz>
        <ZakupWiersz>
            <LpZakupu>69</LpZakupu>
            <KodKrajuNadaniaTIN>PL</KodKrajuNadaniaTIN>
            <NrDostawcy>189439213</NrDostawcy>
            <NazwaDostawcy>TimoCom GmbH</NazwaDostawcy>
            <DowodZakupu>223245608</DowodZakupu>
            <DataZakupu>2023-07-18</DataZakupu>
            <DataWplywu>2023-07-31</DataWplywu>
            <K_42>380.20</K_42>
            <K_43>87.44</K_43>
        </ZakupWiersz>
        <ZakupCtrl>
            <LiczbaWierszyZakupow>69</LiczbaWierszyZakupow>
            <PodatekNaliczony>26216.22</PodatekNaliczony>
        </ZakupCtrl>
    </Ewidencja>
</JPK>
