<?xml version="1.0" encoding="UTF-8" standalone="yes"?>
<JPK xmlns="http://crd.gov.pl/wzor/2021/12/27/11148/" xmlns:ns2="http://crd.gov.pl/xml/schematy/dziedzinowe/mf/2021/06/08/eD/DefinicjeTypy/" xmlns:ns3="http://crd.gov.pl/wzor/2021/12/27/11149/">
    <Naglowek>
        <KodFormularza kodSystemowy="JPK_V7M (2)" wersjaSchemy="1-0E">JPK_VAT</KodFormularza>
        <WariantFormularza>2</WariantFormularza>
        <DataWytworzeniaJPK>2023-09-14T12:48:04.477Z</DataWytworzeniaJPK>
        <NazwaSystemu>Taxman</NazwaSystemu>
        <CelZlozenia poz="P_7">2</CelZlozenia>
        <KodUrzedu>3207</KodUrzedu>
        <Rok>2023</Rok>
        <Miesiac>3</Miesiac>
    </Naglowek>
    <Podmiot1 rola="Podatnik">
        <OsobaNiefizyczna>
            <NIP>8581854497</NIP>
            <PelnaNazwa>MANICO FHH SP. Z O.O. SP.K.</PelnaNazwa>
            <Email>info@taxman.biz.pl</Email>
            <Telefon>605586176</Telefon>
        </OsobaNiefizyczna>
    </Podmiot1>
    <Deklaracja>
        <Naglowek>
            <KodFormularzaDekl kodSystemowy="VAT-7 (22)" kodPodatku="VAT" rodzajZobowiazania="Z" wersjaSchemy="1-0E">VAT-7</KodFormularzaDekl>
            <WariantFormularzaDekl>22</WariantFormularzaDekl>
        </Naglowek>
        <PozycjeSzczegolowe>
            <P_19>657016</P_19>
            <P_20>151114</P_20>
            <P_29>94</P_29>
            <P_30>22</P_30>
            <P_35>0</P_35>
            <P_37>657110</P_37>
            <P_38>151136</P_38>
            <P_39>17919</P_39>
            <P_40>0</P_40>
            <P_41>0</P_41>
            <P_42>633805</P_42>
            <P_43>145730</P_43>
            <P_48>163649</P_48>
            <P_49>0</P_49>
            <P_51>0</P_51>
            <P_52>0</P_52>
            <P_53>12513</P_53>
            <P_62>12513</P_62>
        </PozycjeSzczegolowe>
        <Pouczenia>1</Pouczenia>
    </Deklaracja>
    <Ewidencja>
        <SprzedazWiersz>
            <LpSprzedazy>1</LpSprzedazy>
            <KodKrajuNadaniaTIN>PL</KodKrajuNadaniaTIN>
            <NrKontrahenta>8522658837</NrKontrahenta>
            <NazwaKontrahenta>WASTE sp. z o.o. sp.k.</NazwaKontrahenta>
            <DowodSprzedazy>FS 1/MT/03/2023</DowodSprzedazy>
            <DataWystawienia>2023-03-02</DataWystawienia>
            <DataSprzedazy>2023-03-02</DataSprzedazy>
            <K_19>1009.20</K_19>
            <K_20>232.12</K_20>
        </SprzedazWiersz>
        <SprzedazWiersz>
            <LpSprzedazy>2</LpSprzedazy>
            <KodKrajuNadaniaTIN>PL</KodKrajuNadaniaTIN>
            <NrKontrahenta>9552564627</NrKontrahenta>
            <NazwaKontrahenta>PRZEDSIĘBIORSTWO USŁUG HYDROTECHNICZNYCH RUSIECKI ADAM RUSIECKI sp. z o.o.</NazwaKontrahenta>
            <DowodSprzedazy>FS 2/MT/03/2023</DowodSprzedazy>
            <DataWystawienia>2023-03-06</DataWystawienia>
            <DataSprzedazy>2023-03-06</DataSprzedazy>
            <K_19>6584.74</K_19>
            <K_20>1514.49</K_20>
        </SprzedazWiersz>
        <SprzedazWiersz>
            <LpSprzedazy>3</LpSprzedazy>
            <KodKrajuNadaniaTIN>PL</KodKrajuNadaniaTIN>
            <NrKontrahenta>5990004694</NrKontrahenta>
            <NazwaKontrahenta>M&amp;K Zakład Sieci Sanitarnych Sp. z o.o.</NazwaKontrahenta>
            <DowodSprzedazy>FS 3/MT/03/2023</DowodSprzedazy>
            <DataWystawienia>2023-03-07</DataWystawienia>
            <DataSprzedazy>2023-03-07</DataSprzedazy>
            <K_19>13426.50</K_19>
            <K_20>3088.1</K_20>
        </SprzedazWiersz>
        <SprzedazWiersz>
            <LpSprzedazy>4</LpSprzedazy>
            <KodKrajuNadaniaTIN>PL</KodKrajuNadaniaTIN>
            <NrKontrahenta>8512459792</NrKontrahenta>
            <NazwaKontrahenta>WASTE Daniel Jaworski</NazwaKontrahenta>
            <DowodSprzedazy>FS 4/MT/03/2023</DowodSprzedazy>
            <DataWystawienia>2023-03-07</DataWystawienia>
            <DataSprzedazy>2023-03-07</DataSprzedazy>
            <K_19>2670.00</K_19>
            <K_20>614.1</K_20>
        </SprzedazWiersz>
        <SprzedazWiersz>
            <LpSprzedazy>5</LpSprzedazy>
            <KodKrajuNadaniaTIN>PL</KodKrajuNadaniaTIN>
            <NrKontrahenta>8522658837</NrKontrahenta>
            <NazwaKontrahenta>WASTE sp. z o.o. sp.k.</NazwaKontrahenta>
            <DowodSprzedazy>FS 1/MG/03/2023</DowodSprzedazy>
            <DataWystawienia>2023-03-08</DataWystawienia>
            <DataSprzedazy>2023-03-08</DataSprzedazy>
            <K_19>87.89</K_19>
            <K_20>20.21</K_20>
        </SprzedazWiersz>
        <SprzedazWiersz>
            <LpSprzedazy>6</LpSprzedazy>
            <KodKrajuNadaniaTIN>PL</KodKrajuNadaniaTIN>
            <NrKontrahenta>5342156506</NrKontrahenta>
            <NazwaKontrahenta>EKO-MTK SPÓŁKA Z OGRANICZONA ODPOWIEDZIALNOŚCIĄ SKRÓT FIRMY: EKO-MTK SPÓŁKA Z O.O. LUB EKO-MTK SP. Z O.o.</NazwaKontrahenta>
            <DowodSprzedazy>FS 2/MG/03/2023</DowodSprzedazy>
            <DataWystawienia>2023-03-09</DataWystawienia>
            <DataSprzedazy>2023-03-09</DataSprzedazy>
            <K_19>7.00</K_19>
            <K_20>1.61</K_20>
        </SprzedazWiersz>
        <SprzedazWiersz>
            <LpSprzedazy>7</LpSprzedazy>
            <KodKrajuNadaniaTIN>PL</KodKrajuNadaniaTIN>
            <NrKontrahenta>8542404169</NrKontrahenta>
            <NazwaKontrahenta>TEST sp. z o.o.</NazwaKontrahenta>
            <DowodSprzedazy>FS 3/MG/03/2023</DowodSprzedazy>
            <DataWystawienia>2023-03-09</DataWystawienia>
            <DataSprzedazy>2023-03-09</DataSprzedazy>
            <K_19>586.88</K_19>
            <K_20>134.98</K_20>
        </SprzedazWiersz>
        <SprzedazWiersz>
            <LpSprzedazy>8</LpSprzedazy>
            <KodKrajuNadaniaTIN>PL</KodKrajuNadaniaTIN>
            <NrKontrahenta>8522658837</NrKontrahenta>
            <NazwaKontrahenta>WASTE sp. z o.o. sp.k.</NazwaKontrahenta>
            <DowodSprzedazy>FS 5/MT/03/2023</DowodSprzedazy>
            <DataWystawienia>2023-03-09</DataWystawienia>
            <DataSprzedazy>2023-03-09</DataSprzedazy>
            <K_19>398.90</K_19>
            <K_20>91.75</K_20>
        </SprzedazWiersz>
        <SprzedazWiersz>
            <LpSprzedazy>9</LpSprzedazy>
            <KodKrajuNadaniaTIN>PL</KodKrajuNadaniaTIN>
            <NrKontrahenta>8512459792</NrKontrahenta>
            <NazwaKontrahenta>WASTE Daniel Jaworski</NazwaKontrahenta>
            <DowodSprzedazy>FS 6/MT/03/2023</DowodSprzedazy>
            <DataWystawienia>2023-03-09</DataWystawienia>
            <DataSprzedazy>2023-03-09</DataSprzedazy>
            <K_19>4052.00</K_19>
            <K_20>931.96</K_20>
        </SprzedazWiersz>
        <SprzedazWiersz>
            <LpSprzedazy>10</LpSprzedazy>
            <KodKrajuNadaniaTIN>PL</KodKrajuNadaniaTIN>
            <NrKontrahenta>8542404169</NrKontrahenta>
            <NazwaKontrahenta>TEST sp. z o.o.</NazwaKontrahenta>
            <DowodSprzedazy>KFS 1/MG/03/2023</DowodSprzedazy>
            <DataWystawienia>2023-03-21</DataWystawienia>
            <DataSprzedazy>2023-03-09</DataSprzedazy>
            <K_19>-586.88</K_19>
            <K_20>-134.98</K_20>
        </SprzedazWiersz>
        <SprzedazWiersz>
            <LpSprzedazy>11</LpSprzedazy>
            <KodKrajuNadaniaTIN>PL</KodKrajuNadaniaTIN>
            <NrKontrahenta>8581876872</NrKontrahenta>
            <NazwaKontrahenta>BRUKEXPERT sp. z o.o.</NazwaKontrahenta>
            <DowodSprzedazy>FS 7/MT/03/2023</DowodSprzedazy>
            <DataWystawienia>2023-03-10</DataWystawienia>
            <DataSprzedazy>2023-03-10</DataSprzedazy>
            <K_19>3525.00</K_19>
            <K_20>810.75</K_20>
        </SprzedazWiersz>
        <SprzedazWiersz>
            <LpSprzedazy>12</LpSprzedazy>
            <KodKrajuNadaniaTIN>PL</KodKrajuNadaniaTIN>
            <NrKontrahenta>5990004694</NrKontrahenta>
            <NazwaKontrahenta>M&amp;K Zakład Sieci Sanitarnych Sp. z o.o.</NazwaKontrahenta>
            <DowodSprzedazy>FS 8/MT/03/2023</DowodSprzedazy>
            <DataWystawienia>2023-03-10</DataWystawienia>
            <DataSprzedazy>2023-03-10</DataSprzedazy>
            <K_19>29538.00</K_19>
            <K_20>6793.74</K_20>
        </SprzedazWiersz>
        <SprzedazWiersz>
            <LpSprzedazy>13</LpSprzedazy>
            <KodKrajuNadaniaTIN>PL</KodKrajuNadaniaTIN>
            <NrKontrahenta>5260204995</NrKontrahenta>
            <NazwaKontrahenta>Mostostal Warszawa S.A.</NazwaKontrahenta>
            <DowodSprzedazy>FS 9/MT/03/2023</DowodSprzedazy>
            <DataWystawienia>2023-03-13</DataWystawienia>
            <DataSprzedazy>2023-03-13</DataSprzedazy>
            <K_19>2658.00</K_19>
            <K_20>611.34</K_20>
        </SprzedazWiersz>
        <SprzedazWiersz>
            <LpSprzedazy>14</LpSprzedazy>
            <KodKrajuNadaniaTIN>PL</KodKrajuNadaniaTIN>
            <NrKontrahenta>8513001888</NrKontrahenta>
            <NazwaKontrahenta>NSS sp. z o.o.</NazwaKontrahenta>
            <DowodSprzedazy>FS 10/MT/03/2023</DowodSprzedazy>
            <DataWystawienia>2023-03-13</DataWystawienia>
            <DataSprzedazy>2023-03-13</DataSprzedazy>
            <K_19>2461.51</K_19>
            <K_20>566.15</K_20>
        </SprzedazWiersz>
        <SprzedazWiersz>
            <LpSprzedazy>15</LpSprzedazy>
            <KodKrajuNadaniaTIN>PL</KodKrajuNadaniaTIN>
            <NrKontrahenta>8512459792</NrKontrahenta>
            <NazwaKontrahenta>WASTE Daniel Jaworski</NazwaKontrahenta>
            <DowodSprzedazy>FS 11/MT/03/2023</DowodSprzedazy>
            <DataWystawienia>2023-03-13</DataWystawienia>
            <DataSprzedazy>2023-03-13</DataSprzedazy>
            <K_19>16550.00</K_19>
            <K_20>3806.5</K_20>
        </SprzedazWiersz>
        <SprzedazWiersz>
            <LpSprzedazy>16</LpSprzedazy>
            <KodKrajuNadaniaTIN>PL</KodKrajuNadaniaTIN>
            <NrKontrahenta>8581853658</NrKontrahenta>
            <NazwaKontrahenta>HYDROCAN Sp. z o.o.</NazwaKontrahenta>
            <DowodSprzedazy>FS 12/MT/03/2023</DowodSprzedazy>
            <DataWystawienia>2023-03-15</DataWystawienia>
            <DataSprzedazy>2023-03-15</DataSprzedazy>
            <K_19>121300.00</K_19>
            <K_20>27899.0</K_20>
        </SprzedazWiersz>
        <SprzedazWiersz>
            <LpSprzedazy>17</LpSprzedazy>
            <KodKrajuNadaniaTIN>PL</KodKrajuNadaniaTIN>
            <NrKontrahenta>8581852883</NrKontrahenta>
            <NazwaKontrahenta>PRZEDSIĘBIORSTWO PRODUKCYJNO-HANDLOWO-USŁUGOWE KONKRET sp. z o.o.</NazwaKontrahenta>
            <DowodSprzedazy>FS 13/MT/03/2023</DowodSprzedazy>
            <DataWystawienia>2023-03-16</DataWystawienia>
            <DataSprzedazy>2023-03-16</DataSprzedazy>
            <K_19>1747.86</K_19>
            <K_20>402.01</K_20>
        </SprzedazWiersz>
        <SprzedazWiersz>
            <LpSprzedazy>18</LpSprzedazy>
            <KodKrajuNadaniaTIN>PL</KodKrajuNadaniaTIN>
            <NrKontrahenta>8522658837</NrKontrahenta>
            <NazwaKontrahenta>WASTE sp. z o.o. sp.k.</NazwaKontrahenta>
            <DowodSprzedazy>FS 14/MT/03/2023</DowodSprzedazy>
            <DataWystawienia>2023-03-16</DataWystawienia>
            <DataSprzedazy>2023-03-16</DataSprzedazy>
            <K_19>3550.00</K_19>
            <K_20>816.5</K_20>
        </SprzedazWiersz>
        <SprzedazWiersz>
            <LpSprzedazy>19</LpSprzedazy>
            <KodKrajuNadaniaTIN>PL</KodKrajuNadaniaTIN>
            <NrKontrahenta>8581852883</NrKontrahenta>
            <NazwaKontrahenta>PRZEDSIĘBIORSTWO PRODUKCYJNO-HANDLOWO-USŁUGOWE KONKRET sp. z o.o.</NazwaKontrahenta>
            <DowodSprzedazy>KFS 1/MT/03/2023</DowodSprzedazy>
            <DataWystawienia>2023-03-31</DataWystawienia>
            <DataSprzedazy>2023-03-16</DataSprzedazy>
            <K_19>-2868.34</K_19>
            <K_20>-659.72</K_20>
        </SprzedazWiersz>
        <SprzedazWiersz>
            <LpSprzedazy>20</LpSprzedazy>
            <KodKrajuNadaniaTIN>PL</KodKrajuNadaniaTIN>
            <NrKontrahenta>8510205573</NrKontrahenta>
            <NazwaKontrahenta>Grupa Azoty Z.Ch. Police SA </NazwaKontrahenta>
            <DowodSprzedazy>FS 4/MG/03/2023</DowodSprzedazy>
            <DataWystawienia>2023-03-17</DataWystawienia>
            <DataSprzedazy>2023-03-17</DataSprzedazy>
            <K_19>39380.00</K_19>
            <K_20>9057.4</K_20>
        </SprzedazWiersz>
        <SprzedazWiersz>
            <LpSprzedazy>21</LpSprzedazy>
            <KodKrajuNadaniaTIN>PL</KodKrajuNadaniaTIN>
            <NrKontrahenta>8581876872</NrKontrahenta>
            <NazwaKontrahenta>BRUKEXPERT sp. z o.o.</NazwaKontrahenta>
            <DowodSprzedazy>FS 15/MT/03/2023</DowodSprzedazy>
            <DataWystawienia>2023-03-17</DataWystawienia>
            <DataSprzedazy>2023-03-17</DataSprzedazy>
            <K_19>6973.02</K_19>
            <K_20>1603.79</K_20>
        </SprzedazWiersz>
        <SprzedazWiersz>
            <LpSprzedazy>22</LpSprzedazy>
            <KodKrajuNadaniaTIN>PL</KodKrajuNadaniaTIN>
            <NrKontrahenta>9552413093</NrKontrahenta>
            <NazwaKontrahenta>Stabmar sp. z o.o.</NazwaKontrahenta>
            <DowodSprzedazy>FS 16/MT/03/2023</DowodSprzedazy>
            <DataWystawienia>2023-03-17</DataWystawienia>
            <DataSprzedazy>2023-03-17</DataSprzedazy>
            <K_19>2727.00</K_19>
            <K_20>627.21</K_20>
        </SprzedazWiersz>
        <SprzedazWiersz>
            <LpSprzedazy>23</LpSprzedazy>
            <KodKrajuNadaniaTIN>PL</KodKrajuNadaniaTIN>
            <NrKontrahenta>8522658837</NrKontrahenta>
            <NazwaKontrahenta>WASTE sp. z o.o. sp.k.</NazwaKontrahenta>
            <DowodSprzedazy>FS 17/MT/03/2023</DowodSprzedazy>
            <DataWystawienia>2023-03-21</DataWystawienia>
            <DataSprzedazy>2023-03-21</DataSprzedazy>
            <K_19>2375.00</K_19>
            <K_20>546.25</K_20>
        </SprzedazWiersz>
        <SprzedazWiersz>
            <LpSprzedazy>24</LpSprzedazy>
            <KodKrajuNadaniaTIN>PL</KodKrajuNadaniaTIN>
            <NrKontrahenta>8522658837</NrKontrahenta>
            <NazwaKontrahenta>WASTE sp. z o.o. sp.k.</NazwaKontrahenta>
            <DowodSprzedazy>KFS 2/MT/03/2023</DowodSprzedazy>
            <DataWystawienia>2023-03-31</DataWystawienia>
            <DataSprzedazy>2023-03-21</DataSprzedazy>
            <K_19>-395.00</K_19>
            <K_20>-90.85</K_20>
        </SprzedazWiersz>
        <SprzedazWiersz>
            <LpSprzedazy>25</LpSprzedazy>
            <KodKrajuNadaniaTIN>PL</KodKrajuNadaniaTIN>
            <NrKontrahenta>8513001888</NrKontrahenta>
            <NazwaKontrahenta>NSS sp. z o.o.</NazwaKontrahenta>
            <DowodSprzedazy>FS 18/MT/03/2023</DowodSprzedazy>
            <DataWystawienia>2023-03-22</DataWystawienia>
            <DataSprzedazy>2023-03-22</DataSprzedazy>
            <K_19>1021.62</K_19>
            <K_20>234.97</K_20>
        </SprzedazWiersz>
        <SprzedazWiersz>
            <LpSprzedazy>26</LpSprzedazy>
            <KodKrajuNadaniaTIN>PL</KodKrajuNadaniaTIN>
            <NrKontrahenta>5342156506</NrKontrahenta>
            <NazwaKontrahenta>EKO-MTK SPÓŁKA Z OGRANICZONA ODPOWIEDZIALNOŚCIĄ SKRÓT FIRMY: EKO-MTK SPÓŁKA Z O.O. LUB EKO-MTK SP. Z O.o.</NazwaKontrahenta>
            <DowodSprzedazy>FS 5/MG/03/2023</DowodSprzedazy>
            <DataWystawienia>2023-03-23</DataWystawienia>
            <DataSprzedazy>2023-03-23</DataSprzedazy>
            <K_19>21.00</K_19>
            <K_20>4.83</K_20>
        </SprzedazWiersz>
        <SprzedazWiersz>
            <LpSprzedazy>27</LpSprzedazy>
            <KodKrajuNadaniaTIN>PL</KodKrajuNadaniaTIN>
            <NrKontrahenta>5990004694</NrKontrahenta>
            <NazwaKontrahenta>M&amp;K Zakład Sieci Sanitarnych Sp. z o.o.</NazwaKontrahenta>
            <DowodSprzedazy>FS 19/MT/03/2023</DowodSprzedazy>
            <DataWystawienia>2023-03-23</DataWystawienia>
            <DataSprzedazy>2023-03-23</DataSprzedazy>
            <K_19>16137.00</K_19>
            <K_20>3711.51</K_20>
        </SprzedazWiersz>
        <SprzedazWiersz>
            <LpSprzedazy>28</LpSprzedazy>
            <KodKrajuNadaniaTIN>PL</KodKrajuNadaniaTIN>
            <NrKontrahenta>5261003187</NrKontrahenta>
            <NazwaKontrahenta>Budimex s.a.</NazwaKontrahenta>
            <DowodSprzedazy>FS 20/MT/03/2023</DowodSprzedazy>
            <DataWystawienia>2023-03-24</DataWystawienia>
            <DataSprzedazy>2023-03-24</DataSprzedazy>
            <K_19>5529.90</K_19>
            <K_20>1271.88</K_20>
        </SprzedazWiersz>
        <SprzedazWiersz>
            <LpSprzedazy>29</LpSprzedazy>
            <KodKrajuNadaniaTIN>IE</KodKrajuNadaniaTIN>
            <NrKontrahenta>6364992H</NrKontrahenta>
            <NazwaKontrahenta>Adobe Systems Software Ireland Ltd</NazwaKontrahenta>
            <DowodSprzedazy>IEE2023003284606</DowodSprzedazy>
            <DataWystawienia>2023-03-31</DataWystawienia>
            <DataSprzedazy>2023-03-27</DataSprzedazy>
            <K_29>93.78</K_29>
            <K_30>21.57</K_30>
        </SprzedazWiersz>
        <SprzedazWiersz>
            <LpSprzedazy>30</LpSprzedazy>
            <KodKrajuNadaniaTIN>PL</KodKrajuNadaniaTIN>
            <NrKontrahenta>8581099552</NrKontrahenta>
            <NazwaKontrahenta>MANICO Mariusz Niełacny</NazwaKontrahenta>
            <DowodSprzedazy>FS 21/MT/03/2023</DowodSprzedazy>
            <DataWystawienia>2023-03-27</DataWystawienia>
            <DataSprzedazy>2023-03-27</DataSprzedazy>
            <TP>1</TP>
            <K_19>2956.00</K_19>
            <K_20>679.88</K_20>
        </SprzedazWiersz>
        <SprzedazWiersz>
            <LpSprzedazy>31</LpSprzedazy>
            <KodKrajuNadaniaTIN>PL</KodKrajuNadaniaTIN>
            <NrKontrahenta>8581852883</NrKontrahenta>
            <NazwaKontrahenta>PRZEDSIĘBIORSTWO PRODUKCYJNO-HANDLOWO-USŁUGOWE KONKRET sp. z o.o.</NazwaKontrahenta>
            <DowodSprzedazy>FS 22/MT/03/2023</DowodSprzedazy>
            <DataWystawienia>2023-03-27</DataWystawienia>
            <DataSprzedazy>2023-03-27</DataSprzedazy>
            <K_19>15335.00</K_19>
            <K_20>3527.05</K_20>
        </SprzedazWiersz>
        <SprzedazWiersz>
            <LpSprzedazy>32</LpSprzedazy>
            <KodKrajuNadaniaTIN>PL</KodKrajuNadaniaTIN>
            <NrKontrahenta>5990004694</NrKontrahenta>
            <NazwaKontrahenta>M&amp;K Zakład Sieci Sanitarnych Sp. z o.o.</NazwaKontrahenta>
            <DowodSprzedazy>FS 23/MT/03/2023</DowodSprzedazy>
            <DataWystawienia>2023-03-30</DataWystawienia>
            <DataSprzedazy>2023-03-30</DataSprzedazy>
            <K_19>32136.00</K_19>
            <K_20>7391.28</K_20>
        </SprzedazWiersz>
        <SprzedazWiersz>
            <LpSprzedazy>33</LpSprzedazy>
            <KodKrajuNadaniaTIN>PL</KodKrajuNadaniaTIN>
            <NrKontrahenta>9552564627</NrKontrahenta>
            <NazwaKontrahenta>PRZEDSIĘBIORSTWO USŁUG HYDROTECHNICZNYCH RUSIECKI ADAM RUSIECKI sp. z o.o.</NazwaKontrahenta>
            <DowodSprzedazy>FS 24/MT/03/2023</DowodSprzedazy>
            <DataWystawienia>2023-03-31</DataWystawienia>
            <DataSprzedazy>2023-03-31</DataSprzedazy>
            <K_19>3385.60</K_19>
            <K_20>778.69</K_20>
        </SprzedazWiersz>
        <SprzedazWiersz>
            <LpSprzedazy>34</LpSprzedazy>
            <KodKrajuNadaniaTIN>PL</KodKrajuNadaniaTIN>
            <NrKontrahenta>8581099552</NrKontrahenta>
            <NazwaKontrahenta>MANICO Mariusz Niełacny</NazwaKontrahenta>
            <DowodSprzedazy>FS 25/MT/03/2023</DowodSprzedazy>
            <DataWystawienia>2023-03-31</DataWystawienia>
            <DataSprzedazy>2023-03-31</DataSprzedazy>
            <TP>1</TP>
            <K_19>51828.48</K_19>
            <K_20>11920.55</K_20>
        </SprzedazWiersz>
        <SprzedazWiersz>
            <LpSprzedazy>35</LpSprzedazy>
            <KodKrajuNadaniaTIN>PL</KodKrajuNadaniaTIN>
            <NrKontrahenta>5990004694</NrKontrahenta>
            <NazwaKontrahenta>M&amp;K Zakład Sieci Sanitarnych Sp. z o.o.</NazwaKontrahenta>
            <DowodSprzedazy>FS 26/MT/03/2023</DowodSprzedazy>
            <DataWystawienia>2023-03-31</DataWystawienia>
            <DataSprzedazy>2023-03-31</DataSprzedazy>
            <K_19>17892.00</K_19>
            <K_20>4115.16</K_20>
        </SprzedazWiersz>
        <SprzedazWiersz>
            <LpSprzedazy>36</LpSprzedazy>
            <KodKrajuNadaniaTIN>PL</KodKrajuNadaniaTIN>
            <NrKontrahenta>9552564627</NrKontrahenta>
            <NazwaKontrahenta>PRZEDSIĘBIORSTWO USŁUG HYDROTECHNICZNYCH RUSIECKI ADAM RUSIECKI sp. z o.o.</NazwaKontrahenta>
            <DowodSprzedazy>FS 27/MT/03/2023</DowodSprzedazy>
            <DataWystawienia>2023-03-31</DataWystawienia>
            <DataSprzedazy>2023-03-31</DataSprzedazy>
            <K_19>26832.52</K_19>
            <K_20>6171.48</K_20>
        </SprzedazWiersz>
        <SprzedazWiersz>
            <LpSprzedazy>37</LpSprzedazy>
            <KodKrajuNadaniaTIN>PL</KodKrajuNadaniaTIN>
            <NrKontrahenta>9552564627</NrKontrahenta>
            <NazwaKontrahenta>PRZEDSIĘBIORSTWO USŁUG HYDROTECHNICZNYCH RUSIECKI ADAM RUSIECKI sp. z o.o.</NazwaKontrahenta>
            <DowodSprzedazy>FS 28/MT/03/2023</DowodSprzedazy>
            <DataWystawienia>2023-03-31</DataWystawienia>
            <DataSprzedazy>2023-03-31</DataSprzedazy>
            <K_19>16945.02</K_19>
            <K_20>3897.35</K_20>
        </SprzedazWiersz>
        <SprzedazWiersz>
            <LpSprzedazy>38</LpSprzedazy>
            <KodKrajuNadaniaTIN>PL</KodKrajuNadaniaTIN>
            <NrKontrahenta>9552564627</NrKontrahenta>
            <NazwaKontrahenta>PRZEDSIĘBIORSTWO USŁUG HYDROTECHNICZNYCH RUSIECKI ADAM RUSIECKI sp. z o.o.</NazwaKontrahenta>
            <DowodSprzedazy>FS 29/MT/03/2023</DowodSprzedazy>
            <DataWystawienia>2023-03-31</DataWystawienia>
            <DataSprzedazy>2023-03-31</DataSprzedazy>
            <K_19>8472.51</K_19>
            <K_20>1948.68</K_20>
        </SprzedazWiersz>
        <SprzedazWiersz>
            <LpSprzedazy>39</LpSprzedazy>
            <KodKrajuNadaniaTIN>PL</KodKrajuNadaniaTIN>
            <NrKontrahenta>9552564627</NrKontrahenta>
            <NazwaKontrahenta>PRZEDSIĘBIORSTWO USŁUG HYDROTECHNICZNYCH RUSIECKI ADAM RUSIECKI sp. z o.o.</NazwaKontrahenta>
            <DowodSprzedazy>FS 30/MT/03/2023</DowodSprzedazy>
            <DataWystawienia>2023-03-31</DataWystawienia>
            <DataSprzedazy>2023-03-31</DataSprzedazy>
            <K_19>200765.50</K_19>
            <K_20>46176.07</K_20>
        </SprzedazWiersz>
        <SprzedazCtrl>
            <LiczbaWierszySprzedazy>39</LiczbaWierszySprzedazy>
            <PodatekNalezny>151135.36</PodatekNalezny>
        </SprzedazCtrl>
        <ZakupWiersz>
            <LpZakupu>1</LpZakupu>
            <KodKrajuNadaniaTIN>PL</KodKrajuNadaniaTIN>
            <NrDostawcy>8581099552</NrDostawcy>
            <NazwaDostawcy>MANICO Mariusz Niełacny</NazwaDostawcy>
            <DowodZakupu>1/MT/03/2023</DowodZakupu>
            <DataZakupu>2023-02-16</DataZakupu>
            <DataWplywu>2023-03-31</DataWplywu>
            <K_42>-2868.34</K_42>
            <K_43>-659.72</K_43>
        </ZakupWiersz>
        <ZakupWiersz>
            <LpZakupu>2</LpZakupu>
            <KodKrajuNadaniaTIN>PL</KodKrajuNadaniaTIN>
            <NrDostawcy>7740001454</NrDostawcy>
            <NazwaDostawcy>POLSKI KONCERN NAFTOWY ORLEN S.A.</NazwaDostawcy>
            <DowodZakupu>2532K1/1458/23</DowodZakupu>
            <DataZakupu>2023-02-27</DataZakupu>
            <DataWplywu>2023-03-31</DataWplywu>
            <K_42>394.79</K_42>
            <K_43>45.4</K_43>
        </ZakupWiersz>
        <ZakupWiersz>
            <LpZakupu>3</LpZakupu>
            <KodKrajuNadaniaTIN>PL</KodKrajuNadaniaTIN>
            <NrDostawcy>8522353084</NrDostawcy>
            <NazwaDostawcy>EZKa Sp. Jaw</NazwaDostawcy>
            <DowodZakupu>67/2023</DowodZakupu>
            <DataZakupu>2023-03-01</DataZakupu>
            <DataWplywu>2023-03-31</DataWplywu>
            <K_42>2350.87</K_42>
            <K_43>540.7</K_43>
        </ZakupWiersz>
        <ZakupWiersz>
            <LpZakupu>4</LpZakupu>
            <KodKrajuNadaniaTIN>PL</KodKrajuNadaniaTIN>
            <NrDostawcy>8511005008</NrDostawcy>
            <NazwaDostawcy>" TAXMAN " BIURO RACHUNKOWE Grzegorz Grzelczyk</NazwaDostawcy>
            <DowodZakupu>3/20234949/MANI4949</DowodZakupu>
            <DataZakupu>2023-03-01</DataZakupu>
            <DataWplywu>2023-03-31</DataWplywu>
            <K_42>2500.00</K_42>
            <K_43>575.0</K_43>
        </ZakupWiersz>
        <ZakupWiersz>
            <LpZakupu>5</LpZakupu>
            <KodKrajuNadaniaTIN>PL</KodKrajuNadaniaTIN>
            <NrDostawcy>5260250995</NrDostawcy>
            <NazwaDostawcy>ORANGE POLSKA S.A.</NazwaDostawcy>
            <DowodZakupu>23020204061349</DowodZakupu>
            <DataZakupu>2023-03-01</DataZakupu>
            <DataWplywu>2023-03-31</DataWplywu>
            <K_42>167.76</K_42>
            <K_43>38.58</K_43>
        </ZakupWiersz>
        <ZakupWiersz>
            <LpZakupu>6</LpZakupu>
            <KodKrajuNadaniaTIN>PL</KodKrajuNadaniaTIN>
            <NrDostawcy>6310014241</NrDostawcy>
            <NazwaDostawcy>INTEGRA Sp. J.</NazwaDostawcy>
            <DowodZakupu>1904/2023</DowodZakupu>
            <DataZakupu>2023-03-02</DataZakupu>
            <DataWplywu>2023-03-31</DataWplywu>
            <K_42>889.00</K_42>
            <K_43>204.47</K_43>
        </ZakupWiersz>
        <ZakupWiersz>
            <LpZakupu>7</LpZakupu>
            <KodKrajuNadaniaTIN>PL</KodKrajuNadaniaTIN>
            <NrDostawcy>9551114862</NrDostawcy>
            <NazwaDostawcy>BIURO INZYNIERSKO-HANDLOWE WOD-KAN Zbigniew Jaworowski</NazwaDostawcy>
            <DowodZakupu>FV/2/03/2023</DowodZakupu>
            <DataZakupu>2023-03-04</DataZakupu>
            <DataWplywu>2023-03-31</DataWplywu>
            <K_42>24240.00</K_42>
            <K_43>5575.2</K_43>
        </ZakupWiersz>
        <ZakupWiersz>
            <LpZakupu>8</LpZakupu>
            <KodKrajuNadaniaTIN>PL</KodKrajuNadaniaTIN>
            <NrDostawcy>8581099552</NrDostawcy>
            <NazwaDostawcy>MANICO Mariusz Niełacny</NazwaDostawcy>
            <DowodZakupu>2/MT/03/2023</DowodZakupu>
            <DataZakupu>2023-03-06</DataZakupu>
            <DataWplywu>2023-03-31</DataWplywu>
            <K_42>167715.82</K_42>
            <K_43>38574.64</K_43>
        </ZakupWiersz>
        <ZakupWiersz>
            <LpZakupu>9</LpZakupu>
            <KodKrajuNadaniaTIN>PL</KodKrajuNadaniaTIN>
            <NrDostawcy>8581099552</NrDostawcy>
            <NazwaDostawcy>MANICO Mariusz Niełacny</NazwaDostawcy>
            <DowodZakupu>3/MT/03/2023</DowodZakupu>
            <DataZakupu>2023-03-06</DataZakupu>
            <DataWplywu>2023-03-31</DataWplywu>
            <K_42>5895.70</K_42>
            <K_43>1356.01</K_43>
        </ZakupWiersz>
        <ZakupWiersz>
            <LpZakupu>10</LpZakupu>
            <KodKrajuNadaniaTIN>PL</KodKrajuNadaniaTIN>
            <NrDostawcy>8581099552</NrDostawcy>
            <NazwaDostawcy>MANICO Mariusz Niełacny</NazwaDostawcy>
            <DowodZakupu>4/MT/03/2023</DowodZakupu>
            <DataZakupu>2023-03-07</DataZakupu>
            <DataWplywu>2023-03-31</DataWplywu>
            <K_42>12880.50</K_42>
            <K_43>2962.52</K_43>
        </ZakupWiersz>
        <ZakupWiersz>
            <LpZakupu>11</LpZakupu>
            <KodKrajuNadaniaTIN>PL</KodKrajuNadaniaTIN>
            <NrDostawcy>8581099552</NrDostawcy>
            <NazwaDostawcy>MANICO Mariusz Niełacny</NazwaDostawcy>
            <DowodZakupu>5/MT/03/2023</DowodZakupu>
            <DataZakupu>2023-03-07</DataZakupu>
            <DataWplywu>2023-03-31</DataWplywu>
            <K_42>2475.00</K_42>
            <K_43>569.25</K_43>
        </ZakupWiersz>
        <ZakupWiersz>
            <LpZakupu>12</LpZakupu>
            <KodKrajuNadaniaTIN>PL</KodKrajuNadaniaTIN>
            <NrDostawcy>6310014241</NrDostawcy>
            <NazwaDostawcy>INTEGRA Sp. J.</NazwaDostawcy>
            <DowodZakupu>2130/2023</DowodZakupu>
            <DataZakupu>2023-03-09</DataZakupu>
            <DataWplywu>2023-03-31</DataWplywu>
            <K_42>350.50</K_42>
            <K_43>80.62</K_43>
        </ZakupWiersz>
        <ZakupWiersz>
            <LpZakupu>13</LpZakupu>
            <KodKrajuNadaniaTIN>PL</KodKrajuNadaniaTIN>
            <NrDostawcy>8581099552</NrDostawcy>
            <NazwaDostawcy>MANICO Mariusz Niełacny</NazwaDostawcy>
            <DowodZakupu>6/MT/03/2023</DowodZakupu>
            <DataZakupu>2023-03-09</DataZakupu>
            <DataWplywu>2023-03-31</DataWplywu>
            <K_42>3744.50</K_42>
            <K_43>861.24</K_43>
        </ZakupWiersz>
        <ZakupWiersz>
            <LpZakupu>14</LpZakupu>
            <KodKrajuNadaniaTIN>PL</KodKrajuNadaniaTIN>
            <NrDostawcy>8511348317</NrDostawcy>
            <NazwaDostawcy>NetSetup Kurek Ryszard</NazwaDostawcy>
            <DowodZakupu>25/B/03/2023</DowodZakupu>
            <DataZakupu>2023-03-10</DataZakupu>
            <DataWplywu>2023-03-31</DataWplywu>
            <K_42>462.90</K_42>
            <K_43>106.47</K_43>
        </ZakupWiersz>
        <ZakupWiersz>
            <LpZakupu>15</LpZakupu>
            <KodKrajuNadaniaTIN>PL</KodKrajuNadaniaTIN>
            <NrDostawcy>8581099552</NrDostawcy>
            <NazwaDostawcy>MANICO Mariusz Niełacny</NazwaDostawcy>
            <DowodZakupu>7/MT/03/2023</DowodZakupu>
            <DataZakupu>2023-03-10</DataZakupu>
            <DataWplywu>2023-03-31</DataWplywu>
            <K_42>3310.00</K_42>
            <K_43>761.3</K_43>
        </ZakupWiersz>
        <ZakupWiersz>
            <LpZakupu>16</LpZakupu>
            <KodKrajuNadaniaTIN>PL</KodKrajuNadaniaTIN>
            <NrDostawcy>8581099552</NrDostawcy>
            <NazwaDostawcy>MANICO Mariusz Niełacny</NazwaDostawcy>
            <DowodZakupu>8/MT/03/2023</DowodZakupu>
            <DataZakupu>2023-03-10</DataZakupu>
            <DataWplywu>2023-03-31</DataWplywu>
            <K_42>28721.00</K_42>
            <K_43>6605.83</K_43>
        </ZakupWiersz>
        <ZakupWiersz>
            <LpZakupu>17</LpZakupu>
            <KodKrajuNadaniaTIN>PL</KodKrajuNadaniaTIN>
            <NrDostawcy>8581099552</NrDostawcy>
            <NazwaDostawcy>MANICO Mariusz Niełacny</NazwaDostawcy>
            <DowodZakupu>9/MT/03/2023</DowodZakupu>
            <DataZakupu>2023-03-13</DataZakupu>
            <DataWplywu>2023-03-31</DataWplywu>
            <K_42>42423.58</K_42>
            <K_43>9757.42</K_43>
        </ZakupWiersz>
        <ZakupWiersz>
            <LpZakupu>18</LpZakupu>
            <KodKrajuNadaniaTIN>PL</KodKrajuNadaniaTIN>
            <NrDostawcy>8581099552</NrDostawcy>
            <NazwaDostawcy>MANICO Mariusz Niełacny</NazwaDostawcy>
            <DowodZakupu>10/MT/03/2023</DowodZakupu>
            <DataZakupu>2023-03-13</DataZakupu>
            <DataWplywu>2023-03-31</DataWplywu>
            <K_42>8210.47</K_42>
            <K_43>1888.41</K_43>
        </ZakupWiersz>
        <ZakupWiersz>
            <LpZakupu>19</LpZakupu>
            <KodKrajuNadaniaTIN>PL</KodKrajuNadaniaTIN>
            <NrDostawcy>8581099552</NrDostawcy>
            <NazwaDostawcy>MANICO Mariusz Niełacny</NazwaDostawcy>
            <DowodZakupu>11/MT/03/2023</DowodZakupu>
            <DataZakupu>2023-03-13</DataZakupu>
            <DataWplywu>2023-03-31</DataWplywu>
            <K_42>2260.00</K_42>
            <K_43>519.8</K_43>
        </ZakupWiersz>
        <ZakupWiersz>
            <LpZakupu>20</LpZakupu>
            <KodKrajuNadaniaTIN>PL</KodKrajuNadaniaTIN>
            <NrDostawcy>8581099552</NrDostawcy>
            <NazwaDostawcy>MANICO Mariusz Niełacny</NazwaDostawcy>
            <DowodZakupu>12/MT/03/2023</DowodZakupu>
            <DataZakupu>2023-03-13</DataZakupu>
            <DataWplywu>2023-03-31</DataWplywu>
            <K_42>2286.12</K_42>
            <K_43>525.81</K_43>
        </ZakupWiersz>
        <ZakupWiersz>
            <LpZakupu>21</LpZakupu>
            <KodKrajuNadaniaTIN>PL</KodKrajuNadaniaTIN>
            <NrDostawcy>8581099552</NrDostawcy>
            <NazwaDostawcy>MANICO Mariusz Niełacny</NazwaDostawcy>
            <DowodZakupu>13/MT/03/2023</DowodZakupu>
            <DataZakupu>2023-03-13</DataZakupu>
            <DataWplywu>2023-03-31</DataWplywu>
            <K_42>15778.00</K_42>
            <K_43>3628.94</K_43>
        </ZakupWiersz>
        <ZakupWiersz>
            <LpZakupu>22</LpZakupu>
            <KodKrajuNadaniaTIN>PL</KodKrajuNadaniaTIN>
            <NrDostawcy>8520405196</NrDostawcy>
            <NazwaDostawcy>PAW Andrzej watychowicz</NazwaDostawcy>
            <DowodZakupu>154/2023</DowodZakupu>
            <DataZakupu>2023-03-13</DataZakupu>
            <DataWplywu>2023-03-31</DataWplywu>
            <K_42>468.00</K_42>
            <K_43>107.64</K_43>
        </ZakupWiersz>
        <ZakupWiersz>
            <LpZakupu>23</LpZakupu>
            <KodKrajuNadaniaTIN>PL</KodKrajuNadaniaTIN>
            <NrDostawcy>5260250995</NrDostawcy>
            <NazwaDostawcy>ORANGE POLSKA S.A.</NazwaDostawcy>
            <DowodZakupu>F0049515107/003/23</DowodZakupu>
            <DataZakupu>2023-03-14</DataZakupu>
            <DataWplywu>2023-03-31</DataWplywu>
            <K_42>71.03</K_42>
            <K_43>16.34</K_43>
        </ZakupWiersz>
        <ZakupWiersz>
            <LpZakupu>24</LpZakupu>
            <KodKrajuNadaniaTIN>PL</KodKrajuNadaniaTIN>
            <NrDostawcy>8581099552</NrDostawcy>
            <NazwaDostawcy>MANICO Mariusz Niełacny</NazwaDostawcy>
            <DowodZakupu>15/MT/03/2023</DowodZakupu>
            <DataZakupu>2023-03-15</DataZakupu>
            <DataWplywu>2023-03-31</DataWplywu>
            <K_42>115000.00</K_42>
            <K_43>26450.0</K_43>
        </ZakupWiersz>
        <ZakupWiersz>
            <LpZakupu>25</LpZakupu>
            <KodKrajuNadaniaTIN>PL</KodKrajuNadaniaTIN>
            <NrDostawcy>8581099552</NrDostawcy>
            <NazwaDostawcy>MANICO Mariusz Niełacny</NazwaDostawcy>
            <DowodZakupu>16/MT/03/2023</DowodZakupu>
            <DataZakupu>2023-03-15</DataZakupu>
            <DataWplywu>2023-03-31</DataWplywu>
            <K_42>38180.00</K_42>
            <K_43>8781.4</K_43>
        </ZakupWiersz>
        <ZakupWiersz>
            <LpZakupu>26</LpZakupu>
            <KodKrajuNadaniaTIN>PL</KodKrajuNadaniaTIN>
            <NrDostawcy>6850010620</NrDostawcy>
            <NazwaDostawcy>Fabryka Armatur JAFAR SA</NazwaDostawcy>
            <DowodZakupu>SKR2303/0342</DowodZakupu>
            <DataZakupu>2023-03-16</DataZakupu>
            <DataWplywu>2023-03-31</DataWplywu>
            <K_42>3976.49</K_42>
            <K_43>914.59</K_43>
        </ZakupWiersz>
        <ZakupWiersz>
            <LpZakupu>27</LpZakupu>
            <KodKrajuNadaniaTIN>PL</KodKrajuNadaniaTIN>
            <NrDostawcy>8581099552</NrDostawcy>
            <NazwaDostawcy>MANICO Mariusz Niełacny</NazwaDostawcy>
            <DowodZakupu>17/MT/03/2023</DowodZakupu>
            <DataZakupu>2023-03-16</DataZakupu>
            <DataWplywu>2023-03-31</DataWplywu>
            <K_42>1685.10</K_42>
            <K_43>387.57</K_43>
        </ZakupWiersz>
        <ZakupWiersz>
            <LpZakupu>28</LpZakupu>
            <KodKrajuNadaniaTIN>PL</KodKrajuNadaniaTIN>
            <NrDostawcy>8581853658</NrDostawcy>
            <NazwaDostawcy>HYDROCAN Sp. z o.o.</NazwaDostawcy>
            <DowodZakupu>2/MT/03/2023</DowodZakupu>
            <DataZakupu>2023-03-16</DataZakupu>
            <DataWplywu>2023-03-31</DataWplywu>
            <K_42>3050.00</K_42>
            <K_43>701.5</K_43>
        </ZakupWiersz>
        <ZakupWiersz>
            <LpZakupu>29</LpZakupu>
            <KodKrajuNadaniaTIN>PL</KodKrajuNadaniaTIN>
            <NrDostawcy>5871000833</NrDostawcy>
            <NazwaDostawcy>PIPELIFE POLSKA</NazwaDostawcy>
            <DowodZakupu>526124110</DowodZakupu>
            <DataZakupu>2023-03-17</DataZakupu>
            <DataWplywu>2023-03-31</DataWplywu>
            <K_42>2271.60</K_42>
            <K_43>522.47</K_43>
        </ZakupWiersz>
        <ZakupWiersz>
            <LpZakupu>30</LpZakupu>
            <KodKrajuNadaniaTIN>PL</KodKrajuNadaniaTIN>
            <NrDostawcy>8581853658</NrDostawcy>
            <NazwaDostawcy>HYDROCAN Sp. z o.o.</NazwaDostawcy>
            <DowodZakupu>3/MT/03/2023</DowodZakupu>
            <DataZakupu>2023-03-21</DataZakupu>
            <DataWplywu>2023-03-31</DataWplywu>
            <K_42>2197.00</K_42>
            <K_43>505.31</K_43>
        </ZakupWiersz>
        <ZakupWiersz>
            <LpZakupu>31</LpZakupu>
            <KodKrajuNadaniaTIN>PL</KodKrajuNadaniaTIN>
            <NrDostawcy>8581099552</NrDostawcy>
            <NazwaDostawcy>MANICO Mariusz Niełacny</NazwaDostawcy>
            <DowodZakupu>20/MT/03/2023</DowodZakupu>
            <DataZakupu>2023-03-22</DataZakupu>
            <DataWplywu>2023-03-31</DataWplywu>
            <K_42>944.14</K_42>
            <K_43>217.15</K_43>
        </ZakupWiersz>
        <ZakupWiersz>
            <LpZakupu>32</LpZakupu>
            <KodKrajuNadaniaTIN>PL</KodKrajuNadaniaTIN>
            <NrDostawcy>5170359458</NrDostawcy>
            <NazwaDostawcy>ASSECO DATA SYSTEMS S.A.</NazwaDostawcy>
            <DowodZakupu>2023/03/FV/ADEC/006470</DowodZakupu>
            <DataZakupu>2023-03-23</DataZakupu>
            <DataWplywu>2023-03-31</DataWplywu>
            <K_42>299.00</K_42>
            <K_43>68.77</K_43>
        </ZakupWiersz>
        <ZakupWiersz>
            <LpZakupu>33</LpZakupu>
            <KodKrajuNadaniaTIN>PL</KodKrajuNadaniaTIN>
            <NrDostawcy>9512417713</NrDostawcy>
            <NazwaDostawcy>DHL PARCEL POLSKA sp. z o.o.</NazwaDostawcy>
            <DowodZakupu>1104427911</DowodZakupu>
            <DataZakupu>2023-03-23</DataZakupu>
            <DataWplywu>2023-03-31</DataWplywu>
            <K_42>27.23</K_42>
            <K_43>6.26</K_43>
        </ZakupWiersz>
        <ZakupWiersz>
            <LpZakupu>34</LpZakupu>
            <KodKrajuNadaniaTIN>PL</KodKrajuNadaniaTIN>
            <NrDostawcy>5220002860</NrDostawcy>
            <NazwaDostawcy>Makro Cash and Carry polska SA</NazwaDostawcy>
            <DowodZakupu>5/082063</DowodZakupu>
            <DataZakupu>2023-03-23</DataZakupu>
            <DataWplywu>2023-03-31</DataWplywu>
            <K_42>308.69</K_42>
            <K_43>71.0</K_43>
        </ZakupWiersz>
        <ZakupWiersz>
            <LpZakupu>35</LpZakupu>
            <KodKrajuNadaniaTIN>PL</KodKrajuNadaniaTIN>
            <NrDostawcy>8581099552</NrDostawcy>
            <NazwaDostawcy>MANICO Mariusz Niełacny</NazwaDostawcy>
            <DowodZakupu>21/MT/03/2023</DowodZakupu>
            <DataZakupu>2023-03-23</DataZakupu>
            <DataWplywu>2023-03-31</DataWplywu>
            <K_42>15675.00</K_42>
            <K_43>3605.25</K_43>
        </ZakupWiersz>
        <ZakupWiersz>
            <LpZakupu>36</LpZakupu>
            <KodKrajuNadaniaTIN>PL</KodKrajuNadaniaTIN>
            <NrDostawcy>8581099552</NrDostawcy>
            <NazwaDostawcy>MANICO Mariusz Niełacny</NazwaDostawcy>
            <DowodZakupu>22/MT/03/2023</DowodZakupu>
            <DataZakupu>2023-03-24</DataZakupu>
            <DataWplywu>2023-03-31</DataWplywu>
            <K_42>5034.30</K_42>
            <K_43>1157.89</K_43>
        </ZakupWiersz>
        <ZakupWiersz>
            <LpZakupu>37</LpZakupu>
            <KodKrajuNadaniaTIN>PL</KodKrajuNadaniaTIN>
            <NrDostawcy>9551215215</NrDostawcy>
            <NazwaDostawcy>WEKTOR Grzegorz Mysiakowski</NazwaDostawcy>
            <DowodZakupu>61/03/2023</DowodZakupu>
            <DataZakupu>2023-03-24</DataZakupu>
            <DataWplywu>2023-03-31</DataWplywu>
            <DokumentZakupu>MK</DokumentZakupu>
            <K_42>700.00</K_42>
            <K_43>161.0</K_43>
        </ZakupWiersz>
        <ZakupWiersz>
            <LpZakupu>38</LpZakupu>
            <KodKrajuNadaniaTIN>PL</KodKrajuNadaniaTIN>
            <NrDostawcy>1231163091</NrDostawcy>
            <NazwaDostawcy>Plasson Polska Sp. z o.o.</NazwaDostawcy>
            <DowodZakupu>FA/1699/2023</DowodZakupu>
            <DataZakupu>2023-03-27</DataZakupu>
            <DataWplywu>2023-03-31</DataWplywu>
            <K_42>2808.20</K_42>
            <K_43>645.89</K_43>
        </ZakupWiersz>
        <ZakupWiersz>
            <LpZakupu>39</LpZakupu>
            <KodKrajuNadaniaTIN>PL</KodKrajuNadaniaTIN>
            <NrDostawcy>8581099552</NrDostawcy>
            <NazwaDostawcy>MANICO Mariusz Niełacny</NazwaDostawcy>
            <DowodZakupu>24/MT/03/2023</DowodZakupu>
            <DataZakupu>2023-03-27</DataZakupu>
            <DataWplywu>2023-03-31</DataWplywu>
            <K_42>14515.00</K_42>
            <K_43>3338.45</K_43>
        </ZakupWiersz>
        <ZakupWiersz>
            <LpZakupu>40</LpZakupu>
            <KodKrajuNadaniaTIN>PL</KodKrajuNadaniaTIN>
            <NrDostawcy>5871000833</NrDostawcy>
            <NazwaDostawcy>PIPELIFE POLSKA</NazwaDostawcy>
            <DowodZakupu>526124195</DowodZakupu>
            <DataZakupu>2023-03-28</DataZakupu>
            <DataWplywu>2023-03-31</DataWplywu>
            <K_42>3074.89</K_42>
            <K_43>707.22</K_43>
        </ZakupWiersz>
        <ZakupWiersz>
            <LpZakupu>41</LpZakupu>
            <KodKrajuNadaniaTIN>PL</KodKrajuNadaniaTIN>
            <NrDostawcy>8581099552</NrDostawcy>
            <NazwaDostawcy>MANICO Mariusz Niełacny</NazwaDostawcy>
            <DowodZakupu>28/MT/03/2023</DowodZakupu>
            <DataZakupu>2023-03-30</DataZakupu>
            <DataWplywu>2023-03-31</DataWplywu>
            <K_42>31440.00</K_42>
            <K_43>7231.2</K_43>
        </ZakupWiersz>
        <ZakupWiersz>
            <LpZakupu>42</LpZakupu>
            <KodKrajuNadaniaTIN>PL</KodKrajuNadaniaTIN>
            <NrDostawcy>8581099552</NrDostawcy>
            <NazwaDostawcy>MANICO Mariusz Niełacny</NazwaDostawcy>
            <DowodZakupu>30/MT/03/2023</DowodZakupu>
            <DataZakupu>2023-03-31</DataZakupu>
            <DataWplywu>2023-03-31</DataWplywu>
            <K_42>17368.00</K_42>
            <K_43>3994.64</K_43>
        </ZakupWiersz>
        <ZakupWiersz>
            <LpZakupu>43</LpZakupu>
            <KodKrajuNadaniaTIN>PL</KodKrajuNadaniaTIN>
            <NrDostawcy>6961876386</NrDostawcy>
            <NazwaDostawcy>KACZMAREK MALEWO SPÓŁKA KOMANDYTOWA</NazwaDostawcy>
            <DowodZakupu>FV/2222/03/23</DowodZakupu>
            <DataZakupu>2023-03-31</DataZakupu>
            <DataWplywu>2023-03-31</DataWplywu>
            <K_42>60.73</K_42>
            <K_43>13.97</K_43>
        </ZakupWiersz>
        <ZakupWiersz>
            <LpZakupu>44</LpZakupu>
            <KodKrajuNadaniaTIN>PL</KodKrajuNadaniaTIN>
            <NrDostawcy>6961876386</NrDostawcy>
            <NazwaDostawcy>KACZMAREK MALEWO SPÓŁKA KOMANDYTOWA</NazwaDostawcy>
            <DowodZakupu>FV/2324/03/23</DowodZakupu>
            <DataZakupu>2023-03-31</DataZakupu>
            <DataWplywu>2023-03-31</DataWplywu>
            <K_42>48720.00</K_42>
            <K_43>11205.6</K_43>
        </ZakupWiersz>
        <ZakupWiersz>
            <LpZakupu>45</LpZakupu>
            <KodKrajuNadaniaTIN>PL</KodKrajuNadaniaTIN>
            <NrDostawcy>5272177123</NrDostawcy>
            <NazwaDostawcy>Euler Hermes Collections Sp. z o.o.</NazwaDostawcy>
            <DowodZakupu>4867/AB/2023</DowodZakupu>
            <DataZakupu>2023-03-31</DataZakupu>
            <DataWplywu>2023-03-31</DataWplywu>
            <K_42>150.00</K_42>
            <K_43>34.5</K_43>
        </ZakupWiersz>
        <ZakupWiersz>
            <LpZakupu>46</LpZakupu>
            <KodKrajuNadaniaTIN>PL</KodKrajuNadaniaTIN>
            <NrDostawcy>9512417713</NrDostawcy>
            <NazwaDostawcy>DHL PARCEL POLSKA sp. z o.o.</NazwaDostawcy>
            <DowodZakupu>1104446462</DowodZakupu>
            <DataZakupu>2023-03-31</DataZakupu>
            <DataWplywu>2023-03-31</DataWplywu>
            <K_42>77.14</K_42>
            <K_43>17.74</K_43>
        </ZakupWiersz>
        <ZakupWiersz>
            <LpZakupu>47</LpZakupu>
            <KodKrajuNadaniaTIN>PL</KodKrajuNadaniaTIN>
            <NrDostawcy>8522353084</NrDostawcy>
            <NazwaDostawcy>EZKa Sp. Jaw</NazwaDostawcy>
            <DowodZakupu>85/2023</DowodZakupu>
            <DataZakupu>2023-03-31</DataZakupu>
            <DataWplywu>2023-03-31</DataWplywu>
            <K_42>324.79</K_42>
            <K_43>74.7</K_43>
        </ZakupWiersz>
        <ZakupWiersz>
            <LpZakupu>48</LpZakupu>
            <KodKrajuNadaniaTIN>PL</KodKrajuNadaniaTIN>
            <NrDostawcy>8522353084</NrDostawcy>
            <NazwaDostawcy>EZKa Sp. Jaw</NazwaDostawcy>
            <DowodZakupu>95/2023</DowodZakupu>
            <DataZakupu>2023-03-31</DataZakupu>
            <DataWplywu>2023-03-31</DataWplywu>
            <K_42>1096.96</K_42>
            <K_43>252.3</K_43>
        </ZakupWiersz>
        <ZakupWiersz>
            <LpZakupu>49</LpZakupu>
            <KodKrajuNadaniaTIN>IE</KodKrajuNadaniaTIN>
            <NrDostawcy>6364992H</NrDostawcy>
            <NazwaDostawcy>Adobe Systems Software Ireland Ltd</NazwaDostawcy>
            <DowodZakupu>IEE2023003284606</DowodZakupu>
            <DataZakupu>2023-03-27</DataZakupu>
            <DataWplywu>2023-03-31</DataWplywu>
            <K_42>93.78</K_42>
            <K_43>21.57</K_43>
        </ZakupWiersz>
        <ZakupCtrl>
            <LiczbaWierszyZakupow>49</LiczbaWierszyZakupow>
            <PodatekNaliczony>145729.81</PodatekNaliczony>
        </ZakupCtrl>
    </Ewidencja>
</JPK>
