<?xml version="1.0" encoding="UTF-8" standalone="yes"?>
<JPK xmlns="http://crd.gov.pl/wzor/2021/12/27/11148/" xmlns:ns2="http://crd.gov.pl/xml/schematy/dziedzinowe/mf/2021/06/08/eD/DefinicjeTypy/" xmlns:ns3="http://crd.gov.pl/wzor/2021/12/27/11149/">
    <Naglowek>
        <KodFormularza kodSystemowy="JPK_V7M (2)" wersjaSchemy="1-0E">JPK_VAT</KodFormularza>
        <WariantFormularza>2</WariantFormularza>
        <DataWytworzeniaJPK>2023-09-14T13:33:44.584Z</DataWytworzeniaJPK>
        <NazwaSystemu>Taxman</NazwaSystemu>
        <CelZlozenia poz="P_7">2</CelZlozenia>
        <KodUrzedu>3215</KodUrzedu>
        <Rok>2023</Rok>
        <Miesiac>4</Miesiac>
    </Naglowek>
    <Podmiot1 rola="Podatnik">
        <OsobaNiefizyczna>
            <NIP>8522658889</NIP>
            <PelnaNazwa>DRUGA ŻONA sp. z o.o.</PelnaNazwa>
            <Email>m.janowska@taxman.biz.pl</Email>
            <Telefon>507700791</Telefon>
        </OsobaNiefizyczna>
    </Podmiot1>
    <Deklaracja>
        <Naglowek>
            <KodFormularzaDekl kodSystemowy="VAT-7 (22)" kodPodatku="VAT" rodzajZobowiazania="Z" wersjaSchemy="1-0E">VAT-7</KodFormularzaDekl>
            <WariantFormularzaDekl>22</WariantFormularzaDekl>
        </Naglowek>
        <PozycjeSzczegolowe>
            <P_15>1350</P_15>
            <P_16>68</P_16>
            <P_17>87846</P_17>
            <P_18>7028</P_18>
            <P_19>4830</P_19>
            <P_20>1111</P_20>
            <P_35>0</P_35>
            <P_37>94026</P_37>
            <P_38>8207</P_38>
            <P_39>3769</P_39>
            <P_40>0</P_40>
            <P_41>0</P_41>
            <P_42>50912</P_42>
            <P_43>6417</P_43>
            <P_48>10186</P_48>
            <P_49>0</P_49>
            <P_51>0</P_51>
            <P_52>0</P_52>
            <P_53>1979</P_53>
            <P_62>1979</P_62>
        </PozycjeSzczegolowe>
        <Pouczenia>1</Pouczenia>
    </Deklaracja>
    <Ewidencja>
        <SprzedazWiersz>
            <LpSprzedazy>1</LpSprzedazy>
            <KodKrajuNadaniaTIN>PL</KodKrajuNadaniaTIN>
            <NrKontrahenta>5851004348</NrKontrahenta>
            <NazwaKontrahenta>SURVITEC FIRE SOLUTIONS POLAND sp. z o.o.</NazwaKontrahenta>
            <DowodSprzedazy>FV/1/2023</DowodSprzedazy>
            <DataWystawienia>2023-04-30</DataWystawienia>
            <DataSprzedazy>2023-04-13</DataSprzedazy>
            <K_17>1481.48</K_17>
            <K_18>118.52</K_18>
        </SprzedazWiersz>
        <SprzedazWiersz>
            <LpSprzedazy>2</LpSprzedazy>
            <KodKrajuNadaniaTIN>PL</KodKrajuNadaniaTIN>
            <NrKontrahenta>8522620013</NrKontrahenta>
            <NazwaKontrahenta>HM SERWIS GROUP sp. z o.o.</NazwaKontrahenta>
            <DowodSprzedazy>FV/2/2023</DowodSprzedazy>
            <DataWystawienia>2023-04-30</DataWystawienia>
            <DataSprzedazy>2023-04-28</DataSprzedazy>
            <K_17>94.17</K_17>
            <K_18>7.53</K_18>
        </SprzedazWiersz>
        <SprzedazWiersz>
            <LpSprzedazy>3</LpSprzedazy>
            <KodKrajuNadaniaTIN>PL</KodKrajuNadaniaTIN>
            <NrKontrahenta>8522658889</NrKontrahenta>
            <NazwaKontrahenta>DRUGA ŻONA sp. z o.o.</NazwaKontrahenta>
            <DowodSprzedazy>1/04/2023</DowodSprzedazy>
            <DataWystawienia>2023-04-30</DataWystawienia>
            <DataSprzedazy>2023-04-30</DataSprzedazy>
            <TypDokumentu>RO</TypDokumentu>
            <K_19>4830.01</K_19>
            <K_20>1110.93</K_20>
        </SprzedazWiersz>
        <SprzedazWiersz>
            <LpSprzedazy>4</LpSprzedazy>
            <KodKrajuNadaniaTIN>PL</KodKrajuNadaniaTIN>
            <NrKontrahenta>8522658889</NrKontrahenta>
            <NazwaKontrahenta>DRUGA ŻONA sp. z o.o.</NazwaKontrahenta>
            <DowodSprzedazy>1/04/2023</DowodSprzedazy>
            <DataWystawienia>2023-04-30</DataWystawienia>
            <DataSprzedazy>2023-04-30</DataSprzedazy>
            <TypDokumentu>RO</TypDokumentu>
            <K_15>1350.35</K_15>
            <K_16>67.51</K_16>
        </SprzedazWiersz>
        <SprzedazWiersz>
            <LpSprzedazy>5</LpSprzedazy>
            <KodKrajuNadaniaTIN>PL</KodKrajuNadaniaTIN>
            <NrKontrahenta>8522658889</NrKontrahenta>
            <NazwaKontrahenta>DRUGA ŻONA sp. z o.o.</NazwaKontrahenta>
            <DowodSprzedazy>1/04/2023</DowodSprzedazy>
            <DataWystawienia>2023-04-30</DataWystawienia>
            <DataSprzedazy>2023-04-30</DataSprzedazy>
            <TypDokumentu>RO</TypDokumentu>
            <K_17>86270.19</K_17>
            <K_18>6901.61</K_18>
        </SprzedazWiersz>
        <SprzedazCtrl>
            <LiczbaWierszySprzedazy>5</LiczbaWierszySprzedazy>
            <PodatekNalezny>8206.10</PodatekNalezny>
        </SprzedazCtrl>
        <ZakupWiersz>
            <LpZakupu>1</LpZakupu>
            <KodKrajuNadaniaTIN>PL</KodKrajuNadaniaTIN>
            <NrDostawcy>5260250995</NrDostawcy>
            <NazwaDostawcy>ORANGE POLSKA S.A.</NazwaDostawcy>
            <DowodZakupu>23010122368231</DowodZakupu>
            <DataZakupu>2023-01-06</DataZakupu>
            <DataWplywu>2023-04-30</DataWplywu>
            <K_42>94.98</K_42>
            <K_43>21.85</K_43>
        </ZakupWiersz>
        <ZakupWiersz>
            <LpZakupu>2</LpZakupu>
            <KodKrajuNadaniaTIN>PL</KodKrajuNadaniaTIN>
            <NrDostawcy>6152007726</NrDostawcy>
            <NazwaDostawcy>STO2 Sp. z o.o.</NazwaDostawcy>
            <DowodZakupu>R-2304-9535913-193525323-2399243</DowodZakupu>
            <DataZakupu>2023-01-29</DataZakupu>
            <DataWplywu>2023-04-30</DataWplywu>
            <K_42>646.87</K_42>
            <K_43>148.78</K_43>
        </ZakupWiersz>
        <ZakupWiersz>
            <LpZakupu>3</LpZakupu>
            <KodKrajuNadaniaTIN>PL</KodKrajuNadaniaTIN>
            <NrDostawcy>6152007726</NrDostawcy>
            <NazwaDostawcy>STO2 Sp. z o.o.</NazwaDostawcy>
            <DowodZakupu>R-2305-9535913-194321523-2410901</DowodZakupu>
            <DataZakupu>2023-02-04</DataZakupu>
            <DataWplywu>2023-04-30</DataWplywu>
            <K_42>2376.98</K_42>
            <K_43>546.71</K_43>
        </ZakupWiersz>
        <ZakupWiersz>
            <LpZakupu>4</LpZakupu>
            <KodKrajuNadaniaTIN>PL</KodKrajuNadaniaTIN>
            <NrDostawcy>5260250995</NrDostawcy>
            <NazwaDostawcy>ORANGE POLSKA S.A.</NazwaDostawcy>
            <DowodZakupu>23020165867219</DowodZakupu>
            <DataZakupu>2023-02-06</DataZakupu>
            <DataWplywu>2023-04-30</DataWplywu>
            <K_42>294.75</K_42>
            <K_43>67.79</K_43>
        </ZakupWiersz>
        <ZakupWiersz>
            <LpZakupu>5</LpZakupu>
            <KodKrajuNadaniaTIN>PL</KodKrajuNadaniaTIN>
            <NrDostawcy>9551926235</NrDostawcy>
            <NazwaDostawcy>Michalczyk Maciej</NazwaDostawcy>
            <DowodZakupu>12/02/2023/M</DowodZakupu>
            <DataZakupu>2023-02-22</DataZakupu>
            <DataWplywu>2023-04-30</DataWplywu>
            <K_42>353.03</K_42>
            <K_43>28.24</K_43>
        </ZakupWiersz>
        <ZakupWiersz>
            <LpZakupu>6</LpZakupu>
            <KodKrajuNadaniaTIN>PL</KodKrajuNadaniaTIN>
            <NrDostawcy>9542387023</NrDostawcy>
            <NazwaDostawcy>M&amp;amp;m Gastro</NazwaDostawcy>
            <DowodZakupu>1192/SE3/02/2023</DowodZakupu>
            <DataZakupu>2023-02-27</DataZakupu>
            <DataWplywu>2023-04-30</DataWplywu>
            <K_42>4841.34</K_42>
            <K_43>1113.51</K_43>
        </ZakupWiersz>
        <ZakupWiersz>
            <LpZakupu>7</LpZakupu>
            <KodKrajuNadaniaTIN>PL</KodKrajuNadaniaTIN>
            <NrDostawcy>8520014018</NrDostawcy>
            <NazwaDostawcy>"REMONDIS SZCZECIN" sp. z o.o.</NazwaDostawcy>
            <DowodZakupu>4152189034</DowodZakupu>
            <DataZakupu>2023-02-28</DataZakupu>
            <DataWplywu>2023-04-30</DataWplywu>
            <K_42>162.50</K_42>
            <K_43>13.0</K_43>
        </ZakupWiersz>
        <ZakupWiersz>
            <LpZakupu>8</LpZakupu>
            <KodKrajuNadaniaTIN>PL</KodKrajuNadaniaTIN>
            <NrDostawcy>8512973158</NrDostawcy>
            <NazwaDostawcy>ISS GROUP Adrian Lubaszka</NazwaDostawcy>
            <DowodZakupu>1/03/2023</DowodZakupu>
            <DataZakupu>2023-03-01</DataZakupu>
            <DataWplywu>2023-04-30</DataWplywu>
            <K_42>5214.78</K_42>
            <K_43>877.39</K_43>
        </ZakupWiersz>
        <ZakupWiersz>
            <LpZakupu>9</LpZakupu>
            <KodKrajuNadaniaTIN>PL</KodKrajuNadaniaTIN>
            <NrDostawcy>5260250995</NrDostawcy>
            <NazwaDostawcy>ORANGE POLSKA S.A.</NazwaDostawcy>
            <DowodZakupu>23030208877495</DowodZakupu>
            <DataZakupu>2023-03-06</DataZakupu>
            <DataWplywu>2023-04-30</DataWplywu>
            <K_42>197.72</K_42>
            <K_43>45.48</K_43>
        </ZakupWiersz>
        <ZakupWiersz>
            <LpZakupu>10</LpZakupu>
            <KodKrajuNadaniaTIN>PL</KodKrajuNadaniaTIN>
            <NrDostawcy>8512973158</NrDostawcy>
            <NazwaDostawcy>ISS GROUP Adrian Lubaszka</NazwaDostawcy>
            <DowodZakupu>8/03/2023</DowodZakupu>
            <DataZakupu>2023-03-09</DataZakupu>
            <DataWplywu>2023-04-30</DataWplywu>
            <K_42>654.62</K_42>
            <K_43>150.57</K_43>
        </ZakupWiersz>
        <ZakupWiersz>
            <LpZakupu>11</LpZakupu>
            <KodKrajuNadaniaTIN>PL</KodKrajuNadaniaTIN>
            <NrDostawcy>6572924116</NrDostawcy>
            <NazwaDostawcy>HOMLA sp. z o.o.</NazwaDostawcy>
            <DowodZakupu>FAL/018277/2023/1001</DowodZakupu>
            <DataZakupu>2023-03-13</DataZakupu>
            <DataWplywu>2023-04-30</DataWplywu>
            <K_42>195.09</K_42>
            <K_43>44.87</K_43>
        </ZakupWiersz>
        <ZakupWiersz>
            <LpZakupu>12</LpZakupu>
            <KodKrajuNadaniaTIN>PL</KodKrajuNadaniaTIN>
            <NrDostawcy>7541024197</NrDostawcy>
            <NazwaDostawcy>EUROMAT SPÓŁKA JAWNA PARCEJ JERZY CHWALIŃSKA JULIA I Małgorzata</NazwaDostawcy>
            <DowodZakupu>8118/MAG/2023</DowodZakupu>
            <DataZakupu>2023-03-14</DataZakupu>
            <DataWplywu>2023-04-30</DataWplywu>
            <K_42>172.31</K_42>
            <K_43>39.63</K_43>
        </ZakupWiersz>
        <ZakupWiersz>
            <LpZakupu>13</LpZakupu>
            <KodKrajuNadaniaTIN>PL</KodKrajuNadaniaTIN>
            <NrDostawcy>8451457697</NrDostawcy>
            <NazwaDostawcy>FIRMA HANDLOWO-USŁUGOWA Eugenia Lichacz</NazwaDostawcy>
            <DowodZakupu>1090/2023</DowodZakupu>
            <DataZakupu>2023-03-16</DataZakupu>
            <DataWplywu>2023-04-30</DataWplywu>
            <K_42>58.21</K_42>
            <K_43>13.39</K_43>
        </ZakupWiersz>
        <ZakupWiersz>
            <LpZakupu>14</LpZakupu>
            <KodKrajuNadaniaTIN>PL</KodKrajuNadaniaTIN>
            <NrDostawcy>7842433393</NrDostawcy>
            <NazwaDostawcy>ALTOM sp. z o.o. sp.k.</NazwaDostawcy>
            <DowodZakupu>FS/23/13221</DowodZakupu>
            <DataZakupu>2023-03-16</DataZakupu>
            <DataWplywu>2023-04-30</DataWplywu>
            <K_42>142.28</K_42>
            <K_43>32.72</K_43>
        </ZakupWiersz>
        <ZakupWiersz>
            <LpZakupu>15</LpZakupu>
            <KodKrajuNadaniaTIN>PL</KodKrajuNadaniaTIN>
            <NrDostawcy>6932004241</NrDostawcy>
            <NazwaDostawcy>SPRZEDAŻ - SERWIS SPRZĘTU GASTRONOMICZNEGO "GASTRO - POL" Sylwia Nowak.</NazwaDostawcy>
            <DowodZakupu>137/03/2023</DowodZakupu>
            <DataZakupu>2023-03-22</DataZakupu>
            <DataWplywu>2023-04-30</DataWplywu>
            <K_42>293.32</K_42>
            <K_43>67.46</K_43>
        </ZakupWiersz>
        <ZakupWiersz>
            <LpZakupu>16</LpZakupu>
            <KodKrajuNadaniaTIN>PL</KodKrajuNadaniaTIN>
            <NrDostawcy>7830028623</NrDostawcy>
            <NazwaDostawcy>Ofix Lewandowski Sp.J.</NazwaDostawcy>
            <DowodZakupu>FVZ2023/045229</DowodZakupu>
            <DataZakupu>2023-03-31</DataZakupu>
            <DataWplywu>2023-04-30</DataWplywu>
            <K_42>65.24</K_42>
            <K_43>15.01</K_43>
        </ZakupWiersz>
        <ZakupWiersz>
            <LpZakupu>17</LpZakupu>
            <KodKrajuNadaniaTIN>PL</KodKrajuNadaniaTIN>
            <NrDostawcy>9551926235</NrDostawcy>
            <NazwaDostawcy>Michalczyk Maciej</NazwaDostawcy>
            <DowodZakupu>3/04/2023/WY</DowodZakupu>
            <DataZakupu>2023-04-01</DataZakupu>
            <DataWplywu>2023-04-30</DataWplywu>
            <K_42>4351.28</K_42>
            <K_43>1000.79</K_43>
        </ZakupWiersz>
        <ZakupWiersz>
            <LpZakupu>18</LpZakupu>
            <KodKrajuNadaniaTIN>PL</KodKrajuNadaniaTIN>
            <NrDostawcy>9552394071</NrDostawcy>
            <NazwaDostawcy>TEDMARK sp. z o.o. sp.k.</NazwaDostawcy>
            <DowodZakupu>FVS/2755/2023/B2B</DowodZakupu>
            <DataZakupu>2023-04-03</DataZakupu>
            <DataWplywu>2023-04-30</DataWplywu>
            <K_42>154.62</K_42>
            <K_43>35.56</K_43>
        </ZakupWiersz>
        <ZakupWiersz>
            <LpZakupu>19</LpZakupu>
            <KodKrajuNadaniaTIN>PL</KodKrajuNadaniaTIN>
            <NrDostawcy>5220002860</NrDostawcy>
            <NazwaDostawcy>Makro Cash and Carry polska SA</NazwaDostawcy>
            <DowodZakupu>0/0(010)0048/095107</DowodZakupu>
            <DataZakupu>2023-04-05</DataZakupu>
            <DataWplywu>2023-04-30</DataWplywu>
            <K_42>1987.48</K_42>
            <K_43>109.19</K_43>
        </ZakupWiersz>
        <ZakupWiersz>
            <LpZakupu>20</LpZakupu>
            <KodKrajuNadaniaTIN>PL</KodKrajuNadaniaTIN>
            <NrDostawcy>5921987110</NrDostawcy>
            <NazwaDostawcy>Farutex sp. z o.o.</NazwaDostawcy>
            <DowodZakupu>FV/SZ/23/04-00583</DowodZakupu>
            <DataZakupu>2023-04-05</DataZakupu>
            <DataWplywu>2023-04-30</DataWplywu>
            <K_42>2814.65</K_42>
            <K_43>24.19</K_43>
        </ZakupWiersz>
        <ZakupWiersz>
            <LpZakupu>21</LpZakupu>
            <KodKrajuNadaniaTIN>PL</KodKrajuNadaniaTIN>
            <NrDostawcy>5242106963</NrDostawcy>
            <NazwaDostawcy>Coca-Cola HBC Polska Sp. z o.o.</NazwaDostawcy>
            <DowodZakupu>7684607321</DowodZakupu>
            <DataZakupu>2023-04-05</DataZakupu>
            <DataWplywu>2023-04-30</DataWplywu>
            <K_42>509.03</K_42>
            <K_43>96.93</K_43>
        </ZakupWiersz>
        <ZakupWiersz>
            <LpZakupu>22</LpZakupu>
            <KodKrajuNadaniaTIN>PL</KodKrajuNadaniaTIN>
            <NrDostawcy>1130089950</NrDostawcy>
            <NazwaDostawcy>"LEROY-MERLIN POLSKA" sp. z o.o.</NazwaDostawcy>
            <DowodZakupu>144496/0941</DowodZakupu>
            <DataZakupu>2023-04-05</DataZakupu>
            <DataWplywu>2023-04-30</DataWplywu>
            <K_42>292.52</K_42>
            <K_43>67.28</K_43>
        </ZakupWiersz>
        <ZakupWiersz>
            <LpZakupu>23</LpZakupu>
            <KodKrajuNadaniaTIN>PL</KodKrajuNadaniaTIN>
            <NrDostawcy>9552394071</NrDostawcy>
            <NazwaDostawcy>TEDMARK sp. z o.o. sp.k.</NazwaDostawcy>
            <DowodZakupu>FVS/2927/2023/TED</DowodZakupu>
            <DataZakupu>2023-04-06</DataZakupu>
            <DataWplywu>2023-04-30</DataWplywu>
            <K_42>405.58</K_42>
            <K_43>93.28</K_43>
        </ZakupWiersz>
        <ZakupWiersz>
            <LpZakupu>24</LpZakupu>
            <KodKrajuNadaniaTIN>PL</KodKrajuNadaniaTIN>
            <NrDostawcy>8521021463</NrDostawcy>
            <NazwaDostawcy>Netto Sp. z o.o.</NazwaDostawcy>
            <DowodZakupu>547678</DowodZakupu>
            <DataZakupu>2023-04-06</DataZakupu>
            <DataWplywu>2023-04-30</DataWplywu>
            <K_42>142.11</K_42>
            <K_43>0.96</K_43>
        </ZakupWiersz>
        <ZakupWiersz>
            <LpZakupu>25</LpZakupu>
            <KodKrajuNadaniaTIN>PL</KodKrajuNadaniaTIN>
            <NrDostawcy>5260250995</NrDostawcy>
            <NazwaDostawcy>ORANGE POLSKA S.A.</NazwaDostawcy>
            <DowodZakupu>23040251311402</DowodZakupu>
            <DataZakupu>2023-04-06</DataZakupu>
            <DataWplywu>2023-04-30</DataWplywu>
            <K_42>268.60</K_42>
            <K_43>61.78</K_43>
        </ZakupWiersz>
        <ZakupWiersz>
            <LpZakupu>26</LpZakupu>
            <KodKrajuNadaniaTIN>PL</KodKrajuNadaniaTIN>
            <NrDostawcy>8511005008</NrDostawcy>
            <NazwaDostawcy>" TAXMAN " BIURO RACHUNKOWE Grzegorz Grzelczyk</NazwaDostawcy>
            <DowodZakupu>4/20238888/DRUG8888</DowodZakupu>
            <DataZakupu>2023-04-07</DataZakupu>
            <DataWplywu>2023-04-30</DataWplywu>
            <K_42>1200.00</K_42>
            <K_43>276.0</K_43>
        </ZakupWiersz>
        <ZakupWiersz>
            <LpZakupu>27</LpZakupu>
            <KodKrajuNadaniaTIN>PL</KodKrajuNadaniaTIN>
            <NrDostawcy>9552394071</NrDostawcy>
            <NazwaDostawcy>TEDMARK sp. z o.o. sp.k.</NazwaDostawcy>
            <DowodZakupu>FVS/3020/203/B2B</DowodZakupu>
            <DataZakupu>2023-04-11</DataZakupu>
            <DataWplywu>2023-04-30</DataWplywu>
            <K_42>942.47</K_42>
            <K_43>216.77</K_43>
        </ZakupWiersz>
        <ZakupWiersz>
            <LpZakupu>28</LpZakupu>
            <KodKrajuNadaniaTIN>PL</KodKrajuNadaniaTIN>
            <NrDostawcy>5220002860</NrDostawcy>
            <NazwaDostawcy>Makro Cash and Carry polska SA</NazwaDostawcy>
            <DowodZakupu>0/0(010)0048/101072</DowodZakupu>
            <DataZakupu>2023-04-11</DataZakupu>
            <DataWplywu>2023-04-30</DataWplywu>
            <K_42>2150.61</K_42>
            <K_43>109.19</K_43>
        </ZakupWiersz>
        <ZakupWiersz>
            <LpZakupu>29</LpZakupu>
            <KodKrajuNadaniaTIN>PL</KodKrajuNadaniaTIN>
            <NrDostawcy>5213828837</NrDostawcy>
            <NazwaDostawcy>CHAUDARY FOOD TRADERS sp. z o.o.</NazwaDostawcy>
            <DowodZakupu>F/0088/04/23/MG_P</DowodZakupu>
            <DataZakupu>2023-04-11</DataZakupu>
            <DataWplywu>2023-04-30</DataWplywu>
            <K_42>1549.88</K_42>
            <K_43>36.69</K_43>
        </ZakupWiersz>
        <ZakupWiersz>
            <LpZakupu>30</LpZakupu>
            <KodKrajuNadaniaTIN>PL</KodKrajuNadaniaTIN>
            <NrDostawcy>5220002860</NrDostawcy>
            <NazwaDostawcy>Makro Cash and Carry polska SA</NazwaDostawcy>
            <DowodZakupu>0/0(010)0005/102056</DowodZakupu>
            <DataZakupu>2023-04-12</DataZakupu>
            <DataWplywu>2023-04-30</DataWplywu>
            <K_42>417.49</K_42>
            <K_43>44.5</K_43>
        </ZakupWiersz>
        <ZakupWiersz>
            <LpZakupu>31</LpZakupu>
            <KodKrajuNadaniaTIN>PL</KodKrajuNadaniaTIN>
            <NrDostawcy>7791011327</NrDostawcy>
            <NazwaDostawcy>JERONIMO MARTINS POLSKA S.A.</NazwaDostawcy>
            <DowodZakupu>3885230412229402</DowodZakupu>
            <DataZakupu>2023-04-12</DataZakupu>
            <DataWplywu>2023-04-30</DataWplywu>
            <K_42>21.28</K_42>
            <K_43>0.0</K_43>
        </ZakupWiersz>
        <ZakupWiersz>
            <LpZakupu>32</LpZakupu>
            <KodKrajuNadaniaTIN>PL</KodKrajuNadaniaTIN>
            <NrDostawcy>1130089950</NrDostawcy>
            <NazwaDostawcy>"LEROY-MERLIN POLSKA" sp. z o.o.</NazwaDostawcy>
            <DowodZakupu>000150/0946</DowodZakupu>
            <DataZakupu>2023-04-12</DataZakupu>
            <DataWplywu>2023-04-30</DataWplywu>
            <K_42>292.52</K_42>
            <K_43>67.28</K_43>
        </ZakupWiersz>
        <ZakupWiersz>
            <LpZakupu>33</LpZakupu>
            <KodKrajuNadaniaTIN>PL</KodKrajuNadaniaTIN>
            <NrDostawcy>5921987110</NrDostawcy>
            <NazwaDostawcy>Farutex sp. z o.o.</NazwaDostawcy>
            <DowodZakupu>FV/SZ/23/04-01477</DowodZakupu>
            <DataZakupu>2023-04-12</DataZakupu>
            <DataWplywu>2023-04-30</DataWplywu>
            <K_42>2155.20</K_42>
            <K_43>23.98</K_43>
        </ZakupWiersz>
        <ZakupWiersz>
            <LpZakupu>34</LpZakupu>
            <KodKrajuNadaniaTIN>PL</KodKrajuNadaniaTIN>
            <NrDostawcy>7791011327</NrDostawcy>
            <NazwaDostawcy>JERONIMO MARTINS POLSKA S.A.</NazwaDostawcy>
            <DowodZakupu>3885230413241502</DowodZakupu>
            <DataZakupu>2023-04-13</DataZakupu>
            <DataWplywu>2023-04-30</DataWplywu>
            <K_42>29.06</K_42>
            <K_43>4.58</K_43>
        </ZakupWiersz>
        <ZakupWiersz>
            <LpZakupu>35</LpZakupu>
            <KodKrajuNadaniaTIN>PL</KodKrajuNadaniaTIN>
            <NrDostawcy>5213828837</NrDostawcy>
            <NazwaDostawcy>CHAUDARY FOOD TRADERS sp. z o.o.</NazwaDostawcy>
            <DowodZakupu>F/0139/04/23/MG_P</DowodZakupu>
            <DataZakupu>2023-04-17</DataZakupu>
            <DataWplywu>2023-04-30</DataWplywu>
            <K_42>2159.21</K_42>
            <K_43>36.0</K_43>
        </ZakupWiersz>
        <ZakupWiersz>
            <LpZakupu>36</LpZakupu>
            <KodKrajuNadaniaTIN>PL</KodKrajuNadaniaTIN>
            <NrDostawcy>1130089950</NrDostawcy>
            <NazwaDostawcy>"LEROY-MERLIN POLSKA" sp. z o.o.</NazwaDostawcy>
            <DowodZakupu>146925/0950</DowodZakupu>
            <DataZakupu>2023-04-17</DataZakupu>
            <DataWplywu>2023-04-30</DataWplywu>
            <K_42>292.52</K_42>
            <K_43>67.28</K_43>
        </ZakupWiersz>
        <ZakupWiersz>
            <LpZakupu>37</LpZakupu>
            <KodKrajuNadaniaTIN>PL</KodKrajuNadaniaTIN>
            <NrDostawcy>9552394071</NrDostawcy>
            <NazwaDostawcy>TEDMARK sp. z o.o. sp.k.</NazwaDostawcy>
            <DowodZakupu>FVS/3221/2023/TED</DowodZakupu>
            <DataZakupu>2023-04-18</DataZakupu>
            <DataWplywu>2023-04-30</DataWplywu>
            <K_42>808.60</K_42>
            <K_43>185.98</K_43>
        </ZakupWiersz>
        <ZakupWiersz>
            <LpZakupu>38</LpZakupu>
            <KodKrajuNadaniaTIN>PL</KodKrajuNadaniaTIN>
            <NrDostawcy>5921987110</NrDostawcy>
            <NazwaDostawcy>Farutex sp. z o.o.</NazwaDostawcy>
            <DowodZakupu>FV/SZ/23/04-02590</DowodZakupu>
            <DataZakupu>2023-04-19</DataZakupu>
            <DataWplywu>2023-04-30</DataWplywu>
            <K_42>2056.52</K_42>
            <K_43>39.42</K_43>
        </ZakupWiersz>
        <ZakupWiersz>
            <LpZakupu>39</LpZakupu>
            <KodKrajuNadaniaTIN>PL</KodKrajuNadaniaTIN>
            <NrDostawcy>5213828837</NrDostawcy>
            <NazwaDostawcy>CHAUDARY FOOD TRADERS sp. z o.o.</NazwaDostawcy>
            <DowodZakupu>F/0179/04/23/MG_P</DowodZakupu>
            <DataZakupu>2023-04-20</DataZakupu>
            <DataWplywu>2023-04-30</DataWplywu>
            <K_42>747.80</K_42>
            <K_43>6.9</K_43>
        </ZakupWiersz>
        <ZakupWiersz>
            <LpZakupu>40</LpZakupu>
            <KodKrajuNadaniaTIN>PL</KodKrajuNadaniaTIN>
            <NrDostawcy>5220002860</NrDostawcy>
            <NazwaDostawcy>Makro Cash and Carry polska SA</NazwaDostawcy>
            <DowodZakupu>0/0(010)0048/111145</DowodZakupu>
            <DataZakupu>2023-04-21</DataZakupu>
            <DataWplywu>2023-04-30</DataWplywu>
            <K_42>2317.07</K_42>
            <K_43>128.56</K_43>
        </ZakupWiersz>
        <ZakupWiersz>
            <LpZakupu>41</LpZakupu>
            <KodKrajuNadaniaTIN>PL</KodKrajuNadaniaTIN>
            <NrDostawcy>8513255057</NrDostawcy>
            <NazwaDostawcy>SAWA LENDER Spółka Jawna</NazwaDostawcy>
            <DowodZakupu>0383/04/23/SAN/FVS</DowodZakupu>
            <DataZakupu>2023-04-25</DataZakupu>
            <DataWplywu>2023-04-30</DataWplywu>
            <K_42>213.94</K_42>
            <K_43>49.21</K_43>
        </ZakupWiersz>
        <ZakupWiersz>
            <LpZakupu>42</LpZakupu>
            <KodKrajuNadaniaTIN>PL</KodKrajuNadaniaTIN>
            <NrDostawcy>5921987110</NrDostawcy>
            <NazwaDostawcy>Farutex sp. z o.o.</NazwaDostawcy>
            <DowodZakupu>FV/SZ/23/04/03711</DowodZakupu>
            <DataZakupu>2023-04-26</DataZakupu>
            <DataWplywu>2023-04-30</DataWplywu>
            <K_42>1932.02</K_42>
            <K_43>29.53</K_43>
        </ZakupWiersz>
        <ZakupWiersz>
            <LpZakupu>43</LpZakupu>
            <KodKrajuNadaniaTIN>PL</KodKrajuNadaniaTIN>
            <NrDostawcy>9552394071</NrDostawcy>
            <NazwaDostawcy>TEDMARK sp. z o.o. sp.k.</NazwaDostawcy>
            <DowodZakupu>FVS/3547/2023/TED</DowodZakupu>
            <DataZakupu>2023-04-26</DataZakupu>
            <DataWplywu>2023-04-30</DataWplywu>
            <K_42>586.01</K_42>
            <K_43>134.78</K_43>
        </ZakupWiersz>
        <ZakupWiersz>
            <LpZakupu>44</LpZakupu>
            <KodKrajuNadaniaTIN>PL</KodKrajuNadaniaTIN>
            <NrDostawcy>5213828837</NrDostawcy>
            <NazwaDostawcy>CHAUDARY FOOD TRADERS sp. z o.o.</NazwaDostawcy>
            <DowodZakupu>F/0259/04/23/MG_P</DowodZakupu>
            <DataZakupu>2023-04-26</DataZakupu>
            <DataWplywu>2023-04-30</DataWplywu>
            <K_42>1659.25</K_42>
            <K_43>30.2</K_43>
        </ZakupWiersz>
        <ZakupWiersz>
            <LpZakupu>45</LpZakupu>
            <KodKrajuNadaniaTIN>PL</KodKrajuNadaniaTIN>
            <NrDostawcy>5220002860</NrDostawcy>
            <NazwaDostawcy>Makro Cash and Carry polska SA</NazwaDostawcy>
            <DowodZakupu>0/0(010)0048/119099</DowodZakupu>
            <DataZakupu>2023-04-29</DataZakupu>
            <DataWplywu>2023-04-30</DataWplywu>
            <K_42>2363.62</K_42>
            <K_43>138.91</K_43>
        </ZakupWiersz>
        <ZakupWiersz>
            <LpZakupu>46</LpZakupu>
            <KodKrajuNadaniaTIN>PL</KodKrajuNadaniaTIN>
            <NrDostawcy>8522353138</NrDostawcy>
            <NazwaDostawcy>ARMPOL Tigran Mehrabyan</NazwaDostawcy>
            <DowodZakupu>12720</DowodZakupu>
            <DataZakupu>2023-04-30</DataZakupu>
            <DataWplywu>2023-04-30</DataWplywu>
            <K_42>3.77</K_42>
            <K_43>0.0</K_43>
        </ZakupWiersz>
        <ZakupWiersz>
            <LpZakupu>47</LpZakupu>
            <KodKrajuNadaniaTIN>PL</KodKrajuNadaniaTIN>
            <NrDostawcy>5220055690</NrDostawcy>
            <NazwaDostawcy>PPU KARO Szymczykiewicz Tomasz</NazwaDostawcy>
            <DowodZakupu>F/0607/U/23</DowodZakupu>
            <DataZakupu>2023-06-16</DataZakupu>
            <DataWplywu>2023-04-30</DataWplywu>
            <K_42>323.63</K_42>
            <K_43>74.44</K_43>
        </ZakupWiersz>
        <ZakupCtrl>
            <LiczbaWierszyZakupow>47</LiczbaWierszyZakupow>
            <PodatekNaliczony>6416.56</PodatekNaliczony>
        </ZakupCtrl>
    </Ewidencja>
</JPK>
