<?xml version="1.0" encoding="UTF-8" standalone="yes"?>
<JPK xmlns="http://crd.gov.pl/wzor/2021/12/27/11148/" xmlns:ns2="http://crd.gov.pl/xml/schematy/dziedzinowe/mf/2021/06/08/eD/DefinicjeTypy/" xmlns:ns3="http://crd.gov.pl/wzor/2021/12/27/11149/">
    <Naglowek>
        <KodFormularza kodSystemowy="JPK_V7M (2)" wersjaSchemy="1-0E">JPK_VAT</KodFormularza>
        <WariantFormularza>2</WariantFormularza>
        <DataWytworzeniaJPK>2023-09-11T14:25:26.799Z</DataWytworzeniaJPK>
        <NazwaSystemu>Taxman</NazwaSystemu>
        <CelZlozenia poz="P_7">1</CelZlozenia>
        <KodUrzedu>3202</KodUrzedu>
        <Rok>2023</Rok>
        <Miesiac>8</Miesiac>
    </Naglowek>
    <Podmiot1 rola="Podatnik">
        <OsobaFizyczna>
            <ns2:NIP>6721433034</ns2:NIP>
            <ns2:ImiePierwsze>Marek</ns2:ImiePierwsze>
            <ns2:Nazwisko>Szyszko</ns2:Nazwisko>
            <ns2:DataUrodzenia>1965-10-13</ns2:DataUrodzenia>
            <Email>brzaskun@o2.pl</Email>
            <Telefon>603133396</Telefon>
        </OsobaFizyczna>
    </Podmiot1>
    <Deklaracja>
        <Naglowek>
            <KodFormularzaDekl kodSystemowy="VAT-7 (22)" kodPodatku="VAT" rodzajZobowiazania="Z" wersjaSchemy="1-0E">VAT-7</KodFormularzaDekl>
            <WariantFormularzaDekl>22</WariantFormularzaDekl>
        </Naglowek>
        <PozycjeSzczegolowe>
            <P_19>28336</P_19>
            <P_20>6517</P_20>
            <P_35>0</P_35>
            <P_37>28336</P_37>
            <P_38>6517</P_38>
            <P_39>553</P_39>
            <P_40>0</P_40>
            <P_41>0</P_41>
            <P_42>14579</P_42>
            <P_43>3353</P_43>
            <P_48>3906</P_48>
            <P_49>0</P_49>
            <P_51>2611</P_51>
            <P_52>0</P_52>
            <P_53>0</P_53>
            <P_62>0</P_62>
        </PozycjeSzczegolowe>
        <Pouczenia>1</Pouczenia>
    </Deklaracja>
    <Ewidencja>
        <SprzedazWiersz>
            <LpSprzedazy>1</LpSprzedazy>
            <KodKrajuNadaniaTIN>PL</KodKrajuNadaniaTIN>
            <NrKontrahenta>8522677786</NrKontrahenta>
            <NazwaKontrahenta>SZYSZKO LOGISTICS sp. z o.o.</NazwaKontrahenta>
            <DowodSprzedazy>FVS/6/08/2023</DowodSprzedazy>
            <DataWystawienia>2023-08-31</DataWystawienia>
            <DataSprzedazy>2023-08-31</DataSprzedazy>
            <TP>1</TP>
            <K_19>7274.81</K_19>
            <K_20>1673.21</K_20>
        </SprzedazWiersz>
        <SprzedazWiersz>
            <LpSprzedazy>2</LpSprzedazy>
            <KodKrajuNadaniaTIN>PL</KodKrajuNadaniaTIN>
            <NrKontrahenta>8522677786</NrKontrahenta>
            <NazwaKontrahenta>SZYSZKO LOGISTICS sp. z o.o.</NazwaKontrahenta>
            <DowodSprzedazy>FVS/7/08/2023</DowodSprzedazy>
            <DataWystawienia>2023-08-31</DataWystawienia>
            <DataSprzedazy>2023-08-31</DataSprzedazy>
            <TP>1</TP>
            <K_19>3252.03</K_19>
            <K_20>747.97</K_20>
        </SprzedazWiersz>
        <SprzedazWiersz>
            <LpSprzedazy>3</LpSprzedazy>
            <KodKrajuNadaniaTIN>PL</KodKrajuNadaniaTIN>
            <NrKontrahenta>8522677786</NrKontrahenta>
            <NazwaKontrahenta>SZYSZKO LOGISTICS sp. z o.o.</NazwaKontrahenta>
            <DowodSprzedazy>FVS/8/08/2023</DowodSprzedazy>
            <DataWystawienia>2023-08-31</DataWystawienia>
            <DataSprzedazy>2023-08-31</DataSprzedazy>
            <TP>1</TP>
            <K_19>9756.10</K_19>
            <K_20>2243.9</K_20>
        </SprzedazWiersz>
        <SprzedazWiersz>
            <LpSprzedazy>4</LpSprzedazy>
            <KodKrajuNadaniaTIN>PL</KodKrajuNadaniaTIN>
            <NrKontrahenta>8522677786</NrKontrahenta>
            <NazwaKontrahenta>SZYSZKO LOGISTICS sp. z o.o.</NazwaKontrahenta>
            <DowodSprzedazy>FVS/9/08/2023</DowodSprzedazy>
            <DataWystawienia>2023-08-31</DataWystawienia>
            <DataSprzedazy>2023-08-31</DataSprzedazy>
            <TP>1</TP>
            <K_19>4026.60</K_19>
            <K_20>926.12</K_20>
        </SprzedazWiersz>
        <SprzedazWiersz>
            <LpSprzedazy>5</LpSprzedazy>
            <KodKrajuNadaniaTIN>PL</KodKrajuNadaniaTIN>
            <NrKontrahenta>8522677786</NrKontrahenta>
            <NazwaKontrahenta>SZYSZKO LOGISTICS sp. z o.o.</NazwaKontrahenta>
            <DowodSprzedazy>FVS/10/08/2023</DowodSprzedazy>
            <DataWystawienia>2023-08-31</DataWystawienia>
            <DataSprzedazy>2023-08-31</DataSprzedazy>
            <TP>1</TP>
            <K_19>4026.60</K_19>
            <K_20>926.12</K_20>
        </SprzedazWiersz>
        <SprzedazCtrl>
            <LiczbaWierszySprzedazy>5</LiczbaWierszySprzedazy>
            <PodatekNalezny>6517.32</PodatekNalezny>
        </SprzedazCtrl>
        <ZakupWiersz>
            <LpZakupu>1</LpZakupu>
            <KodKrajuNadaniaTIN>PL</KodKrajuNadaniaTIN>
            <NrDostawcy>6690407164</NrDostawcy>
            <NazwaDostawcy>P.H. STANFEX Sp.j Stanisław Feliks Gołębiewscy</NazwaDostawcy>
            <DowodZakupu>FS/2363/III/2023</DowodZakupu>
            <DataZakupu>2023-08-03</DataZakupu>
            <DataWplywu>2023-08-03</DataWplywu>
            <K_42>4600.00</K_42>
            <K_43>1058.0</K_43>
        </ZakupWiersz>
        <ZakupWiersz>
            <LpZakupu>2</LpZakupu>
            <KodKrajuNadaniaTIN>PL</KodKrajuNadaniaTIN>
            <NrDostawcy>8511005008</NrDostawcy>
            <NazwaDostawcy>" TAXMAN " BIURO RACHUNKOWE Grzegorz Grzelczyk</NazwaDostawcy>
            <DowodZakupu>8/2023/SZYS03</DowodZakupu>
            <DataZakupu>2023-08-07</DataZakupu>
            <DataWplywu>2023-08-07</DataWplywu>
            <K_42>1020.00</K_42>
            <K_43>234.6</K_43>
        </ZakupWiersz>
        <ZakupWiersz>
            <LpZakupu>3</LpZakupu>
            <KodKrajuNadaniaTIN>PL</KodKrajuNadaniaTIN>
            <NrDostawcy>5261040337</NrDostawcy>
            <NazwaDostawcy>ING LEASE (POLSKA) SP. Z O.O.</NazwaDostawcy>
            <DowodZakupu>68279/FC/08/2023</DowodZakupu>
            <DataZakupu>2023-08-25</DataZakupu>
            <DataWplywu>2023-08-11</DataWplywu>
            <K_42>2466.91</K_42>
            <K_43>567.39</K_43>
        </ZakupWiersz>
        <ZakupWiersz>
            <LpZakupu>4</LpZakupu>
            <KodKrajuNadaniaTIN>PL</KodKrajuNadaniaTIN>
            <NrDostawcy>5261040337</NrDostawcy>
            <NazwaDostawcy>ING LEASE (POLSKA) SP. Z O.O.</NazwaDostawcy>
            <DowodZakupu>68278/FC/08/2023</DowodZakupu>
            <DataZakupu>2023-08-25</DataZakupu>
            <DataWplywu>2023-08-11</DataWplywu>
            <K_42>2466.91</K_42>
            <K_43>567.39</K_43>
        </ZakupWiersz>
        <ZakupWiersz>
            <LpZakupu>5</LpZakupu>
            <KodKrajuNadaniaTIN>PL</KodKrajuNadaniaTIN>
            <NrDostawcy>5261040337</NrDostawcy>
            <NazwaDostawcy>ING LEASE (POLSKA) SP. Z O.O.</NazwaDostawcy>
            <DowodZakupu>49678/FC/08/2023</DowodZakupu>
            <DataZakupu>2023-08-25</DataZakupu>
            <DataWplywu>2023-08-11</DataWplywu>
            <K_42>1932.73</K_42>
            <K_43>444.53</K_43>
        </ZakupWiersz>
        <ZakupWiersz>
            <LpZakupu>6</LpZakupu>
            <KodKrajuNadaniaTIN>PL</KodKrajuNadaniaTIN>
            <NrDostawcy>5261040337</NrDostawcy>
            <NazwaDostawcy>ING LEASE (POLSKA) SP. Z O.O.</NazwaDostawcy>
            <DowodZakupu>60644/FC/08/2023</DowodZakupu>
            <DataZakupu>2023-08-25</DataZakupu>
            <DataWplywu>2023-08-11</DataWplywu>
            <K_42>1981.39</K_42>
            <K_43>455.72</K_43>
        </ZakupWiersz>
        <ZakupWiersz>
            <LpZakupu>7</LpZakupu>
            <KodKrajuNadaniaTIN>PL</KodKrajuNadaniaTIN>
            <NrDostawcy>5252838515</NrDostawcy>
            <NazwaDostawcy>SHELL MOBILITY POLSKA sp. z o.o.</NazwaDostawcy>
            <DowodZakupu>SM 521K1/4130/23</DowodZakupu>
            <DataZakupu>2023-08-29</DataZakupu>
            <DataWplywu>2023-08-29</DataWplywu>
            <K_42>40.64</K_42>
            <K_43>9.35</K_43>
        </ZakupWiersz>
        <ZakupWiersz>
            <LpZakupu>8</LpZakupu>
            <KodKrajuNadaniaTIN>PL</KodKrajuNadaniaTIN>
            <NrDostawcy>5272260025</NrDostawcy>
            <NazwaDostawcy>"OCHRONA JUWENTUS-BIS" sp. z o.o. sp.k.</NazwaDostawcy>
            <DowodZakupu>Z/31798/08/23</DowodZakupu>
            <DataZakupu>2023-08-31</DataZakupu>
            <DataWplywu>2023-08-21</DataWplywu>
            <K_42>70.63</K_42>
            <K_43>16.24</K_43>
        </ZakupWiersz>
        <ZakupCtrl>
            <LiczbaWierszyZakupow>8</LiczbaWierszyZakupow>
            <PodatekNaliczony>3353.22</PodatekNaliczony>
        </ZakupCtrl>
    </Ewidencja>
</JPK>
