<?xml version="1.0" encoding="UTF-8" standalone="yes"?>
<JPK xmlns="http://crd.gov.pl/wzor/2021/12/27/11149/" xmlns:ns2="http://crd.gov.pl/xml/schematy/dziedzinowe/mf/2021/06/08/eD/DefinicjeTypy/">
    <Naglowek>
        <KodFormularza kodSystemowy="JPK_V7K (2)" wersjaSchemy="1-0E">JPK_VAT</KodFormularza>
        <WariantFormularza>2</WariantFormularza>
        <DataWytworzeniaJPK>2023-09-12T09:03:07.077Z</DataWytworzeniaJPK>
        <NazwaSystemu>Taxman</NazwaSystemu>
        <CelZlozenia poz="P_7">1</CelZlozenia>
        <KodUrzedu>1433</KodUrzedu>
        <Rok>2023</Rok>
        <Miesiac>8</Miesiac>
    </Naglowek>
    <Podmiot1 rola="Podatnik">
        <OsobaFizyczna>
            <ns2:NIP>6641152267</ns2:NIP>
            <ns2:ImiePierwsze>Piotr</ns2:ImiePierwsze>
            <ns2:Nazwisko>Kania </ns2:Nazwisko>
            <ns2:DataUrodzenia>1971-01-28</ns2:DataUrodzenia>
            <Email>d.andrzejak@taxman.biz.pl</Email>
            <Telefon>532434441</Telefon>
        </OsobaFizyczna>
    </Podmiot1>
    <Ewidencja>
        <SprzedazWiersz>
            <LpSprzedazy>1</LpSprzedazy>
            <KodKrajuNadaniaTIN>PL</KodKrajuNadaniaTIN>
            <NrKontrahenta>5252809904</NrKontrahenta>
            <NazwaKontrahenta>POINT72 POLAND sp. z o.o.</NazwaKontrahenta>
            <DowodSprzedazy>1/08/2023</DowodSprzedazy>
            <DataWystawienia>2023-08-07</DataWystawienia>
            <DataSprzedazy>2023-08-07</DataSprzedazy>
            <GTU_12>1</GTU_12>
            <K_19>40500.00</K_19>
            <K_20>9315.0</K_20>
        </SprzedazWiersz>
        <SprzedazCtrl>
            <LiczbaWierszySprzedazy>1</LiczbaWierszySprzedazy>
            <PodatekNalezny>9315.00</PodatekNalezny>
        </SprzedazCtrl>
        <ZakupWiersz>
            <LpZakupu>1</LpZakupu>
            <KodKrajuNadaniaTIN>PL</KodKrajuNadaniaTIN>
            <NrDostawcy>5260250955</NrDostawcy>
            <NazwaDostawcy>Telekomunikacja Polska S. A.</NazwaDostawcy>
            <DowodZakupu>F0027507087/008/23</DowodZakupu>
            <DataZakupu>2023-08-06</DataZakupu>
            <DataWplywu>2023-08-06</DataWplywu>
            <K_42>134.14</K_42>
            <K_43>30.85</K_43>
        </ZakupWiersz>
        <ZakupWiersz>
            <LpZakupu>2</LpZakupu>
            <KodKrajuNadaniaTIN>PL</KodKrajuNadaniaTIN>
            <NrDostawcy>8511005008</NrDostawcy>
            <NazwaDostawcy>" TAXMAN " BIURO RACHUNKOWE Grzegorz Grzelczyk</NazwaDostawcy>
            <DowodZakupu>8/2023/Invo</DowodZakupu>
            <DataZakupu>2023-08-07</DataZakupu>
            <DataWplywu>2023-08-07</DataWplywu>
            <K_42>240.00</K_42>
            <K_43>55.2</K_43>
        </ZakupWiersz>
        <ZakupWiersz>
            <LpZakupu>3</LpZakupu>
            <KodKrajuNadaniaTIN>PL</KodKrajuNadaniaTIN>
            <NrDostawcy>5262544258</NrDostawcy>
            <NazwaDostawcy>"PKP INTERCITY" S.A.</NazwaDostawcy>
            <DowodZakupu>Bilkom2IC/005838/8/2023</DowodZakupu>
            <DataZakupu>2023-08-14</DataZakupu>
            <DataWplywu>2023-08-14</DataWplywu>
            <K_42>435.84</K_42>
            <K_43>34.87</K_43>
        </ZakupWiersz>
        <ZakupWiersz>
            <LpZakupu>4</LpZakupu>
            <KodKrajuNadaniaTIN>PL</KodKrajuNadaniaTIN>
            <NrDostawcy>5262544258</NrDostawcy>
            <NazwaDostawcy>"PKP INTERCITY" S.A.</NazwaDostawcy>
            <DowodZakupu>Bilkom2IC/0007603/8/2023</DowodZakupu>
            <DataZakupu>2023-08-18</DataZakupu>
            <DataWplywu>2023-08-18</DataWplywu>
            <K_42>423.84</K_42>
            <K_43>33.91</K_43>
        </ZakupWiersz>
        <ZakupWiersz>
            <LpZakupu>5</LpZakupu>
            <KodKrajuNadaniaTIN>PL</KodKrajuNadaniaTIN>
            <NrDostawcy>5252533046</NrDostawcy>
            <NazwaDostawcy>MYTAXI POLSKA sp. z o.o.</NazwaDostawcy>
            <DowodZakupu>514-188532-A</DowodZakupu>
            <DataZakupu>2023-08-31</DataZakupu>
            <DataWplywu>2023-08-31</DataWplywu>
            <K_42>605.30</K_42>
            <K_43>48.42</K_43>
        </ZakupWiersz>
        <ZakupCtrl>
            <LiczbaWierszyZakupow>5</LiczbaWierszyZakupow>
            <PodatekNaliczony>203.25</PodatekNaliczony>
        </ZakupCtrl>
    </Ewidencja>
</JPK>
