﻿<?xml version="1.0" encoding="UTF-8"?>
<JPK xmlns="http://jpk.mf.gov.pl/wzor/2016/10/26/10261/" xmlns:etd="http://crd.gov.pl/xml/schematy/dziedzinowe/mf/2016/01/25/eD/DefinicjeTypy/" xmlns:xsi="http://www.w3.org/2001/XMLSchema-instance">
	<Naglowek>
		<KodFormularza wersjaSchemy="1-0" kodSystemowy="JPK_VAT (2)">JPK_VAT</KodFormularza>
		<WariantFormularza>2</WariantFormularza>
		<CelZlozenia>1</CelZlozenia>
		<DataWytworzeniaJPK>2017-02-01T00:00:00</DataWytworzeniaJPK>
		<DataOd>2017-01-01</DataOd>
		<DataDo>2017-01-31</DataDo>
		<DomyslnyKodWaluty>PLN</DomyslnyKodWaluty>
		<KodUrzedu>1435</KodUrzedu>
	</Naglowek>
	<Podmiot1>
		<IdentyfikatorPodmiotu>
			<etd:NIP>1111111111</etd:NIP>
			<etd:PelnaNazwa>PEŁNA NAZWA PODMIOTU</etd:PelnaNazwa>
			<etd:REGON>111111111</etd:REGON>
		</IdentyfikatorPodmiotu>
		<AdresPodmiotu>
			<KodKraju>PL</KodKraju>
			<Wojewodztwo>WOJEWÓDZTWO</Wojewodztwo>
			<Powiat>POWIAT</Powiat>
			<Gmina>GMINA</Gmina>
			<Ulica>ULICA</Ulica>
			<NrDomu>1</NrDomu>
			<NrLokalu>2</NrLokalu>
			<Miejscowosc>MIEJSCOWOŚĆ</Miejscowosc>
			<KodPocztowy>00-000</KodPocztowy>
			<Poczta>POCZTA</Poczta>
		</AdresPodmiotu>
	</Podmiot1>
</JPK>
