<?xml version="1.0" encoding="UTF-8" standalone="yes"?>
<JPK xmlns="http://crd.gov.pl/wzor/2021/12/27/11148/" xmlns:ns2="http://crd.gov.pl/xml/schematy/dziedzinowe/mf/2021/06/08/eD/DefinicjeTypy/" xmlns:ns3="http://crd.gov.pl/wzor/2021/12/27/11149/">
    <Naglowek>
        <KodFormularza kodSystemowy="JPK_V7M (2)" wersjaSchemy="1-0E">JPK_VAT</KodFormularza>
        <WariantFormularza>2</WariantFormularza>
        <DataWytworzeniaJPK>2023-09-14T13:32:48.754Z</DataWytworzeniaJPK>
        <NazwaSystemu>Taxman</NazwaSystemu>
        <CelZlozenia poz="P_7">1</CelZlozenia>
        <KodUrzedu>3215</KodUrzedu>
        <Rok>2023</Rok>
        <Miesiac>8</Miesiac>
    </Naglowek>
    <Podmiot1 rola="Podatnik">
        <OsobaNiefizyczna>
            <NIP>8513036220</NIP>
            <PelnaNazwa>SINKOS sp. z o.o.</PelnaNazwa>
            <Email>ms@taxman.biz.pl</Email>
            <Telefon>502733788</Telefon>
        </OsobaNiefizyczna>
    </Podmiot1>
    <Deklaracja>
        <Naglowek>
            <KodFormularzaDekl kodSystemowy="VAT-7 (22)" kodPodatku="VAT" rodzajZobowiazania="Z" wersjaSchemy="1-0E">VAT-7</KodFormularzaDekl>
            <WariantFormularzaDekl>22</WariantFormularzaDekl>
        </Naglowek>
        <PozycjeSzczegolowe>
            <P_11>661633</P_11>
            <P_12>590393</P_12>
            <P_19>143796</P_19>
            <P_20>33073</P_20>
            <P_35>0</P_35>
            <P_37>805429</P_37>
            <P_38>33073</P_38>
            <P_39>38334</P_39>
            <P_40>0</P_40>
            <P_41>0</P_41>
            <P_42>201009</P_42>
            <P_43>45922</P_43>
            <P_48>84256</P_48>
            <P_49>0</P_49>
            <P_51>0</P_51>
            <P_52>0</P_52>
            <P_53>51183</P_53>
            <P_54>15554</P_54>
            <P_57>1</P_57>
            <P_59>1</P_59>
            <P_60>15554</P_60>
            <P_61>PIT-4  - 08/23</P_61>
            <P_62>35629</P_62>
        </PozycjeSzczegolowe>
        <Pouczenia>1</Pouczenia>
    </Deklaracja>
    <Ewidencja>
        <SprzedazWiersz>
            <LpSprzedazy>1</LpSprzedazy>
            <KodKrajuNadaniaTIN>PL</KodKrajuNadaniaTIN>
            <NrKontrahenta>8510107474</NrKontrahenta>
            <NazwaKontrahenta>"IZOTERMA" S.C. BOGUMIŁA Szwajlik,dymitr Szwajlik</NazwaKontrahenta>
            <DowodSprzedazy>113/2023</DowodSprzedazy>
            <DataWystawienia>2023-08-31</DataWystawienia>
            <DataSprzedazy>2023-08-02</DataSprzedazy>
            <K_19>510.00</K_19>
            <K_20>117.3</K_20>
        </SprzedazWiersz>
        <SprzedazWiersz>
            <LpSprzedazy>2</LpSprzedazy>
            <KodKrajuNadaniaTIN>PL</KodKrajuNadaniaTIN>
            <NrKontrahenta>8510108249</NrKontrahenta>
            <NazwaKontrahenta>KEMIPOL Sp. z o.o.</NazwaKontrahenta>
            <DowodSprzedazy>115/2023</DowodSprzedazy>
            <DataWystawienia>2023-08-31</DataWystawienia>
            <DataSprzedazy>2023-08-08</DataSprzedazy>
            <K_19>30000.00</K_19>
            <K_20>6900.0</K_20>
        </SprzedazWiersz>
        <SprzedazWiersz>
            <LpSprzedazy>3</LpSprzedazy>
            <KodKrajuNadaniaTIN>PL</KodKrajuNadaniaTIN>
            <NrKontrahenta>6761050121</NrKontrahenta>
            <NazwaKontrahenta>BOCCARD KATES sp. z o.o.</NazwaKontrahenta>
            <DowodSprzedazy>117/2023</DowodSprzedazy>
            <DataWystawienia>2023-08-31</DataWystawienia>
            <DataSprzedazy>2023-08-08</DataSprzedazy>
            <K_19>42625.00</K_19>
            <K_20>9803.75</K_20>
        </SprzedazWiersz>
        <SprzedazWiersz>
            <LpSprzedazy>4</LpSprzedazy>
            <KodKrajuNadaniaTIN>NL</KodKrajuNadaniaTIN>
            <NrKontrahenta>822698638B01</NrKontrahenta>
            <NazwaKontrahenta>OOSTWOUDER Tank &amp; Silobouwb B.V.</NazwaKontrahenta>
            <DowodSprzedazy>114/2023</DowodSprzedazy>
            <DataWystawienia>2023-08-31</DataWystawienia>
            <DataSprzedazy>2023-08-08</DataSprzedazy>
            <K_11>93694.36</K_11>
            <K_12>93694.36</K_12>
        </SprzedazWiersz>
        <SprzedazWiersz>
            <LpSprzedazy>5</LpSprzedazy>
            <KodKrajuNadaniaTIN>DE</KodKrajuNadaniaTIN>
            <NrKontrahenta>271317444</NrKontrahenta>
            <NazwaKontrahenta>MAT FOUNDRIES Europe GmbH</NazwaKontrahenta>
            <DowodSprzedazy>116/2023</DowodSprzedazy>
            <DataWystawienia>2023-08-31</DataWystawienia>
            <DataSprzedazy>2023-08-08</DataSprzedazy>
            <K_11>60352.28</K_11>
            <K_12>60352.28</K_12>
        </SprzedazWiersz>
        <SprzedazWiersz>
            <LpSprzedazy>6</LpSprzedazy>
            <KodKrajuNadaniaTIN>NO</KodKrajuNadaniaTIN>
            <NrKontrahenta>0000010782</NrKontrahenta>
            <NazwaKontrahenta>Umoe Industries</NazwaKontrahenta>
            <DowodSprzedazy>120/2023</DowodSprzedazy>
            <DataWystawienia>2023-08-31</DataWystawienia>
            <DataSprzedazy>2023-08-11</DataSprzedazy>
            <K_11>46400.00</K_11>
        </SprzedazWiersz>
        <SprzedazWiersz>
            <LpSprzedazy>7</LpSprzedazy>
            <KodKrajuNadaniaTIN>DE</KodKrajuNadaniaTIN>
            <NrKontrahenta>271317444</NrKontrahenta>
            <NazwaKontrahenta>MAT FOUNDRIES Europe GmbH</NazwaKontrahenta>
            <DowodSprzedazy>118/2023</DowodSprzedazy>
            <DataWystawienia>2023-08-31</DataWystawienia>
            <DataSprzedazy>2023-08-11</DataSprzedazy>
            <K_11>11921.55</K_11>
            <K_12>11921.55</K_12>
        </SprzedazWiersz>
        <SprzedazWiersz>
            <LpSprzedazy>8</LpSprzedazy>
            <KodKrajuNadaniaTIN>DE</KodKrajuNadaniaTIN>
            <NrKontrahenta>155876119</NrKontrahenta>
            <NazwaKontrahenta>Butting Anlagen GmbH &amp; Co KG</NazwaKontrahenta>
            <DowodSprzedazy>119/2023</DowodSprzedazy>
            <DataWystawienia>2023-08-31</DataWystawienia>
            <DataSprzedazy>2023-08-11</DataSprzedazy>
            <K_11>16922.35</K_11>
            <K_12>16922.35</K_12>
        </SprzedazWiersz>
        <SprzedazWiersz>
            <LpSprzedazy>9</LpSprzedazy>
            <KodKrajuNadaniaTIN>NL</KodKrajuNadaniaTIN>
            <NrKontrahenta>822698638B01</NrKontrahenta>
            <NazwaKontrahenta>OOSTWOUDER Tank &amp; Silobouwb B.V.</NazwaKontrahenta>
            <DowodSprzedazy>121/2023</DowodSprzedazy>
            <DataWystawienia>2023-08-31</DataWystawienia>
            <DataSprzedazy>2023-08-16</DataSprzedazy>
            <K_11>3460.16</K_11>
            <K_12>3460.16</K_12>
        </SprzedazWiersz>
        <SprzedazWiersz>
            <LpSprzedazy>10</LpSprzedazy>
            <KodKrajuNadaniaTIN>PL</KodKrajuNadaniaTIN>
            <NrKontrahenta>8513248264</NrKontrahenta>
            <NazwaKontrahenta>Tomasz Gustaw</NazwaKontrahenta>
            <DowodSprzedazy>122/2023</DowodSprzedazy>
            <DataWystawienia>2023-08-31</DataWystawienia>
            <DataSprzedazy>2023-08-17</DataSprzedazy>
            <K_19>200.00</K_19>
            <K_20>46.0</K_20>
        </SprzedazWiersz>
        <SprzedazWiersz>
            <LpSprzedazy>11</LpSprzedazy>
            <KodKrajuNadaniaTIN>PL</KodKrajuNadaniaTIN>
            <NrKontrahenta>8513248264</NrKontrahenta>
            <NazwaKontrahenta>Tomasz Gustaw</NazwaKontrahenta>
            <DowodSprzedazy>123/2023</DowodSprzedazy>
            <DataWystawienia>2023-08-31</DataWystawienia>
            <DataSprzedazy>2023-08-22</DataSprzedazy>
            <K_19>80.00</K_19>
            <K_20>18.4</K_20>
        </SprzedazWiersz>
        <SprzedazWiersz>
            <LpSprzedazy>12</LpSprzedazy>
            <KodKrajuNadaniaTIN>PL</KodKrajuNadaniaTIN>
            <NrKontrahenta>8513190263</NrKontrahenta>
            <NazwaKontrahenta>E.D.I.L. sp. z o.o. sp.k.</NazwaKontrahenta>
            <DowodSprzedazy>127/2023</DowodSprzedazy>
            <DataWystawienia>2023-08-31</DataWystawienia>
            <DataSprzedazy>2023-08-25</DataSprzedazy>
            <K_19>3280.00</K_19>
            <K_20>754.4</K_20>
        </SprzedazWiersz>
        <SprzedazWiersz>
            <LpSprzedazy>13</LpSprzedazy>
            <KodKrajuNadaniaTIN>PL</KodKrajuNadaniaTIN>
            <NrKontrahenta>8513190263</NrKontrahenta>
            <NazwaKontrahenta>E.D.I.L. sp. z o.o. sp.k.</NazwaKontrahenta>
            <DowodSprzedazy>128/2023</DowodSprzedazy>
            <DataWystawienia>2023-08-31</DataWystawienia>
            <DataSprzedazy>2023-08-25</DataSprzedazy>
            <K_19>2950.00</K_19>
            <K_20>678.5</K_20>
        </SprzedazWiersz>
        <SprzedazWiersz>
            <LpSprzedazy>14</LpSprzedazy>
            <KodKrajuNadaniaTIN>NO</KodKrajuNadaniaTIN>
            <NrKontrahenta>0000010782</NrKontrahenta>
            <NazwaKontrahenta>Umoe Industries</NazwaKontrahenta>
            <DowodSprzedazy>126/2026</DowodSprzedazy>
            <DataWystawienia>2023-08-31</DataWystawienia>
            <DataSprzedazy>2023-08-25</DataSprzedazy>
            <K_11>24840.00</K_11>
        </SprzedazWiersz>
        <SprzedazWiersz>
            <LpSprzedazy>15</LpSprzedazy>
            <KodKrajuNadaniaTIN>NL</KodKrajuNadaniaTIN>
            <NrKontrahenta>822698638B01</NrKontrahenta>
            <NazwaKontrahenta>OOSTWOUDER Tank &amp; Silobouwb B.V.</NazwaKontrahenta>
            <DowodSprzedazy>124/2023</DowodSprzedazy>
            <DataWystawienia>2023-08-31</DataWystawienia>
            <DataSprzedazy>2023-08-25</DataSprzedazy>
            <K_11>23662.17</K_11>
            <K_12>23662.17</K_12>
        </SprzedazWiersz>
        <SprzedazWiersz>
            <LpSprzedazy>16</LpSprzedazy>
            <KodKrajuNadaniaTIN>DE</KodKrajuNadaniaTIN>
            <NrKontrahenta>271317444</NrKontrahenta>
            <NazwaKontrahenta>MAT FOUNDRIES Europe GmbH</NazwaKontrahenta>
            <DowodSprzedazy>125/2023</DowodSprzedazy>
            <DataWystawienia>2023-08-31</DataWystawienia>
            <DataSprzedazy>2023-08-25</DataSprzedazy>
            <K_11>89746.27</K_11>
            <K_12>89746.27</K_12>
        </SprzedazWiersz>
        <SprzedazWiersz>
            <LpSprzedazy>17</LpSprzedazy>
            <KodKrajuNadaniaTIN>DE</KodKrajuNadaniaTIN>
            <NrKontrahenta>155876119</NrKontrahenta>
            <NazwaKontrahenta>Butting Anlagen GmbH &amp; Co KG</NazwaKontrahenta>
            <DowodSprzedazy>129/2023</DowodSprzedazy>
            <DataWystawienia>2023-08-31</DataWystawienia>
            <DataSprzedazy>2023-08-30</DataSprzedazy>
            <K_11>109490.50</K_11>
            <K_12>109490.50</K_12>
        </SprzedazWiersz>
        <SprzedazWiersz>
            <LpSprzedazy>18</LpSprzedazy>
            <KodKrajuNadaniaTIN>PL</KodKrajuNadaniaTIN>
            <NrKontrahenta>0000011623</NrKontrahenta>
            <NazwaKontrahenta>Iwona Grodkowska</NazwaKontrahenta>
            <DowodSprzedazy>130/2023</DowodSprzedazy>
            <DataWystawienia>2023-08-31</DataWystawienia>
            <DataSprzedazy>2023-08-31</DataSprzedazy>
            <GTU_07>1</GTU_07>
            <K_19>10975.61</K_19>
            <K_20>2524.39</K_20>
        </SprzedazWiersz>
        <SprzedazWiersz>
            <LpSprzedazy>19</LpSprzedazy>
            <KodKrajuNadaniaTIN>PL</KodKrajuNadaniaTIN>
            <NrKontrahenta>8510108249</NrKontrahenta>
            <NazwaKontrahenta>KEMIPOL Sp. z o.o.</NazwaKontrahenta>
            <DowodSprzedazy>131/2023</DowodSprzedazy>
            <DataWystawienia>2023-08-31</DataWystawienia>
            <DataSprzedazy>2023-08-31</DataSprzedazy>
            <K_19>53175.00</K_19>
            <K_20>12230.25</K_20>
        </SprzedazWiersz>
        <SprzedazWiersz>
            <LpSprzedazy>20</LpSprzedazy>
            <KodKrajuNadaniaTIN>NL</KodKrajuNadaniaTIN>
            <NrKontrahenta>822698638B01</NrKontrahenta>
            <NazwaKontrahenta>OOSTWOUDER Tank &amp; Silobouwb B.V.</NazwaKontrahenta>
            <DowodSprzedazy>132/2023</DowodSprzedazy>
            <DataWystawienia>2023-08-31</DataWystawienia>
            <DataSprzedazy>2023-08-31</DataSprzedazy>
            <K_11>181143.31</K_11>
            <K_12>181143.31</K_12>
        </SprzedazWiersz>
        <SprzedazCtrl>
            <LiczbaWierszySprzedazy>20</LiczbaWierszySprzedazy>
            <PodatekNalezny>33072.99</PodatekNalezny>
        </SprzedazCtrl>
        <ZakupWiersz>
            <LpZakupu>1</LpZakupu>
            <KodKrajuNadaniaTIN>PL</KodKrajuNadaniaTIN>
            <NrDostawcy>8513066155</NrDostawcy>
            <NazwaDostawcy>Myj24 Mikołaj Kostrzębski</NazwaDostawcy>
            <DowodZakupu>75/2023</DowodZakupu>
            <DataZakupu>2023-07-19</DataZakupu>
            <DataWplywu>2023-08-31</DataWplywu>
            <K_42>447.15</K_42>
            <K_43>51.42</K_43>
        </ZakupWiersz>
        <ZakupWiersz>
            <LpZakupu>2</LpZakupu>
            <KodKrajuNadaniaTIN>PL</KodKrajuNadaniaTIN>
            <NrDostawcy>5220000795</NrDostawcy>
            <NazwaDostawcy>AUREX LPG sp. z o.o.</NazwaDostawcy>
            <DowodZakupu>2023/m/07/73</DowodZakupu>
            <DataZakupu>2023-07-20</DataZakupu>
            <DataWplywu>2023-07-31</DataWplywu>
            <K_42>47441.00</K_42>
            <K_43>10911.43</K_43>
        </ZakupWiersz>
        <ZakupWiersz>
            <LpZakupu>3</LpZakupu>
            <KodKrajuNadaniaTIN>PL</KodKrajuNadaniaTIN>
            <NrDostawcy>8510208318</NrDostawcy>
            <NazwaDostawcy>ASKO-TECH Sp. z o.o.</NazwaDostawcy>
            <DowodZakupu>2023/10524</DowodZakupu>
            <DataZakupu>2023-07-21</DataZakupu>
            <DataWplywu>2023-07-31</DataWplywu>
            <K_42>450.00</K_42>
            <K_43>103.5</K_43>
        </ZakupWiersz>
        <ZakupWiersz>
            <LpZakupu>4</LpZakupu>
            <KodKrajuNadaniaTIN>PL</KodKrajuNadaniaTIN>
            <NrDostawcy>6793106652</NrDostawcy>
            <NazwaDostawcy>BIURO TECHNICZNO-HANDLOWE BTH IMPORT STAL sp. z o.o.</NazwaDostawcy>
            <DowodZakupu>5481/23/ll</DowodZakupu>
            <DataZakupu>2023-07-24</DataZakupu>
            <DataWplywu>2023-07-31</DataWplywu>
            <K_42>19716.48</K_42>
            <K_43>4534.79</K_43>
        </ZakupWiersz>
        <ZakupWiersz>
            <LpZakupu>5</LpZakupu>
            <KodKrajuNadaniaTIN>PL</KodKrajuNadaniaTIN>
            <NrDostawcy>6793106652</NrDostawcy>
            <NazwaDostawcy>BIURO TECHNICZNO-HANDLOWE BTH IMPORT STAL sp. z o.o.</NazwaDostawcy>
            <DowodZakupu>5480/23/ll</DowodZakupu>
            <DataZakupu>2023-07-24</DataZakupu>
            <DataWplywu>2023-07-31</DataWplywu>
            <K_42>2905.54</K_42>
            <K_43>668.27</K_43>
        </ZakupWiersz>
        <ZakupWiersz>
            <LpZakupu>6</LpZakupu>
            <KodKrajuNadaniaTIN>PL</KodKrajuNadaniaTIN>
            <NrDostawcy>5842735271</NrDostawcy>
            <NazwaDostawcy>TENSLAB sp. z o.o.</NazwaDostawcy>
            <DowodZakupu>22/szc/07/2023</DowodZakupu>
            <DataZakupu>2023-07-24</DataZakupu>
            <DataWplywu>2023-08-31</DataWplywu>
            <K_42>17529.00</K_42>
            <K_43>4031.67</K_43>
        </ZakupWiersz>
        <ZakupWiersz>
            <LpZakupu>7</LpZakupu>
            <KodKrajuNadaniaTIN>PL</KodKrajuNadaniaTIN>
            <NrDostawcy>9511998317</NrDostawcy>
            <NazwaDostawcy>RYWAL-RHC SP. Z O.O.</NazwaDostawcy>
            <DowodZakupu>247/2023/d009</DowodZakupu>
            <DataZakupu>2023-07-26</DataZakupu>
            <DataWplywu>2023-07-31</DataWplywu>
            <K_42>4058.46</K_42>
            <K_43>933.45</K_43>
        </ZakupWiersz>
        <ZakupWiersz>
            <LpZakupu>8</LpZakupu>
            <KodKrajuNadaniaTIN>PL</KodKrajuNadaniaTIN>
            <NrDostawcy>9552001019</NrDostawcy>
            <NazwaDostawcy>LIDMANN sp. z o.o.</NazwaDostawcy>
            <DowodZakupu>91/07/2023</DowodZakupu>
            <DataZakupu>2023-07-27</DataZakupu>
            <DataWplywu>2023-07-31</DataWplywu>
            <K_42>6735.89</K_42>
            <K_43>1549.25</K_43>
        </ZakupWiersz>
        <ZakupWiersz>
            <LpZakupu>9</LpZakupu>
            <KodKrajuNadaniaTIN>PL</KodKrajuNadaniaTIN>
            <NrDostawcy>8510109326</NrDostawcy>
            <NazwaDostawcy>MESSER POLSKA sp. z o.o.</NazwaDostawcy>
            <DowodZakupu>7762260718</DowodZakupu>
            <DataZakupu>2023-07-27</DataZakupu>
            <DataWplywu>2023-08-31</DataWplywu>
            <K_42>3620.14</K_42>
            <K_43>832.63</K_43>
        </ZakupWiersz>
        <ZakupWiersz>
            <LpZakupu>10</LpZakupu>
            <KodKrajuNadaniaTIN>PL</KodKrajuNadaniaTIN>
            <NrDostawcy>9552354686</NrDostawcy>
            <NazwaDostawcy>Hurtostal 2 Sp. z o.o.</NazwaDostawcy>
            <DowodZakupu>835/hs/07/2023</DowodZakupu>
            <DataZakupu>2023-07-28</DataZakupu>
            <DataWplywu>2023-07-31</DataWplywu>
            <K_42>719.98</K_42>
            <K_43>165.6</K_43>
        </ZakupWiersz>
        <ZakupWiersz>
            <LpZakupu>11</LpZakupu>
            <KodKrajuNadaniaTIN>PL</KodKrajuNadaniaTIN>
            <NrDostawcy>8511294745</NrDostawcy>
            <NazwaDostawcy>INTERTECH Mariusz Kraszewski</NazwaDostawcy>
            <DowodZakupu>575/23</DowodZakupu>
            <DataZakupu>2023-07-28</DataZakupu>
            <DataWplywu>2023-07-31</DataWplywu>
            <K_42>1045.67</K_42>
            <K_43>240.5</K_43>
        </ZakupWiersz>
        <ZakupWiersz>
            <LpZakupu>12</LpZakupu>
            <KodKrajuNadaniaTIN>PL</KodKrajuNadaniaTIN>
            <NrDostawcy>8513189886</NrDostawcy>
            <NazwaDostawcy>KRYSTIAN sp. z o.o. sp.k.</NazwaDostawcy>
            <DowodZakupu>1694/07/2023/t</DowodZakupu>
            <DataZakupu>2023-07-28</DataZakupu>
            <DataWplywu>2023-07-31</DataWplywu>
            <K_42>52.56</K_42>
            <K_43>12.09</K_43>
        </ZakupWiersz>
        <ZakupWiersz>
            <LpZakupu>13</LpZakupu>
            <KodKrajuNadaniaTIN>PL</KodKrajuNadaniaTIN>
            <NrDostawcy>8512383072</NrDostawcy>
            <NazwaDostawcy>ELEKTROFLEX Agata Czerniawska</NazwaDostawcy>
            <DowodZakupu>166/bhp/07/2023</DowodZakupu>
            <DataZakupu>2023-07-28</DataZakupu>
            <DataWplywu>2023-07-31</DataWplywu>
            <K_42>2684.87</K_42>
            <K_43>617.52</K_43>
        </ZakupWiersz>
        <ZakupWiersz>
            <LpZakupu>14</LpZakupu>
            <KodKrajuNadaniaTIN>PL</KodKrajuNadaniaTIN>
            <NrDostawcy>9511998317</NrDostawcy>
            <NazwaDostawcy>RYWAL-RHC SP. Z O.O.</NazwaDostawcy>
            <DowodZakupu>3447/2023/s009</DowodZakupu>
            <DataZakupu>2023-07-31</DataZakupu>
            <DataWplywu>2023-07-31</DataWplywu>
            <K_42>4576.47</K_42>
            <K_43>1052.59</K_43>
        </ZakupWiersz>
        <ZakupWiersz>
            <LpZakupu>15</LpZakupu>
            <KodKrajuNadaniaTIN>PL</KodKrajuNadaniaTIN>
            <NrDostawcy>8511021651</NrDostawcy>
            <NazwaDostawcy>OLAN SERWIS ELEKTROMECHANIKA DŹWIGOWA Andrzej Olszewski</NazwaDostawcy>
            <DowodZakupu>04/07/2023</DowodZakupu>
            <DataZakupu>2023-07-31</DataZakupu>
            <DataWplywu>2023-07-31</DataWplywu>
            <K_42>600.00</K_42>
            <K_43>138.0</K_43>
        </ZakupWiersz>
        <ZakupWiersz>
            <LpZakupu>16</LpZakupu>
            <KodKrajuNadaniaTIN>PL</KodKrajuNadaniaTIN>
            <NrDostawcy>8511495484</NrDostawcy>
            <NazwaDostawcy>Alfa C Ireneusz Kaczmara</NazwaDostawcy>
            <DowodZakupu>41/23</DowodZakupu>
            <DataZakupu>2023-07-31</DataZakupu>
            <DataWplywu>2023-07-31</DataWplywu>
            <K_42>780.00</K_42>
            <K_43>179.4</K_43>
        </ZakupWiersz>
        <ZakupWiersz>
            <LpZakupu>17</LpZakupu>
            <KodKrajuNadaniaTIN>PL</KodKrajuNadaniaTIN>
            <NrDostawcy>8512762668</NrDostawcy>
            <NazwaDostawcy>PRZEDSIĘBIORSTWO HANDLOWE "DOMLUX" sp. z o.o.</NazwaDostawcy>
            <DowodZakupu>4841/2023</DowodZakupu>
            <DataZakupu>2023-07-31</DataZakupu>
            <DataWplywu>2023-07-31</DataWplywu>
            <K_42>84.73</K_42>
            <K_43>19.49</K_43>
        </ZakupWiersz>
        <ZakupWiersz>
            <LpZakupu>18</LpZakupu>
            <KodKrajuNadaniaTIN>PL</KodKrajuNadaniaTIN>
            <NrDostawcy>8510109326</NrDostawcy>
            <NazwaDostawcy>MESSER POLSKA sp. z o.o.</NazwaDostawcy>
            <DowodZakupu>7762258286</DowodZakupu>
            <DataZakupu>2023-07-31</DataZakupu>
            <DataWplywu>2023-08-31</DataWplywu>
            <K_42>181.35</K_42>
            <K_43>41.71</K_43>
        </ZakupWiersz>
        <ZakupWiersz>
            <LpZakupu>19</LpZakupu>
            <KodKrajuNadaniaTIN>PL</KodKrajuNadaniaTIN>
            <NrDostawcy>6770066541</NrDostawcy>
            <NazwaDostawcy>Eden Spring Sp. z o.o.</NazwaDostawcy>
            <DowodZakupu>31/12870972</DowodZakupu>
            <DataZakupu>2023-07-31</DataZakupu>
            <DataWplywu>2023-08-31</DataWplywu>
            <K_42>687.50</K_42>
            <K_43>158.13</K_43>
        </ZakupWiersz>
        <ZakupWiersz>
            <LpZakupu>20</LpZakupu>
            <KodKrajuNadaniaTIN>PL</KodKrajuNadaniaTIN>
            <NrDostawcy>8510205573</NrDostawcy>
            <NazwaDostawcy>Grupa Azoty Z.Ch. Police SA </NazwaDostawcy>
            <DowodZakupu>307580723</DowodZakupu>
            <DataZakupu>2023-07-31</DataZakupu>
            <DataWplywu>2023-08-31</DataWplywu>
            <K_42>99.20</K_42>
            <K_43>7.94</K_43>
        </ZakupWiersz>
        <ZakupWiersz>
            <LpZakupu>21</LpZakupu>
            <KodKrajuNadaniaTIN>PL</KodKrajuNadaniaTIN>
            <NrDostawcy>8510205573</NrDostawcy>
            <NazwaDostawcy>Grupa Azoty Z.Ch. Police SA </NazwaDostawcy>
            <DowodZakupu>307580863</DowodZakupu>
            <DataZakupu>2023-07-31</DataZakupu>
            <DataWplywu>2023-08-31</DataWplywu>
            <K_42>113.76</K_42>
            <K_43>9.1</K_43>
        </ZakupWiersz>
        <ZakupWiersz>
            <LpZakupu>22</LpZakupu>
            <KodKrajuNadaniaTIN>PL</KodKrajuNadaniaTIN>
            <NrDostawcy>8510205573</NrDostawcy>
            <NazwaDostawcy>Grupa Azoty Z.Ch. Police SA </NazwaDostawcy>
            <DowodZakupu>307581026</DowodZakupu>
            <DataZakupu>2023-07-31</DataZakupu>
            <DataWplywu>2023-08-31</DataWplywu>
            <K_42>2243.17</K_42>
            <K_43>515.93</K_43>
        </ZakupWiersz>
        <ZakupWiersz>
            <LpZakupu>23</LpZakupu>
            <KodKrajuNadaniaTIN>PL</KodKrajuNadaniaTIN>
            <NrDostawcy>8513067284</NrDostawcy>
            <NazwaDostawcy>Amplonet Sp. z o.o.</NazwaDostawcy>
            <DowodZakupu>2302/fv/08/2023</DowodZakupu>
            <DataZakupu>2023-08-01</DataZakupu>
            <DataWplywu>2023-08-31</DataWplywu>
            <K_42>440.00</K_42>
            <K_43>101.2</K_43>
        </ZakupWiersz>
        <ZakupWiersz>
            <LpZakupu>24</LpZakupu>
            <KodKrajuNadaniaTIN>PL</KodKrajuNadaniaTIN>
            <NrDostawcy>8510109326</NrDostawcy>
            <NazwaDostawcy>MESSER POLSKA sp. z o.o.</NazwaDostawcy>
            <DowodZakupu>7762262240</DowodZakupu>
            <DataZakupu>2023-08-01</DataZakupu>
            <DataWplywu>2023-08-31</DataWplywu>
            <K_42>1104.75</K_42>
            <K_43>254.09</K_43>
        </ZakupWiersz>
        <ZakupWiersz>
            <LpZakupu>25</LpZakupu>
            <KodKrajuNadaniaTIN>PL</KodKrajuNadaniaTIN>
            <NrDostawcy>8512762668</NrDostawcy>
            <NazwaDostawcy>PRZEDSIĘBIORSTWO HANDLOWE "DOMLUX" sp. z o.o.</NazwaDostawcy>
            <DowodZakupu>4862/2023</DowodZakupu>
            <DataZakupu>2023-08-01</DataZakupu>
            <DataWplywu>2023-08-31</DataWplywu>
            <K_42>11.21</K_42>
            <K_43>2.58</K_43>
        </ZakupWiersz>
        <ZakupWiersz>
            <LpZakupu>26</LpZakupu>
            <KodKrajuNadaniaTIN>PL</KodKrajuNadaniaTIN>
            <NrDostawcy>8510205573</NrDostawcy>
            <NazwaDostawcy>Grupa Azoty Z.Ch. Police SA </NazwaDostawcy>
            <DowodZakupu>307581163</DowodZakupu>
            <DataZakupu>2023-08-01</DataZakupu>
            <DataWplywu>2023-08-31</DataWplywu>
            <K_42>403.95</K_42>
            <K_43>92.91</K_43>
        </ZakupWiersz>
        <ZakupWiersz>
            <LpZakupu>27</LpZakupu>
            <KodKrajuNadaniaTIN>PL</KodKrajuNadaniaTIN>
            <NrDostawcy>5831023182</NrDostawcy>
            <NazwaDostawcy>MOL POLSKA sp. z o.o.</NazwaDostawcy>
            <DowodZakupu>16623/f/347/23</DowodZakupu>
            <DataZakupu>2023-08-01</DataZakupu>
            <DataWplywu>2023-08-31</DataWplywu>
            <K_42>182.50</K_42>
            <K_43>20.99</K_43>
        </ZakupWiersz>
        <ZakupWiersz>
            <LpZakupu>28</LpZakupu>
            <KodKrajuNadaniaTIN>PL</KodKrajuNadaniaTIN>
            <NrDostawcy>6341226820</NrDostawcy>
            <NazwaDostawcy>TEST-TECH Marian Knapik</NazwaDostawcy>
            <DowodZakupu>264/2023</DowodZakupu>
            <DataZakupu>2023-08-02</DataZakupu>
            <DataWplywu>2023-08-31</DataWplywu>
            <K_42>3600.00</K_42>
            <K_43>828.0</K_43>
        </ZakupWiersz>
        <ZakupWiersz>
            <LpZakupu>29</LpZakupu>
            <KodKrajuNadaniaTIN>PL</KodKrajuNadaniaTIN>
            <NrDostawcy>8551501280</NrDostawcy>
            <NazwaDostawcy>PERKUN S.C. WANDA KONDEJ, ŁUKASZ PRZYSZLAK, Joanna Ulaczyk-surowiec</NazwaDostawcy>
            <DowodZakupu>4371/2023</DowodZakupu>
            <DataZakupu>2023-08-02</DataZakupu>
            <DataWplywu>2023-08-31</DataWplywu>
            <K_42>216.26</K_42>
            <K_43>49.74</K_43>
        </ZakupWiersz>
        <ZakupWiersz>
            <LpZakupu>30</LpZakupu>
            <KodKrajuNadaniaTIN>PL</KodKrajuNadaniaTIN>
            <NrDostawcy>6731753036</NrDostawcy>
            <NazwaDostawcy>MarBel Mariusz Blezień</NazwaDostawcy>
            <DowodZakupu>02/08/2023</DowodZakupu>
            <DataZakupu>2023-08-02</DataZakupu>
            <DataWplywu>2023-08-31</DataWplywu>
            <K_42>6300.00</K_42>
            <K_43>1449.0</K_43>
        </ZakupWiersz>
        <ZakupWiersz>
            <LpZakupu>31</LpZakupu>
            <KodKrajuNadaniaTIN>PL</KodKrajuNadaniaTIN>
            <NrDostawcy>5831023182</NrDostawcy>
            <NazwaDostawcy>MOL POLSKA sp. z o.o.</NazwaDostawcy>
            <DowodZakupu>FLBP/6730/2023</DowodZakupu>
            <DataZakupu>2023-08-02</DataZakupu>
            <DataWplywu>2023-08-31</DataWplywu>
            <K_42>162.58</K_42>
            <K_43>18.7</K_43>
        </ZakupWiersz>
        <ZakupWiersz>
            <LpZakupu>32</LpZakupu>
            <KodKrajuNadaniaTIN>PL</KodKrajuNadaniaTIN>
            <NrDostawcy>8512907664</NrDostawcy>
            <NazwaDostawcy>Tacho-Servis Marcin Wochowski</NazwaDostawcy>
            <DowodZakupu>18910/23</DowodZakupu>
            <DataZakupu>2023-08-03</DataZakupu>
            <DataWplywu>2023-08-31</DataWplywu>
            <K_42>82.00</K_42>
            <K_43>18.86</K_43>
        </ZakupWiersz>
        <ZakupWiersz>
            <LpZakupu>33</LpZakupu>
            <KodKrajuNadaniaTIN>PL</KodKrajuNadaniaTIN>
            <NrDostawcy>8522437102</NrDostawcy>
            <NazwaDostawcy>Alimex marek Maliński</NazwaDostawcy>
            <DowodZakupu>4101/02/2023</DowodZakupu>
            <DataZakupu>2023-08-03</DataZakupu>
            <DataWplywu>2023-08-31</DataWplywu>
            <K_42>228.51</K_42>
            <K_43>52.56</K_43>
        </ZakupWiersz>
        <ZakupWiersz>
            <LpZakupu>34</LpZakupu>
            <KodKrajuNadaniaTIN>PL</KodKrajuNadaniaTIN>
            <NrDostawcy>8522437102</NrDostawcy>
            <NazwaDostawcy>Alimex marek Maliński</NazwaDostawcy>
            <DowodZakupu>4098/02/2023</DowodZakupu>
            <DataZakupu>2023-08-03</DataZakupu>
            <DataWplywu>2023-08-31</DataWplywu>
            <K_42>152.08</K_42>
            <K_43>34.98</K_43>
        </ZakupWiersz>
        <ZakupWiersz>
            <LpZakupu>35</LpZakupu>
            <KodKrajuNadaniaTIN>PL</KodKrajuNadaniaTIN>
            <NrDostawcy>8512383072</NrDostawcy>
            <NazwaDostawcy>ELEKTROFLEX Agata Czerniawska</NazwaDostawcy>
            <DowodZakupu>28/mag/08/2023</DowodZakupu>
            <DataZakupu>2023-08-03</DataZakupu>
            <DataWplywu>2023-08-31</DataWplywu>
            <K_42>127.50</K_42>
            <K_43>29.33</K_43>
        </ZakupWiersz>
        <ZakupWiersz>
            <LpZakupu>36</LpZakupu>
            <KodKrajuNadaniaTIN>PL</KodKrajuNadaniaTIN>
            <NrDostawcy>8561931680</NrDostawcy>
            <NazwaDostawcy>PPH FARMER sp. z o.o.</NazwaDostawcy>
            <DowodZakupu>33195</DowodZakupu>
            <DataZakupu>2023-08-04</DataZakupu>
            <DataWplywu>2023-08-31</DataWplywu>
            <K_42>35.89</K_42>
            <K_43>1.23</K_43>
        </ZakupWiersz>
        <ZakupWiersz>
            <LpZakupu>37</LpZakupu>
            <KodKrajuNadaniaTIN>PL</KodKrajuNadaniaTIN>
            <NrDostawcy>8510307486</NrDostawcy>
            <NazwaDostawcy>PRZEDSIĘBIORSTWO UŻYTECZNOŚCI PUBLICZNEJ TRANS-NET S.A.</NazwaDostawcy>
            <DowodZakupu>394/ko/07/2023</DowodZakupu>
            <DataZakupu>2023-08-04</DataZakupu>
            <DataWplywu>2023-08-31</DataWplywu>
            <K_42>384.03</K_42>
            <K_43>30.72</K_43>
        </ZakupWiersz>
        <ZakupWiersz>
            <LpZakupu>38</LpZakupu>
            <KodKrajuNadaniaTIN>PL</KodKrajuNadaniaTIN>
            <NrDostawcy>8522512223</NrDostawcy>
            <NazwaDostawcy>BUFMAX S.C. RAFAŁ SARAFIN, MARZENA MATLEJEWSKA-WOJNO</NazwaDostawcy>
            <DowodZakupu>2577/08/23</DowodZakupu>
            <DataZakupu>2023-08-04</DataZakupu>
            <DataWplywu>2023-08-31</DataWplywu>
            <K_42>85.11</K_42>
            <K_43>19.58</K_43>
        </ZakupWiersz>
        <ZakupWiersz>
            <LpZakupu>39</LpZakupu>
            <KodKrajuNadaniaTIN>PL</KodKrajuNadaniaTIN>
            <NrDostawcy>8512762668</NrDostawcy>
            <NazwaDostawcy>PRZEDSIĘBIORSTWO HANDLOWE "DOMLUX" sp. z o.o.</NazwaDostawcy>
            <DowodZakupu>4933/2023</DowodZakupu>
            <DataZakupu>2023-08-04</DataZakupu>
            <DataWplywu>2023-08-31</DataWplywu>
            <K_42>35.44</K_42>
            <K_43>8.15</K_43>
        </ZakupWiersz>
        <ZakupWiersz>
            <LpZakupu>40</LpZakupu>
            <KodKrajuNadaniaTIN>PL</KodKrajuNadaniaTIN>
            <NrDostawcy>8512762668</NrDostawcy>
            <NazwaDostawcy>PRZEDSIĘBIORSTWO HANDLOWE "DOMLUX" sp. z o.o.</NazwaDostawcy>
            <DowodZakupu>4935/2023</DowodZakupu>
            <DataZakupu>2023-08-04</DataZakupu>
            <DataWplywu>2023-08-31</DataWplywu>
            <K_42>57.42</K_42>
            <K_43>13.21</K_43>
        </ZakupWiersz>
        <ZakupWiersz>
            <LpZakupu>41</LpZakupu>
            <KodKrajuNadaniaTIN>PL</KodKrajuNadaniaTIN>
            <NrDostawcy>5831023182</NrDostawcy>
            <NazwaDostawcy>MOL POLSKA sp. z o.o.</NazwaDostawcy>
            <DowodZakupu>10645/f/297/23</DowodZakupu>
            <DataZakupu>2023-08-05</DataZakupu>
            <DataWplywu>2023-08-31</DataWplywu>
            <K_42>181.27</K_42>
            <K_43>20.84</K_43>
        </ZakupWiersz>
        <ZakupWiersz>
            <LpZakupu>42</LpZakupu>
            <KodKrajuNadaniaTIN>PL</KodKrajuNadaniaTIN>
            <NrDostawcy>5210125578</NrDostawcy>
            <NazwaDostawcy>RICOH POLSKA sp. z o.o.</NazwaDostawcy>
            <DowodZakupu>380208895</DowodZakupu>
            <DataZakupu>2023-08-06</DataZakupu>
            <DataWplywu>2023-08-31</DataWplywu>
            <K_42>379.92</K_42>
            <K_43>87.38</K_43>
        </ZakupWiersz>
        <ZakupWiersz>
            <LpZakupu>43</LpZakupu>
            <KodKrajuNadaniaTIN>PL</KodKrajuNadaniaTIN>
            <NrDostawcy>5271037727</NrDostawcy>
            <NazwaDostawcy>POLKOMTEL sp. z o.o.</NazwaDostawcy>
            <DowodZakupu>2308040689396</DowodZakupu>
            <DataZakupu>2023-08-07</DataZakupu>
            <DataWplywu>2023-08-31</DataWplywu>
            <K_42>668.27</K_42>
            <K_43>153.7</K_43>
        </ZakupWiersz>
        <ZakupWiersz>
            <LpZakupu>44</LpZakupu>
            <KodKrajuNadaniaTIN>PL</KodKrajuNadaniaTIN>
            <NrDostawcy>7740001454</NrDostawcy>
            <NazwaDostawcy>POLSKI KONCERN NAFTOWY ORLEN S.A.</NazwaDostawcy>
            <DowodZakupu>9621k2/219/23</DowodZakupu>
            <DataZakupu>2023-08-07</DataZakupu>
            <DataWplywu>2023-08-31</DataWplywu>
            <K_42>144.60</K_42>
            <K_43>16.63</K_43>
        </ZakupWiersz>
        <ZakupWiersz>
            <LpZakupu>45</LpZakupu>
            <KodKrajuNadaniaTIN>PL</KodKrajuNadaniaTIN>
            <NrDostawcy>8512762668</NrDostawcy>
            <NazwaDostawcy>PRZEDSIĘBIORSTWO HANDLOWE "DOMLUX" sp. z o.o.</NazwaDostawcy>
            <DowodZakupu>4965/2023</DowodZakupu>
            <DataZakupu>2023-08-08</DataZakupu>
            <DataWplywu>2023-08-31</DataWplywu>
            <K_42>169.46</K_42>
            <K_43>38.98</K_43>
        </ZakupWiersz>
        <ZakupWiersz>
            <LpZakupu>46</LpZakupu>
            <KodKrajuNadaniaTIN>PL</KodKrajuNadaniaTIN>
            <NrDostawcy>5260305644</NrDostawcy>
            <NazwaDostawcy>AGORA S.A.</NazwaDostawcy>
            <DowodZakupu>4410/05510/23/wa</DowodZakupu>
            <DataZakupu>2023-08-08</DataZakupu>
            <DataWplywu>2023-08-31</DataWplywu>
            <K_42>18.43</K_42>
            <K_43>1.47</K_43>
        </ZakupWiersz>
        <ZakupWiersz>
            <LpZakupu>47</LpZakupu>
            <KodKrajuNadaniaTIN>PL</KodKrajuNadaniaTIN>
            <NrDostawcy>5831023182</NrDostawcy>
            <NazwaDostawcy>MOL POLSKA sp. z o.o.</NazwaDostawcy>
            <DowodZakupu>12187/f/258/23</DowodZakupu>
            <DataZakupu>2023-08-08</DataZakupu>
            <DataWplywu>2023-08-31</DataWplywu>
            <K_42>69.32</K_42>
            <K_43>7.97</K_43>
        </ZakupWiersz>
        <ZakupWiersz>
            <LpZakupu>48</LpZakupu>
            <KodKrajuNadaniaTIN>PL</KodKrajuNadaniaTIN>
            <NrDostawcy>8512762668</NrDostawcy>
            <NazwaDostawcy>PRZEDSIĘBIORSTWO HANDLOWE "DOMLUX" sp. z o.o.</NazwaDostawcy>
            <DowodZakupu>4994/2023</DowodZakupu>
            <DataZakupu>2023-08-09</DataZakupu>
            <DataWplywu>2023-08-31</DataWplywu>
            <K_42>97.46</K_42>
            <K_43>22.42</K_43>
        </ZakupWiersz>
        <ZakupWiersz>
            <LpZakupu>49</LpZakupu>
            <KodKrajuNadaniaTIN>PL</KodKrajuNadaniaTIN>
            <NrDostawcy>8520009224</NrDostawcy>
            <NazwaDostawcy>SUT Sp. z o.o. Spawalnictwo i Urządzenia Techniczne dla</NazwaDostawcy>
            <DowodZakupu>318/swi/2023</DowodZakupu>
            <DataZakupu>2023-08-09</DataZakupu>
            <DataWplywu>2023-08-31</DataWplywu>
            <K_42>1528.82</K_42>
            <K_43>351.63</K_43>
        </ZakupWiersz>
        <ZakupWiersz>
            <LpZakupu>50</LpZakupu>
            <KodKrajuNadaniaTIN>PL</KodKrajuNadaniaTIN>
            <NrDostawcy>5992334421</NrDostawcy>
            <NazwaDostawcy>KRZYSZTOF Trojanowski Maxi-cargo</NazwaDostawcy>
            <DowodZakupu>70/08/23</DowodZakupu>
            <DataZakupu>2023-08-09</DataZakupu>
            <DataWplywu>2023-08-31</DataWplywu>
            <K_42>12500.00</K_42>
            <K_43>2875.0</K_43>
        </ZakupWiersz>
        <ZakupWiersz>
            <LpZakupu>51</LpZakupu>
            <KodKrajuNadaniaTIN>PL</KodKrajuNadaniaTIN>
            <NrDostawcy>5921006997</NrDostawcy>
            <NazwaDostawcy>PRZEDSIĘBIORSTWO USŁUGOWO-WYTWÓRCZE "STOLMEX" - ŁOJEWSCY SP.J.</NazwaDostawcy>
            <DowodZakupu>63/08/2023</DowodZakupu>
            <DataZakupu>2023-08-09</DataZakupu>
            <DataWplywu>2023-08-31</DataWplywu>
            <K_42>2230.00</K_42>
            <K_43>512.9</K_43>
        </ZakupWiersz>
        <ZakupWiersz>
            <LpZakupu>52</LpZakupu>
            <KodKrajuNadaniaTIN>PL</KodKrajuNadaniaTIN>
            <NrDostawcy>5831023182</NrDostawcy>
            <NazwaDostawcy>MOL POLSKA sp. z o.o.</NazwaDostawcy>
            <DowodZakupu>17278/f/347/23</DowodZakupu>
            <DataZakupu>2023-08-10</DataZakupu>
            <DataWplywu>2023-08-31</DataWplywu>
            <K_42>174.73</K_42>
            <K_43>20.09</K_43>
        </ZakupWiersz>
        <ZakupWiersz>
            <LpZakupu>53</LpZakupu>
            <KodKrajuNadaniaTIN>PL</KodKrajuNadaniaTIN>
            <NrDostawcy>8513073557</NrDostawcy>
            <NazwaDostawcy>Auto Eksport s.c.</NazwaDostawcy>
            <DowodZakupu>485/2023</DowodZakupu>
            <DataZakupu>2023-08-12</DataZakupu>
            <DataWplywu>2023-08-31</DataWplywu>
            <K_42>79.67</K_42>
            <K_43>9.16</K_43>
        </ZakupWiersz>
        <ZakupWiersz>
            <LpZakupu>54</LpZakupu>
            <KodKrajuNadaniaTIN>PL</KodKrajuNadaniaTIN>
            <NrDostawcy>7791011327</NrDostawcy>
            <NazwaDostawcy>JERONIMO MARTINS POLSKA S.A.</NazwaDostawcy>
            <DowodZakupu>4946f01597/823</DowodZakupu>
            <DataZakupu>2023-08-16</DataZakupu>
            <DataWplywu>2023-08-31</DataWplywu>
            <K_42>18.24</K_42>
            <K_43>4.2</K_43>
        </ZakupWiersz>
        <ZakupWiersz>
            <LpZakupu>55</LpZakupu>
            <KodKrajuNadaniaTIN>PL</KodKrajuNadaniaTIN>
            <NrDostawcy>8511294745</NrDostawcy>
            <NazwaDostawcy>INTERTECH Mariusz Kraszewski</NazwaDostawcy>
            <DowodZakupu>617/23</DowodZakupu>
            <DataZakupu>2023-08-16</DataZakupu>
            <DataWplywu>2023-08-31</DataWplywu>
            <K_42>493.27</K_42>
            <K_43>113.45</K_43>
        </ZakupWiersz>
        <ZakupWiersz>
            <LpZakupu>56</LpZakupu>
            <KodKrajuNadaniaTIN>PL</KodKrajuNadaniaTIN>
            <NrDostawcy>8510204510</NrDostawcy>
            <NazwaDostawcy>SERWIS BRAM Krzysztof Chróstowski</NazwaDostawcy>
            <DowodZakupu>15/08/2023</DowodZakupu>
            <DataZakupu>2023-08-16</DataZakupu>
            <DataWplywu>2023-08-31</DataWplywu>
            <K_42>900.00</K_42>
            <K_43>207.0</K_43>
        </ZakupWiersz>
        <ZakupWiersz>
            <LpZakupu>57</LpZakupu>
            <KodKrajuNadaniaTIN>PL</KodKrajuNadaniaTIN>
            <NrDostawcy>8512383072</NrDostawcy>
            <NazwaDostawcy>ELEKTROFLEX Agata Czerniawska</NazwaDostawcy>
            <DowodZakupu>83/mag/08/2023</DowodZakupu>
            <DataZakupu>2023-08-17</DataZakupu>
            <DataWplywu>2023-08-31</DataWplywu>
            <K_42>27.00</K_42>
            <K_43>6.21</K_43>
        </ZakupWiersz>
        <ZakupWiersz>
            <LpZakupu>58</LpZakupu>
            <KodKrajuNadaniaTIN>PL</KodKrajuNadaniaTIN>
            <NrDostawcy>8511020829</NrDostawcy>
            <NazwaDostawcy>ZINK POWER SZCZECIN SP. Z O.O.</NazwaDostawcy>
            <DowodZakupu>153/08/23/kr</DowodZakupu>
            <DataZakupu>2023-08-17</DataZakupu>
            <DataWplywu>2023-08-31</DataWplywu>
            <K_42>2770.00</K_42>
            <K_43>637.1</K_43>
        </ZakupWiersz>
        <ZakupWiersz>
            <LpZakupu>59</LpZakupu>
            <KodKrajuNadaniaTIN>PL</KodKrajuNadaniaTIN>
            <NrDostawcy>8512762668</NrDostawcy>
            <NazwaDostawcy>PRZEDSIĘBIORSTWO HANDLOWE "DOMLUX" sp. z o.o.</NazwaDostawcy>
            <DowodZakupu>5200/2023</DowodZakupu>
            <DataZakupu>2023-08-17</DataZakupu>
            <DataWplywu>2023-08-31</DataWplywu>
            <K_42>25.48</K_42>
            <K_43>5.86</K_43>
        </ZakupWiersz>
        <ZakupWiersz>
            <LpZakupu>60</LpZakupu>
            <KodKrajuNadaniaTIN>PL</KodKrajuNadaniaTIN>
            <NrDostawcy>7962529457</NrDostawcy>
            <NazwaDostawcy>Laboratorium Badawczo - Usługowe PROTON Michał Obrzydziński</NazwaDostawcy>
            <DowodZakupu>106/08/2023</DowodZakupu>
            <DataZakupu>2023-08-17</DataZakupu>
            <DataWplywu>2023-08-31</DataWplywu>
            <K_42>398.37</K_42>
            <K_43>91.63</K_43>
        </ZakupWiersz>
        <ZakupWiersz>
            <LpZakupu>61</LpZakupu>
            <KodKrajuNadaniaTIN>PL</KodKrajuNadaniaTIN>
            <NrDostawcy>8511127941</NrDostawcy>
            <NazwaDostawcy>Leon Dziurleja Nieruchomości</NazwaDostawcy>
            <DowodZakupu>25/08/2023</DowodZakupu>
            <DataZakupu>2023-08-18</DataZakupu>
            <DataWplywu>2023-08-31</DataWplywu>
            <K_42>26000.00</K_42>
            <K_43>5980.0</K_43>
        </ZakupWiersz>
        <ZakupWiersz>
            <LpZakupu>62</LpZakupu>
            <KodKrajuNadaniaTIN>PL</KodKrajuNadaniaTIN>
            <NrDostawcy>9511998317</NrDostawcy>
            <NazwaDostawcy>RYWAL-RHC SP. Z O.O.</NazwaDostawcy>
            <DowodZakupu>2783/2023/s009</DowodZakupu>
            <DataZakupu>2023-08-20</DataZakupu>
            <DataWplywu>2023-08-31</DataWplywu>
            <K_42>950.00</K_42>
            <K_43>218.5</K_43>
        </ZakupWiersz>
        <ZakupWiersz>
            <LpZakupu>63</LpZakupu>
            <KodKrajuNadaniaTIN>PL</KodKrajuNadaniaTIN>
            <NrDostawcy>8551501280</NrDostawcy>
            <NazwaDostawcy>PERKUN S.C. WANDA KONDEJ, ŁUKASZ PRZYSZLAK, Joanna Ulaczyk-surowiec</NazwaDostawcy>
            <DowodZakupu>4618/2023</DowodZakupu>
            <DataZakupu>2023-08-21</DataZakupu>
            <DataWplywu>2023-08-31</DataWplywu>
            <K_42>239.84</K_42>
            <K_43>55.16</K_43>
        </ZakupWiersz>
        <ZakupWiersz>
            <LpZakupu>64</LpZakupu>
            <KodKrajuNadaniaTIN>PL</KodKrajuNadaniaTIN>
            <NrDostawcy>6341226820</NrDostawcy>
            <NazwaDostawcy>TEST-TECH Marian Knapik</NazwaDostawcy>
            <DowodZakupu>293/2023</DowodZakupu>
            <DataZakupu>2023-08-21</DataZakupu>
            <DataWplywu>2023-08-31</DataWplywu>
            <K_42>500.00</K_42>
            <K_43>115.0</K_43>
        </ZakupWiersz>
        <ZakupWiersz>
            <LpZakupu>65</LpZakupu>
            <KodKrajuNadaniaTIN>PL</KodKrajuNadaniaTIN>
            <NrDostawcy>7740001454</NrDostawcy>
            <NazwaDostawcy>POLSKI KONCERN NAFTOWY ORLEN S.A.</NazwaDostawcy>
            <DowodZakupu>6030j1/217/23</DowodZakupu>
            <DataZakupu>2023-08-21</DataZakupu>
            <DataWplywu>2023-08-31</DataWplywu>
            <K_42>166.08</K_42>
            <K_43>19.1</K_43>
        </ZakupWiersz>
        <ZakupWiersz>
            <LpZakupu>66</LpZakupu>
            <KodKrajuNadaniaTIN>PL</KodKrajuNadaniaTIN>
            <NrDostawcy>8512740158</NrDostawcy>
            <NazwaDostawcy>Megalux Sp. z o.o.</NazwaDostawcy>
            <DowodZakupu>3438/mg/2023</DowodZakupu>
            <DataZakupu>2023-08-22</DataZakupu>
            <DataWplywu>2023-08-31</DataWplywu>
            <K_42>329.13</K_42>
            <K_43>75.7</K_43>
        </ZakupWiersz>
        <ZakupWiersz>
            <LpZakupu>67</LpZakupu>
            <KodKrajuNadaniaTIN>PL</KodKrajuNadaniaTIN>
            <NrDostawcy>8513189886</NrDostawcy>
            <NazwaDostawcy>KRYSTIAN sp. z o.o. sp.k.</NazwaDostawcy>
            <DowodZakupu>1254/08/2023/t</DowodZakupu>
            <DataZakupu>2023-08-22</DataZakupu>
            <DataWplywu>2023-08-31</DataWplywu>
            <K_42>34.40</K_42>
            <K_43>7.91</K_43>
        </ZakupWiersz>
        <ZakupWiersz>
            <LpZakupu>68</LpZakupu>
            <KodKrajuNadaniaTIN>PL</KodKrajuNadaniaTIN>
            <NrDostawcy>8520009224</NrDostawcy>
            <NazwaDostawcy>SUT Sp. z o.o. Spawalnictwo i Urządzenia Techniczne dla</NazwaDostawcy>
            <DowodZakupu>326/swi/2023</DowodZakupu>
            <DataZakupu>2023-08-23</DataZakupu>
            <DataWplywu>2023-08-31</DataWplywu>
            <K_42>650.00</K_42>
            <K_43>149.5</K_43>
        </ZakupWiersz>
        <ZakupWiersz>
            <LpZakupu>69</LpZakupu>
            <KodKrajuNadaniaTIN>PL</KodKrajuNadaniaTIN>
            <NrDostawcy>8512762668</NrDostawcy>
            <NazwaDostawcy>PRZEDSIĘBIORSTWO HANDLOWE "DOMLUX" sp. z o.o.</NazwaDostawcy>
            <DowodZakupu>5323/2023</DowodZakupu>
            <DataZakupu>2023-08-24</DataZakupu>
            <DataWplywu>2023-08-31</DataWplywu>
            <K_42>169.46</K_42>
            <K_43>38.98</K_43>
        </ZakupWiersz>
        <ZakupWiersz>
            <LpZakupu>70</LpZakupu>
            <KodKrajuNadaniaTIN>PL</KodKrajuNadaniaTIN>
            <NrDostawcy>8512762668</NrDostawcy>
            <NazwaDostawcy>PRZEDSIĘBIORSTWO HANDLOWE "DOMLUX" sp. z o.o.</NazwaDostawcy>
            <DowodZakupu>5322/2023</DowodZakupu>
            <DataZakupu>2023-08-24</DataZakupu>
            <DataWplywu>2023-08-31</DataWplywu>
            <K_42>120.59</K_42>
            <K_43>27.74</K_43>
        </ZakupWiersz>
        <ZakupWiersz>
            <LpZakupu>71</LpZakupu>
            <KodKrajuNadaniaTIN>PL</KodKrajuNadaniaTIN>
            <NrDostawcy>9552354686</NrDostawcy>
            <NazwaDostawcy>Hurtostal 2 Sp. z o.o.</NazwaDostawcy>
            <DowodZakupu>663/hs/08/2023</DowodZakupu>
            <DataZakupu>2023-08-24</DataZakupu>
            <DataWplywu>2023-08-31</DataWplywu>
            <K_42>254.40</K_42>
            <K_43>58.51</K_43>
        </ZakupWiersz>
        <ZakupWiersz>
            <LpZakupu>72</LpZakupu>
            <KodKrajuNadaniaTIN>PL</KodKrajuNadaniaTIN>
            <NrDostawcy>8521725388</NrDostawcy>
            <NazwaDostawcy>Baltic Polska Dariusz Kośmider</NazwaDostawcy>
            <DowodZakupu>63/08/23/dk</DowodZakupu>
            <DataZakupu>2023-08-24</DataZakupu>
            <DataWplywu>2023-08-31</DataWplywu>
            <K_42>3830.00</K_42>
            <K_43>880.9</K_43>
        </ZakupWiersz>
        <ZakupWiersz>
            <LpZakupu>73</LpZakupu>
            <KodKrajuNadaniaTIN>PL</KodKrajuNadaniaTIN>
            <NrDostawcy>5831023182</NrDostawcy>
            <NazwaDostawcy>MOL POLSKA sp. z o.o.</NazwaDostawcy>
            <DowodZakupu>18369/f/347/23</DowodZakupu>
            <DataZakupu>2023-08-24</DataZakupu>
            <DataWplywu>2023-08-31</DataWplywu>
            <K_42>229.25</K_42>
            <K_43>26.36</K_43>
        </ZakupWiersz>
        <ZakupWiersz>
            <LpZakupu>74</LpZakupu>
            <KodKrajuNadaniaTIN>PL</KodKrajuNadaniaTIN>
            <NrDostawcy>6793106652</NrDostawcy>
            <NazwaDostawcy>BIURO TECHNICZNO-HANDLOWE BTH IMPORT STAL sp. z o.o.</NazwaDostawcy>
            <DowodZakupu>6450/23/ll</DowodZakupu>
            <DataZakupu>2023-08-28</DataZakupu>
            <DataWplywu>2023-08-31</DataWplywu>
            <K_42>1348.92</K_42>
            <K_43>310.25</K_43>
        </ZakupWiersz>
        <ZakupWiersz>
            <LpZakupu>75</LpZakupu>
            <KodKrajuNadaniaTIN>PL</KodKrajuNadaniaTIN>
            <NrDostawcy>6793106652</NrDostawcy>
            <NazwaDostawcy>BIURO TECHNICZNO-HANDLOWE BTH IMPORT STAL sp. z o.o.</NazwaDostawcy>
            <DowodZakupu>6451/23/ll</DowodZakupu>
            <DataZakupu>2023-08-28</DataZakupu>
            <DataWplywu>2023-08-31</DataWplywu>
            <K_42>3075.00</K_42>
            <K_43>707.25</K_43>
        </ZakupWiersz>
        <ZakupWiersz>
            <LpZakupu>76</LpZakupu>
            <KodKrajuNadaniaTIN>PL</KodKrajuNadaniaTIN>
            <NrDostawcy>9511998317</NrDostawcy>
            <NazwaDostawcy>RYWAL-RHC SP. Z O.O.</NazwaDostawcy>
            <DowodZakupu>287/2023/d009</DowodZakupu>
            <DataZakupu>2023-08-28</DataZakupu>
            <DataWplywu>2023-08-31</DataWplywu>
            <K_42>2901.61</K_42>
            <K_43>667.37</K_43>
        </ZakupWiersz>
        <ZakupWiersz>
            <LpZakupu>77</LpZakupu>
            <KodKrajuNadaniaTIN>PL</KodKrajuNadaniaTIN>
            <NrDostawcy>1231276257</NrDostawcy>
            <NazwaDostawcy>IRIS-BUD sp. z o.o.</NazwaDostawcy>
            <DowodZakupu>28/08/2023</DowodZakupu>
            <DataZakupu>2023-08-28</DataZakupu>
            <DataWplywu>2023-08-31</DataWplywu>
            <K_42>375.00</K_42>
            <K_43>86.25</K_43>
        </ZakupWiersz>
        <ZakupWiersz>
            <LpZakupu>78</LpZakupu>
            <KodKrajuNadaniaTIN>PL</KodKrajuNadaniaTIN>
            <NrDostawcy>8511021651</NrDostawcy>
            <NazwaDostawcy>OLAN SERWIS ELEKTROMECHANIKA DŹWIGOWA Andrzej Olszewski</NazwaDostawcy>
            <DowodZakupu>06/08/2023</DowodZakupu>
            <DataZakupu>2023-08-28</DataZakupu>
            <DataWplywu>2023-08-31</DataWplywu>
            <K_42>600.00</K_42>
            <K_43>138.0</K_43>
        </ZakupWiersz>
        <ZakupWiersz>
            <LpZakupu>79</LpZakupu>
            <KodKrajuNadaniaTIN>PL</KodKrajuNadaniaTIN>
            <NrDostawcy>8512383072</NrDostawcy>
            <NazwaDostawcy>ELEKTROFLEX Agata Czerniawska</NazwaDostawcy>
            <DowodZakupu>139/mag/08/2023</DowodZakupu>
            <DataZakupu>2023-08-28</DataZakupu>
            <DataWplywu>2023-08-31</DataWplywu>
            <K_42>122.47</K_42>
            <K_43>28.17</K_43>
        </ZakupWiersz>
        <ZakupWiersz>
            <LpZakupu>80</LpZakupu>
            <KodKrajuNadaniaTIN>PL</KodKrajuNadaniaTIN>
            <NrDostawcy>9511998317</NrDostawcy>
            <NazwaDostawcy>RYWAL-RHC SP. Z O.O.</NazwaDostawcy>
            <DowodZakupu>3866/2023/s009</DowodZakupu>
            <DataZakupu>2023-08-29</DataZakupu>
            <DataWplywu>2023-08-31</DataWplywu>
            <K_42>147.50</K_42>
            <K_43>33.93</K_43>
        </ZakupWiersz>
        <ZakupWiersz>
            <LpZakupu>81</LpZakupu>
            <KodKrajuNadaniaTIN>PL</KodKrajuNadaniaTIN>
            <NrDostawcy>8512762668</NrDostawcy>
            <NazwaDostawcy>PRZEDSIĘBIORSTWO HANDLOWE "DOMLUX" sp. z o.o.</NazwaDostawcy>
            <DowodZakupu>5425/2023</DowodZakupu>
            <DataZakupu>2023-08-29</DataZakupu>
            <DataWplywu>2023-08-31</DataWplywu>
            <K_42>213.13</K_42>
            <K_43>49.02</K_43>
        </ZakupWiersz>
        <ZakupWiersz>
            <LpZakupu>82</LpZakupu>
            <KodKrajuNadaniaTIN>PL</KodKrajuNadaniaTIN>
            <NrDostawcy>8513189886</NrDostawcy>
            <NazwaDostawcy>KRYSTIAN sp. z o.o. sp.k.</NazwaDostawcy>
            <DowodZakupu>1887/08/2023/t</DowodZakupu>
            <DataZakupu>2023-08-30</DataZakupu>
            <DataWplywu>2023-08-31</DataWplywu>
            <K_42>58.48</K_42>
            <K_43>13.45</K_43>
        </ZakupWiersz>
        <ZakupWiersz>
            <LpZakupu>83</LpZakupu>
            <KodKrajuNadaniaTIN>PL</KodKrajuNadaniaTIN>
            <NrDostawcy>8511495484</NrDostawcy>
            <NazwaDostawcy>Alfa C Ireneusz Kaczmara</NazwaDostawcy>
            <DowodZakupu>48/23</DowodZakupu>
            <DataZakupu>2023-08-31</DataZakupu>
            <DataWplywu>2023-08-31</DataWplywu>
            <K_42>780.00</K_42>
            <K_43>179.4</K_43>
        </ZakupWiersz>
        <ZakupWiersz>
            <LpZakupu>84</LpZakupu>
            <KodKrajuNadaniaTIN>PL</KodKrajuNadaniaTIN>
            <NrDostawcy>5831023182</NrDostawcy>
            <NazwaDostawcy>MOL POLSKA sp. z o.o.</NazwaDostawcy>
            <DowodZakupu>FLBP/6730/2023</DowodZakupu>
            <DataZakupu>2023-08-31</DataZakupu>
            <DataWplywu>2023-08-31</DataWplywu>
            <K_42>4657.37</K_42>
            <K_43>1071.19</K_43>
        </ZakupWiersz>
        <ZakupCtrl>
            <LiczbaWierszyZakupow>84</LiczbaWierszyZakupow>
            <PodatekNaliczony>45921.50</PodatekNaliczony>
        </ZakupCtrl>
    </Ewidencja>
</JPK>
